sample_name	productive_frequency	reads	amino_acid	rearrangement	v_resolved	d_resolved	j_resolved
PD1_Patient16_Post	na	9	na	CTCAGCCATGTACTTCTGTGCCAGCAGTAGGGAGGTGAGTTTTAATGTCGTCGGCCTGACGTGATCTATGGCTACACCTTCGGTTCG	TCRBV02-01*01	TCRBD02-01*02	TCRBJ01-02*01
PD1_Patient16_Post	na	58	na	CTCACCAGGCCTGGGGGACGCAGCCATGTACCTGTGTGCCACCAGCAGATTCCCCGTACATCCGCCGACGAGCAGTACTTCGGGCCG	TCRBV15-01*01	TCRBD01-01*01	TCRBJ02-07*01
PD1_Patient16_Post	na	294	na	TGACCAGTGCCCATCCTGAAGACAGCAGCTTCTACATCTGCAGTGCTAGAGGGAACAGTGATCTCCTACGAGCAGTACTTCGGGCCG	unresolved	TCRBD01-01*01	TCRBJ02-07*01
PD1_Patient16_Post	na	2	na	ACACACCCTGCAGCCAGAAGACTCGGCCCTGTATCTCTGTGCCAGCAGCCAAGCTGAGGGGGGGCCCGGGAGCTGTTTTTTGGAGAA	TCRBV04-02*01	TCRBD02-01*01	TCRBJ02-02*01
PD1_Patient16_Post	na	6	na	CAAAGCTGGAGGACTCAGCCATGTACTTCTGTGCCAGCAGTGAAGGCCCGGGGGGGAAGCTCCTACAATGAGCAGTTCTTCGGGCCA	TCRBV02-01*01	TCRBD02-01*01	TCRBJ02-01*01
PD1_Patient16_Post	na	2	na	CATGGAACCCAGGGACTTGGGCCTATATTTCTGTGCCAGCAGTGACGCTAGCTAGGCTTGAGTCGACACGAGCAGTACTTCGGGCCA	TCRBV12-01*01	TCRBD02-01	TCRBJ02-05*01
PD1_Patient16_Post	na	141	na	GGAGATCCAGTCCACGGAGTCAGGGGACACAGCACTGTATTTCTGTGCCAGCAGCATTTAGGGGGCTACGAGCAGTACTTCGGGCCG	TCRBV21-01*01	TCRBD01-01*01	TCRBJ02-07*01
PD1_Patient16_Post	na	12	na	CGCCAGCACCAACCAGACATCTATGTACCTCTGTGCCAGCAGTTCCCCCCCCCGGGGCCTAGCTCCTACGAGCAGTACTTCGGGCCG	TCRBV28-01*01	unresolved	TCRBJ02-07*01
PD1_Patient16_Post	na	72	na	CACCAACCAGACATCTATGTACCTCTGTGCCAGCAGCTCTAATGTGGGACAGGGAACCTCTAGGGAAACACCATATATTTTGGAGAG	TCRBV28-01*01	TCRBD01-01*01	TCRBJ01-03*01
PD1_Patient16_Post	na	304	na	CCAACCAGACCTCTCTGTACTTCTGTGCCAGCAGTTTCTCACCTTCGGGACAGCTTGGAAGGTAATTCACCCCTCCACTTTGGGAAC	TCRBV27-01*01	TCRBD01-01*01	TCRBJ01-06*01
PD1_Patient16_Post	na	4	na	ACACCCTGCAGCCAGAAGACTCGGCCCTGTATCTCTGTGCCAGCAGCCAAGCTGAGGGGGGGGGCCCGGGAGCTGTTTTTTGGAGAA	TCRBV04-02*01	TCRBD02-01*01	TCRBJ02-02*01
PD1_Patient16_Post	na	43	na	CCTGGGGGACGCAGCCATGTACCTGTGTGCCACCAGCAGACATTACGGACCGACGGGACCTATAATTCACCCCTCCACTTTGGGAAC	TCRBV15-01*01	TCRBD02-01*02	TCRBJ01-06*01
PD1_Patient16_Post	na	2	na	GCTGGAGGACTCAGCCATGTACTTCTGTGCCAGCAGTGAACCGAGACAGGGGAGTTTAGCCGAACCTACGAGCAGTACTTCGGGCCG	TCRBV02-01*01	TCRBD01-01*01	TCRBJ02-07*01
PD1_Patient16_Post	na	247	na	GCTTGGTGACTCTGCTGTGTATTTCTGTGCCAGCAGCCAAGATTGGGGACTAGCGGGGAGAGCACAGATACGCAGTATTTTGGCCCA	unresolved	TCRBD02-01*01	TCRBJ02-03*01
PD1_Patient16_Post	na	3	na	GATCCTGGAGTCGCCCAGCCCCAACCAGACCTCTCTGTACTTCTGTGCCAGCTCATGCCCCTAAGTCAGCCCCAGCATTTTGGTGAT	TCRBV27-01*01	TCRBD02-01	TCRBJ01-05*01
PD1_Patient16_Post	na	2	na	TGACTGTGAGCAACATGAGCCCTGAAGACAGCAGCATATCTCTGCAGCGGCCGGGACAGGGCAGACAATGAGCAGTTCTTCGGGCCA	TCRBV29-01*01	TCRBD01-01*01	TCRBJ02-01*01
PD1_Patient16_Post	na	13	na	GGAGATCCAGTCCACGGAGTCAGGGGGCACAGCACTGTATTTCTGTGCCAGCAGCATTTAGGGGGCTACGAGCAGTACTTCGGGCCG	TCRBV21-01*01	TCRBD01-01*01	TCRBJ02-07*01
PD1_Patient16_Post	na	56	na	CCTGGAGTCGCCCAGCCCCAACCAGACCTCTCTGTACTTCTGTGCCAGCAAGTTTGCGGTTCCTACAATGAGCAGTTCTTCGGGCCA	TCRBV27-01*01	TCRBD02-01	TCRBJ02-01*01
PD1_Patient16_Post	na	173	na	GTCCCTAGAGTCTGCCATCCCCAACCAGACAGCTCTTTACTTCTGGCCCCAGGGGGGGCACAAAACACTGAAGCTTTCTTTGGACAA	unresolved	unresolved	TCRBJ01-01*01
PD1_Patient16_Post	na	22	na	CCACTCTGACAGTGACCAGTGCCCATCCTGAAGACAGCAGCTTCTACATCTGCAGTGCTGGGGCCCTACGAGCAGTACTTCGGGCCG	TCRBV20-01*01	TCRBD01-01*01	TCRBJ02-07*01
PD1_Patient16_Post	na	12	na	CACAAAGCTGGAGGACTCAGCCATGTACTTCTGTGCCAGCAGTGAAGGCCCGGGGGAAGCTCCTACAATGAGCAGTTCTTCGGGCCA	TCRBV02-01*01	TCRBD02-01*01	TCRBJ02-01*01
PD1_Patient16_Post	0.681964337912891	9332	CASSEGPGGSSYNEQFF	ACAAAGCTGGAGGACTCAGCCATGTACTTCTGTGCCAGCAGTGAAGGCCCGGGGGGAAGCTCCTACAATGAGCAGTTCTTCGGGCCA	TCRBV02-01*01	TCRBD02-01*01	TCRBJ02-01*01
PD1_Patient16_Post	0.050496930722011106	691	RASSLGRRGSSYNSPLHF	GAGCAGGGGGACTCAGCCGCGTATCTCCGTGCCAGCAGCTTAGGTAGGAGGGGTAGCTCCTATAATTCACCCCTCCACTTTGGGAAC	TCRBV07-03*03	TCRBD02-01*02	TCRBJ01-06*01
PD1_Patient16_Post	0.025211926337328265	345	CASSEITEAFF	ACTCTGAAGATCCGGTCCACAAAGCTGGAGGACTCAGCCATGTACTTCTGTGCCAGCAGTGAGATAACTGAAGCTTTCTTTGGACAA	TCRBV02-01*01	unresolved	TCRBJ01-01*01
PD1_Patient16_Post	0.023969599532300497	328	CASSQDSPGGYNEQFF	TCCCTGGAGCTTGGTGACTCTGCTGTGTATTTCTGTGCCAGCAGCCAAGATTCTCCAGGGGGATACAATGAGCAGTTCTTCGGGCCA	unresolved	TCRBD01-01*01	TCRBJ02-01*01
PD1_Patient16_Post	0.01666179479684303	228	CASSEGLSGSYEQYF	GAGTCGGCTGCTCCCTCCCAGACATCTGTGTACTTCTGTGCCAGCAGTGAAGGTCTAAGCGGTTCCTACGAGCAGTACTTCGGGCCG	TCRBV06-01*01	TCRBD02-01	TCRBJ02-07*01
PD1_Patient16_Post	0.01607717041800643	220	CASRQANTEAFF	CTCACTGTGACATCGGCCCAAAAGAACCCGACAGCTTTCTATCTCTGTGCCAGTAGGCAGGCTAACACTGAAGCTTTCTTTGGACAA	TCRBV19-01	TCRBD01-01*01	TCRBJ01-01*01
PD1_Patient16_Post	0.015054077755042385	206	CASGTEAFF	AATTTCCTGCTGGGGTTGGAGTCGGCTGCTCCCTCCCAAACATCTGTGTACTTCTGTGCCAGCGGGACTGAAGCTTTCTTTGGACAA	unresolved	unresolved	TCRBJ01-01*01
PD1_Patient16_Post	0.014834843612978661	203	CASSQGPTYTGELFF	AATTCCCTGGAGCTTGGTGACTCTGCTGTGTATTTCTGTGCCAGCAGCCAAGGTCCAACCTACACCGGGGAGCTGTTTTTTGGAGAA	unresolved	unresolved	TCRBJ02-02*01
PD1_Patient16_Post	0.013080970476468869	179	CASSLGAGARYEQYF	CAGCGCACAGAGCAGGGGGACTCGGCCATGTATCTCTGTGCCAGCAGCTTAGGAGCGGGGGCCAGATACGAGCAGTACTTCGGGCCG	TCRBV07-09	TCRBD02-01*01	TCRBJ02-07*01
PD1_Patient16_Post	0.01059631686641333	145	CASSLAGTGELFF	AATGTGAGCACCTTGGAGCTGGGGGACTCGGCCCTTTATCTTTGCGCCAGCAGCTTGGCAGGCACCGGGGAGCTGTTTTTTGGAGAA	TCRBV05-01*01	TCRBD01-01*01	TCRBJ02-02*01
PD1_Patient16_Post	0.010230926629640456	140	CASSLGPSTEQYF	AAGATCCAGCCCTCAGAACCCAGGGACTCAGCTGTGTACTTCTGTGCCAGCAGTTTAGGCCCCAGTACCGAGCAGTACTTCGGGCCG	unresolved	TCRBD01-01*01	TCRBJ02-07*01
PD1_Patient16_Post	0.008988599824612687	123	CASSLSGRADRELFF	CAGCCTGCAGAGCTTGGGGACTCGGCCGTGTATCTCTGTGCCAGCAGCCTCAGCGGGAGGGCCGACCGGGAGCTGTTTTTTGGAGAA	TCRBV11-03*01	TCRBD02-01*02	TCRBJ02-02*01
PD1_Patient16_Post	0.008915521777258111	122	CSARETSGRGGNTQYF	AGTGCCCATCCTGAAGACAGCAGCTTCTACATCTGCAGTGCTAGAGAGACTAGCGGGAGAGGGGGGAATACGCAGTATTTTGGCCCA	unresolved	TCRBD02-01*02	TCRBJ02-03*01
PD1_Patient16_Post	0.008257819351066939	113	CASSPQPGANVLTF	CTGAGCTCTCTGGAGCTGGGGGACTCAGCTTTGTATTTCTGTGCCAGCAGCCCTCAGCCCGGGGCCAACGTCCTGACTTTCGGGGCC	TCRBV09-01	unresolved	TCRBJ02-06*01
PD1_Patient16_Post	0.00811166325635779	111	CASSVGTDYGYTF	AACCTGAGCTCTCTGGAGCTGGGGGACTCAGCTTTGTATTTCTGTGCCAGCAGCGTAGGGACAGACTATGGCTACACCTTCGGTTCG	TCRBV09-01	TCRBD01-01*01	TCRBJ01-02*01
PD1_Patient16_Post	0.007746273019584917	106	CASGTGGNEQYF	CTCACTGTGACATCGGCCCAAAAGAACCCGACAGCTTTCTATCTCTGTGCCAGTGGGACAGGGGGCAACGAGCAGTACTTCGGGCCG	TCRBV19-01	TCRBD01-01*01	TCRBJ02-07*01
PD1_Patient16_Post	0.007307804735457469	100	CASSLGVPGANVLTF	CAGCGCACAGAGCAGGGGGACTCGGCCATGTATCTCTGTGCCAGCAGCTTAGGGGTCCCTGGGGCCAACGTCCTGACTTTCGGGGCC	TCRBV07-09	unresolved	TCRBJ02-06*01
PD1_Patient16_Post	0.0070154925460391695	96	CASSQAEGGARELFF	CACACCCTGCAGCCAGAAGACTCGGCCCTGTATCTCTGTGCCAGCAGCCAAGCTGAGGGGGGGGCCCGGGAGCTGTTTTTTGGAGAA	TCRBV04-02*01	TCRBD02-01*01	TCRBJ02-02*01
PD1_Patient16_Post	0.005553931598947676	76	CASKTRDRDVDEQFF	CGGTCCACAAAGCTGGAGGACTCAGCCATGTACTTCTGTGCCAGCAAAACCCGGGACAGGGATGTCGATGAGCAGTTCTTCGGGCCA	TCRBV02-01*01	TCRBD01-01*01	TCRBJ02-01*01
PD1_Patient16_Post	0.005553931598947676	76	CASRKPGQASYEQYF	AACGCCTTGTTGCTGGGGGACTCGGCCCTGTATCTCTGTGCCAGCAGAAAACCGGGACAGGCCTCCTACGAGCAGTACTTCGGGCCG	TCRBV05-05*01	TCRBD01-01*01	TCRBJ02-07*01
PD1_Patient16_Post	0.00467699503069278	64	CASSVYDRGIGTEAFF	TCTCTGGAGCTGGGGGACTCAGCTTTGTATTTCTGTGCCAGCAGCGTATACGACAGGGGGATTGGTACTGAAGCTTTCTTTGGACAA	TCRBV09-01	TCRBD01-01*01	TCRBJ01-01*01
PD1_Patient16_Post	0.0046039169833382056	63	CASSGGVRTYGYTF	CTGAGCTCTCTGGAGCTGGGGGACTCAGCTTTGTATTTCTGTGCCAGCAGCGGGGGGGTCCGAACATATGGCTACACCTTCGGTTCG	TCRBV09-01	TCRBD02-01*01	TCRBJ01-02*01
PD1_Patient16_Post	0.0043846828412744815	60	CASSEGTVSNTGELFF	TCTCTGGAGCTGGGGGACTCAGCTTTGTATTTCTGTGCCAGCAGCGAGGGGACAGTCTCGAACACCGGGGAGCTGTTTTTTGGAGAA	TCRBV09-01	TCRBD01-01*01	TCRBJ02-02*01
PD1_Patient16_Post	0.0043116047939199065	59	CSARDYTSGAYEQYF	ACCAGTGCCCATCCTGAAGACAGCAGCTTCTACATCTGCAGTGCTAGAGATTATACTAGCGGGGCCTACGAGCAGTACTTCGGGCCG	unresolved	TCRBD02-01*01	TCRBJ02-07*01
PD1_Patient16_Post	0.003800058462437884	52	CASSLGTASNEKLFF	CAGCGCACACAGCAGGAGGACTCGGCCGTGTATCTCTGTGCCAGCAGCCTCGGGACAGCCAGTAATGAAAAACTGTTTTTTGGCAGT	TCRBV07-02*01	TCRBD01-01*01	TCRBJ01-04*01
PD1_Patient16_Post	0.0036539023677287343	50	CSGRDRADNEQFF	ACTGTGAGCAACATGAGCCCTGAAGACAGCAGCATATATCTCTGCAGCGGCCGGGACAGGGCAGACAATGAGCAGTTCTTCGGGCCA	TCRBV29-01*01	TCRBD01-01*01	TCRBJ02-01*01
PD1_Patient16_Post	0.0035077462730195848	48	CASSVDSGRGETQYF	AGCTCTCTGGAGCTGGGGGACTCAGCTTTGTATTTCTGTGCCAGCAGCGTAGATAGCGGGAGAGGTGAGACCCAGTACTTCGGGCCA	TCRBV09-01	TCRBD02-01*02	TCRBJ02-05*01
PD1_Patient16_Post	0.0032885121309558607	45	CASSEVGSRFSGANVLTF	GCTCCCTCCCAGACATCTGTGTACTTCTGTGCCAGCAGCGAGGTAGGCAGCCGATTCTCTGGGGCCAACGTCCTGACTTTCGGGGCC	unresolved	TCRBD02-01*02	TCRBJ02-06*01
PD1_Patient16_Post	0.0028500438468284125	39	C	AGTGTCTCTCGACACTGTGGTGCCTCAAGGTGTCCCACAGGAGGCGCCTGAGACCCTGGATGCCAGGAAGGGGTTAGGTGTGGAGAG	unresolved	unresolved	TCRBJ01-03*01
PD1_Patient16_Post	0.0027038877521192634	37	CASSSERGQGREQYF	CAGCGCACAGAGCAGCGGGACTCGGCCATGTATCGCTGTGCCAGCAGCTCAGAGAGGGGACAGGGGCGCGAGCAGTACTTCGGGCCG	TCRBV07-06*01	TCRBD01-01*01	TCRBJ02-07*01
PD1_Patient16_Post	0.00233849751534639	32	CASSYAGPDTQYF	AAGATCCAGCCCTCAGAACCCAGGGACTCAGCTGTGTACTTCTGTGCCAGCAGTTATGCGGGCCCAGATACGCAGTATTTTGGCCCA	unresolved	TCRBD02-01	TCRBJ02-03*01
PD1_Patient16_Post	0.0021923414206372407	30	CASSKPGHAYNEQFF	CAGTCCACGGAGTCAGGGGACACAGCACTGTATTTCTGTGCCAGCAGCAAGCCGGGACACGCTTACAATGAGCAGTTCTTCGGGCCA	TCRBV21-01*01	TCRBD01-01*01	TCRBJ02-01*01
PD1_Patient16_Post	0.0020461853259280912	28	CSAGLEGAKNIQYF	GTGACCAGTGCCCATCCTGAAGACAGCAGCTTCTACATCTGCAGTGCTGGACTAGAGGGGGCCAAAAACATTCAGTACTTCGGCGCC	unresolved	TCRBD02-01	TCRBJ02-04*01
PD1_Patient16_Post	0.001607717041800643	22	CSASFGRAGQGVSGANVLTF	GAAGACAGCAGCTTCTACATCTGCAGTGCTAGCTTCGGGAGGGCGGGACAGGGGGTGTCTGGGGCCAACGTCCTGACTTTCGGGGCC	unresolved	TCRBD01-01*01	TCRBJ02-06*01
PD1_Patient16_Post	0.0015346389944460683	21	CASSVESGGLGNEQFF	TCTCTGGAGCTGGGGGACTCAGCTTTGTATTTCTGTGCCAGCAGCGTAGAATCCGGGGGCCTTGGGAATGAGCAGTTCTTCGGGCCA	TCRBV09-01	unresolved	TCRBJ02-01*01
PD1_Patient16_Post	0.0013154048523823444	18	CASSFERGGDTQYF	ATCCAGCGCACACAGCAGGAGGACTCGGCCGTGTATCTCTGTGCCAGCAGCTTTGAGCGGGGAGGGGATACGCAGTATTTTGGCCCA	TCRBV07-02*01	TCRBD02-01	TCRBJ02-03*01
PD1_Patient16_Post	0.0010230926629640456	14	CSARDPSGSTDTQYF	ACCAGTGCCCATCCTGAAGACAGCAGCTTCTACATCTGCAGTGCTAGAGATCCAAGCGGGAGTACAGATACGCAGTATTTTGGCCCA	unresolved	TCRBD02-01*02	TCRBJ02-03*01
PD1_Patient16_Post	3.6539023677287344E-4	5	CASSGQFLNYEQYF	CTGGAGTCGGCTGCTCCCTCCCAGACATCTGTGTACTTCTGTGCCAGCAGTGGACAGTTTCTGAACTACGAGCAGTACTTCGGGCCG	TCRBV06-01*01	TCRBD01-01*01	TCRBJ02-07*01
PD1_Patient16_Post	3.6539023677287344E-4	5	CASSPGTGGYEQYF	CTGGAGTTGGCTGCTCCCTCCCAGACATCTGTGTACTTCTGTGCCAGCAGCCCCGGGACAGGGGGCTACGAGCAGTACTTCGGGCCG	TCRBV06-06	TCRBD01-01*01	TCRBJ02-07*01
PD1_Patient16_Post	3.6539023677287344E-4	5	CASSYVGNTGELFF	GCTGCTGTCGGCTGCTCCCTCCAGACATCTGTGTACTTCTGTGCCAGCAGTTACGTCGGGAACACCGGGGAGCTGTTTTTTGGAGAA	unresolved	TCRBD02-01	TCRBJ02-02*01
PD1_Patient16_Post	2.9231218941829873E-4	4	CASSQDLLAAYGYTF	CACACCCTGCAGCCAGAAGACTCGGCCCTGTATCTCTGTGCCAGCAGCCAAGATCTTTTGGCGGCCTATGGCTACACCTTCGGTTCG	TCRBV04-02*01	TCRBD02-01	TCRBJ01-02*01
PD1_Patient16_Post	2.9231218941829873E-4	4	CASSLWQADGPLHF	ATCCAGCCCTCAGAACCCAGGGACTCAGCTGTGTACTTCTGTGCCAGCAGTTTATGGCAGGCGGATGGACCCCTCCACTTTGGGAAC	unresolved	unresolved	TCRBJ01-06*01
PD1_Patient16_Post	2.9231218941829873E-4	4	CASSSSGTANEKLFF	CAGCGCACACAGCAGGAGGACTCGGCCGTGTATCTCTGTGCCAGCAGCTCCTCCGGGACGGCGAATGAAAAACTGTTTTTTGGCAGT	TCRBV07-02*01	unresolved	TCRBJ01-04*01
PD1_Patient16_Post	2.9231218941829873E-4	4	CASSREAHSNQPQHF	CGGTCCACAAAGCTGGAGGACTCAGCCATGTACTTCTGTGCCAGTTCCCGGGAAGCCCACTCCAATCAGCCCCAGCATTTTGGTGAT	TCRBV02-01*01	TCRBD02-01*02	TCRBJ01-05*01
PD1_Patient16_Post	2.9231218941829873E-4	4	CATSDPSREGTGELFF	TCTGCCATCCCCAACCAGACAGCTCTTTACTTCTGTGCCACCAGTGACCCTTCCAGGGAAGGCACCGGGGAGCTGTTTTTTGGAGAA	unresolved	TCRBD01-01*01	TCRBJ02-02*01
PD1_Patient16_Post	2.9231218941829873E-4	4	CASSEYSGFWYEQYF	GAGTCGGCTGCTCCCTCCCAGACATCTGTGTACTTCTGTGCCAGCAGTGAATACTCGGGGTTTTGGTACGAGCAGTACTTCGGGCCG	TCRBV06-01*01	TCRBD02-01*01	TCRBJ02-07*01
PD1_Patient16_Post	2.9231218941829873E-4	4	CAWSVLGPGHVDGYTF	AAGCTCCTTCTCAGTGACTCTGGCTTCTATCTCTGTGCCTGGAGTGTACTAGGTCCTGGGCACGTAGATGGCTACACCTTCGGTTCG	TCRBV30-01*01	TCRBD02-01	TCRBJ01-02*01
PD1_Patient16_Post	2.9231218941829873E-4	4	CASSEGEGAYGYTF	ATCCAGCAGGTAGTGCGAGGAGATTCGGCAGCTTATTTCTGTGCCAGCTCCGAGGGGGAAGGGGCCTATGGCTACACCTTCGGTTCG	TCRBV18-01*01	TCRBD01-01*01	TCRBJ01-02*01
PD1_Patient16_Post	2.1923414206372405E-4	3	CASSEGPGGSSYNGQFF	ACAAAGCTGGAGGACTCAGCCATGTACTTCTGTGCCAGCAGTGAAGGCCCGGGGGGAAGCTCCTACAATGGGCAATTCTTCGGGCCA	TCRBV02-01*01	TCRBD02-01*01	TCRBJ02-01*01
PD1_Patient16_Post	1.4615609470914936E-4	2	CAWPIGVLNTEAFF	TCTAAGAAGCTCCTTCTCAGTGACTCTGGCTTCTATCTCTGTGCCTGGCCCATAGGGGTTTTGAACACTGAAGCTTTCTTTGGACAA	TCRBV30-01*01	TCRBD01-01*01	TCRBJ01-01*01
PD1_Patient16_Post	1.4615609470914936E-4	2	CATDVKGANVLTF	TCCCTAGAGTCTGCCATCCCCAACCAGACAGCTCTTTACTTCTGTGCCACTGACGTCAAAGGGGCCAACGTCCTGACTTTCGGGGCC	unresolved	unresolved	TCRBJ02-06*01
PD1_Patient16_Post	1.4615609470914936E-4	2	CASSSGQVNYEQYF	CTGCTGTCGGCTGCTCCCTCCCAGACATCTGTGTACTTCTGTGCCAGCAGTTCTGGACAGGTGAATTACGAGCAGTACTTCGGGCCG	TCRBV06-05*01	TCRBD01-01*01	TCRBJ02-07*01
PD1_Patient16_Post	1.4615609470914936E-4	2	CASRGRSQPQHF	CTCAGGCTGCTGTCGGCTGCTCCCTCCCAGACATCTGTGTACTTCTGTGCCAGCAGGGGTCGAAGCCAGCCCCAGCATTTTGGTGAT	TCRBV06-05*01	unresolved	TCRBJ01-05*01
PD1_Patient16_Post	1.4615609470914936E-4	2	CATRLRGNSGYTF	GACATCCGCTCACCAGGCCTGGGGGACGCAGCCATGTACCTGTGTGCCACCAGATTGAGGGGGAACAGTGGCTACACCTTCGGTTCG	TCRBV15-01*01	TCRBD01-01*01	TCRBJ01-02*01
PD1_Patient16_Post	1.4615609470914936E-4	2	CASSLSYEQYF	ACTCTGAAGATCCAGCCCTCAGAACCCAGGGACTCAGCTGTGTACTTCTGTGCCAGCAGTTTAAGCTACGAGCAGTACTTCGGGCCG	unresolved	unresolved	TCRBJ02-07*01
