#count	frequency	CDR3nt	CDR3aa	V	D	J	C	cid	cid_full_length
73	1.833558e-01	TGTGCCAGCAGTTTATCGTCCTACAGGGAGCAGTTCTTC	CASSLSSYREQFF	TRBV27*01	TRBD1*01	TRBJ2-1*01	TRBC	assemble7	1
66	2.959601e-02	TGCAGCTCATATACACAAAGCGCCACAGGCAGCACCACTTATGTCTTC	CSSYTQSATGSTTYVF	IGLV2-23*01	.	IGLJ1*01	IGLC	assemble51	0
62	1.551089e-01	TGTGCCAGCAGCTCACTAGCGCGCTCCTACAATGAGCAGTTCTTC	CASSSLARSYNEQFF	TRBV7-9*03	TRBD2*01	TRBJ2-1*01	TRBC	assemble4	1
57	2.556019e-02	TGCATGCAAGTTCTACAGAGTCCTCGGACGTTC	CMQVLQSPRTF	IGKV2-28*01	.	IGKJ1*01	IGKC	assemble15	0
51	1.281323e-01	TGTGCCAGCAGTCCCCGCACAGATACGCAGTATTTT	CASSPRTDTQYF	TRBV27*01	.	TRBJ2-3*01	TRBC	assemble50	1
50	2.242122e-02	TGTCAGCAATATGGTAGTTCACCTCCGATCACCTTC	CQQYGSSPPITF	IGKV3-20*01	.	IGKJ5*01	IGKC	assemble43	0
47	2.128671e-02	TGCATGCAGTACGCACACTGGCCCCACACTTTC	CMQYAHWPHTF	IGKV2-30*01	.	IGKJ4*01	IGKC	assemble26	0
43	1.964548e-02	TGTCAGCAGTTTAGTATCTCCCCTCCGACGTTC	CQQFSISPPTF	IGKV3-20*01	.	IGKJ4*02	IGKC	assemble2	1
40	1.813877e-02	TGCATGCAAACTCTGCAAGCTCCTCAAACTTTC	CMQTLQAPQTF	IGKV2-28*01	.	IGKJ3*01	IGKC	assemble5	1
38	6.871609e-02	TGTGCGAAAGATTTCTGGCAGCAACACCCGACTCCACACCCGTTTGACTACTGG	CAKDFWQQHPTPHPFDYW	IGHV3-33*03	IGHD3-3*01	IGHJ4*02	IGHG2	assemble1	0
37	1.689663e-02	TGTCAGCAATATTATGGGGCTCCTCTCACTTTC	CQQYYGAPLTF	IGKV4-1*01	.	IGKJ4*01	IGKC	assemble9	1
37	1.306359e-01	TGTGTTGTGAGTGCGTTCTCTGGCAACACAGGCAAACTAATCTTT	CVVSAFSGNTGKLIF	TRAV8-2*01	.	TRAJ37*01	TRAC	assemble22	1
33	8.219997e-02	TGTGCCAGCAGCCCCTGGGACCTAAACACCGGGGAGCTGTTTTTT	CASSPWDLNTGELFF	TRBV7-9*03	TRBD1*01	TRBJ2-2*01	TRBC	assemble94	0
32	1.129824e-01	TGTGCCGGGTCTATACTCACGGGAGGAGGAAACAAACTCACCTTT	CAGSILTGGGNKLTF	TRAV12-2*01	.	TRAJ10*01	TRAC	assemble39	1
31	1.417021e-02	TGCATGCAAGGTACACTCTGGTGGACGTTC	CMQGTLWWTF	IGKV2-29*02	.	IGKJ1*01	IGKC	assemble82	0
31	1.094517e-01	TGTGCTGCGTGCGTGTATGGAGGAAGCCAAGGAAATCTCATCTTT	CAACVYGGSQGNLIF	TRAV21*01	.	TRAJ42*01	TRAC	assemble33	1
31	1.390116e-02	TGCATGCAAGGTATACACCCTCCTCCGTACACTTTT	CMQGIHPPPYTF	IGKV3-11*01	.	IGKJ2*01	IGKC	assemble595	0
30	5.562387e-02	TGTGCGGCGTGGTCGAGTGGCAGCTACTGG	CAAWSSGSYW	IGHV3-7*03	IGHD1-26*01	IGHJ4*02	IGHG2	assemble30	1
29	1.032023e-01	TGTGCCGTGAACACGTATGAGAAATTAACCTTT	CAVNTYEKLTF	TRAV8-1*01	.	TRAJ48*01	TRAC	assemble8	1
29	5.244123e-02	TGTGCAGTCCCGGACCATTACCATGTTTTGACTGGTTATTATGCCCCCCCCAGATACTGG	CAVPDHYHVLTGYYAPPRYW	IGHV1-69-2*01	IGHD3-3*01	IGHJ4*02	IGHG2	assemble70	0
28	1.296395e-02	TGTGCAGCATGGGATGACAGCCTGAATGGTCTGGTATTC	CAAWDDSLNGLVF	IGLV1-44*01	.	IGLJ2*01	IGLC	assemble36	0
28	1.255588e-02	TGTCAGCAGTTTGGTAGCTCATTCACTTTC	CQQFGSSFTF	IGKV3-20*01	.	IGKJ3*01	IGKC	assemble239	0
25	1.121061e-02	TGCATGCAAGCTCGACACAGTCCGTGGACATTC	CMQARHSPWTF	IGKV2-18*01	.	IGKJ1*01	IGKC	assemble224	0
24	1.076219e-02	TGTCAGGTGTGGGATAGACCTAATGATCATCAGGTCTTC	CQVWDRPNDHQVF	IGLV3-21*01	.	IGLJ1*01	IGLC	assemble137	0
22	9.865338e-03	TGCTGCGCATATGTGCCTCACAACACTTGGGTGTTC	CCAYVPHNTWVF	IGLV2-23*02	.	IGLJ3*02	IGLC	assemble159	0
21	3.797468e-02	TGTGCGAGAGTTAATTATATAGCAGTGTCTGGTAGGGAATACCCCTACTACTACTACATGGACGTCTGG	CARVNYIAVSGREYPYYYYMDVW	IGHV4-61*03	IGHD6-19*01	IGHJ6*03	IGHG4	assemble155	0
20	3.616637e-02	TGTGCGACAGATTTTTCGACTACTTTCTGG	CATDFSTTFW	IGHV3-7*01	IGHD3-9*01	IGHJ4*02	IGHA2	assemble230	0
19	8.838446e-03	TGCAGCTCATATGCAGGCAGCAATTGGGTTTTC	CSSYAGSNWVF	IGLV2-8*01	.	IGLJ3*02	IGLC	assemble139	0
19	8.717372e-03	TGCAGTTCACGGAGAGGCGGCAGTAATTATGTCTTC	CSSRRGGSNYVF	IGLV2-14*01	.	IGLJ1*01	IGLC	assemble75	0
19	8.650108e-03	TGCATGCAAGCTACACAGGGGTGGACGTTC	CMQATQGWTF	IGKV2-30*01	.	IGKJ1*01	IGKC	assemble121	0
19	4.732726e-02	TGTGCCAGCAGTGAAGTTGTGAACAGGAAACTGTTTTTT	CASSEVVNRKLFF	TRBV6-1*01	TRBD1*01	TRBJ1-4*01	TRBC	assemble49	0
19	8.520065e-03	TGCATGCAAGCTCTACAAACTCCTCTCACTTTC	CMQALQTPLTF	IGKV2-28*01	.	IGKJ4*01	IGKC	assemble334	0
18	8.286884e-03	TGTCAGCAGTATGGTAGCTCACCGTACACTTTT	CQQYGSSPYTF	IGKV3-20*01	.	IGKJ2*01	IGKC	assemble179	0
18	8.071640e-03	TACTGCTCGAGTGCGGGCCCTGACACTTTGGTGTTC	YCSSAGPDTLVF	IGLV2-14*01	.	IGLJ3*02	IGLC	assemble40	0
18	8.071640e-03	TGCATGGAAGGCACATACTTGCACACTTTT	CMEGTYLHTF	IGKV2-30*01	.	IGKJ2*01	IGKC	assemble229	0
18	3.254973e-02	TGTACGAGAGATTCCACCAATAGCTTATATTATTACTACGCTATGGACGTCTGG	CTRDSTNSLYYYYAMDVW	IGHV3-74*01	IGHD3-16*01	IGHJ6*02	IGHA1	assemble158	0
18	8.071640e-03	TGCATGGCAGTTACACACTGGCCTCCGTACACTTTT	CMAVTHWPPYTF	IGKV2-30*01	.	IGKJ2*01	IGKC	assemble260	0
17	3.074141e-02	TGTGCGAGAGATAGGGGTAAACACTTTTTTGANTACTGG	CARDRGKHFF?YW	IGHV3-33*01	IGHD3-9*01	IGHJ4*03	IGHA2	assemble193	0
17	3.074141e-02	TGTTTACGGGGGGGAGACTTTGACTACTGG	CLRGGDFDYW	IGHV3-21*01	IGHD2-21*02	IGHJ4*02	IGHA2	assemble255	0
17	4.234544e-02	TGTGCCAGCAGCTTAAAGTGTCGGCGGGACCTACAATTTATTCAGTACTTC	CASSLKCRRDLQFIQYF	TRBV7-3*01	TRBD2*02	TRBJ2-4*01	TRBC	assemble61	1
17	7.623216e-03	TGCAGTTCATATACAAGGCTCACCGTTCTCGGGGTGTTC	CSSYTRLTVLGVF	IGLV2-14*01	.	IGLJ3*02	IGLC	assemble270	0
16	7.511110e-03	TGCATGCAAGCTCTACAAGCTGCGTGGACTTTC	CMQALQAAWTF	IGKV2-28*01	.	IGKJ2*02	IGKC	assemble111	1
16	4.035271e-02	TGTGCCAGCAGCCGACTAGCGGTTGGCTACAATGAGCAGTTCTTC	CASSRLAVGYNEQFF	TRBV13*01	TRBD2*01	TRBJ2-1*01	TRBC	assemble108	0
16	7.174791e-03	TGCAGCTCATATTCAAGAACCACCACTCTGGTGTTC	CSSYSRTTTLVF	IGLV2-14*03	.	IGLJ3*02	IGLC	assemble89	0
16	7.174791e-03	TGTCAGACCTATCTTACCTCATTGCCCACCTTC	CQTYLTSLPTF	IGKV3-20*01	.	IGKJ4*01	IGKC	assemble178	0
16	2.893309e-02	TGTGTGACGGGCAAGAGGGAGGACTGCTTTGGTAACCCCGACTTTGACAACTGG	CVTGKREDCFGNPDFDNW	IGHV5-78*01	IGHD4-23*01	IGHJ4*02	IGHA2	assemble330	0
16	7.174791e-03	TGCATGCAATACACACACTGGCCTCACACTTTC	CMQYTHWPHTF	IGKV2-30*01	.	IGKJ4*01	IGKC	assemble275	0
15	7.080622e-03	TGTCTGCAAGATCACGATTACCCCAACACTTTT	CLQDHDYPNTF	IGKV1-6*01	.	IGKJ2*01	IGKC	assemble115	0
15	6.878831e-03	TGTCAGCAGCGTAGCAACTGGCCGCTCACTTTC	CQQRSNWPLTF	IGKV3-11*01	.	IGKJ4*01	IGKC	assemble42	0
15	6.816052e-03	TGCATGCAAGGTCTACAAGGTTTCACCTTC	CMQGLQGFTF	IGKV2-28*01	.	IGKJ5*01	IGKC	assemble204	0
15	6.798115e-03	TGTCAACAATATTTCAATACTCCTGTCACTTTC	CQQYFNTPVTF	IGKV4-1*01	.	IGKJ4*01	IGKC	assemble76	1
15	3.736362e-02	TGTGCCAGCAGCTTACTAGCGGGCCTATCCTACAATGAGCAGTTCTTC	CASSLLAGLSYNEQFF	TRBV11-2*01	TRBD2*01	TRBJ2-1*01	TRBC	assemble58	1
15	6.726367e-03	TGTCAACAGACTTACAGTACCCCTCACACTTTT	CQQTYSTPHTF	IGKV1-39*01	.	IGKJ2*01	IGKC	assemble358	0
15	6.726367e-03	TGTCAGCAGTATAATGACTGGCCTCGGACTTTT	CQQYNDWPRTF	IGKV3-15*01	.	IGKJ2*01	IGKC	assemble41	0
15	6.726367e-03	TGTCACCAATATGATAAGTCACCTCGGACGTTC	CHQYDKSPRTF	IGKV3-20*01	.	IGKJ1*01	IGKC	assemble218	0
15	5.296049e-02	TGCCTCGTGGGGGGCTTTCTTCTGGTTCTGCAAGGCAACTGACCTTT	out_of_frame	TRAV4*01	.	TRAJ22*01	TRAC	assemble47	1
15	3.736362e-02	TGTGCCAGCAGCCAACCAGCGGGAGGTGTCAATGAGCAGTTCTTC	CASSQPAGGVNEQFF	TRBV3-1*01	TRBD2*02	TRBJ2-1*01	TRBC	assemble113	0
15	6.726367e-03	TGTCAGCAGTATAATAACTGGCCTCGGACTTTT	CQQYNNWPRTF	IGKV3-15*01	.	IGKJ2*01	IGKC	assemble41	0
14	6.555966e-03	TGTCAGCAATTTAATAGTATTTTTCGGACGTTC	CQQFNSIFRTF	IGKV4-1*01	.	IGKJ1*01	IGKC	assemble240	0
14	6.466281e-03	TGTCAGCAATATTATGGTACTCCGTACAGTTTT	CQQYYGTPYSF	IGKV4-1*01	.	IGKJ2*03	IGKC	assemble188	0
14	6.277942e-03	TGCACCTCATATACAAGCAGCAGCACTTATATCCTCTTC	CTSYTSSSTYILF	IGLV2-14*01	.	IGLJ2*01	IGLC	assemble419	0
14	6.277942e-03	TGCTCAGCATGGGACAACAGCCTCAGTGCTTGGGTGTTC	CSAWDNSLSAWVF	IGLV10-54*01	.	IGLJ3*02	IGLC	assemble341	0
13	2.350814e-02	TGTACTAGAACCTGGGATGGCACCAACTGGTCACCCGACTTTGACTACTGG	CTRTWDGTNWSPDFDYW	IGHV3-73*01	IGHD2-2*01	IGHJ4*02	.	assemble124	0
13	5.829518e-03	TGCCAACAATATCAGAGTTATTACAGTTTT	CQQYQSYYSF	IGKV1-5*01	.	IGKJ2*03	IGKC	assemble11	1
13	4.589909e-02	TGTGCCGTGACCTCATATAATAATGCAGGCAACATGCTCACCTTT	CAVTSYNNAGNMLTF	TRAV8-1*01	.	TRAJ39*01	TRAC	assemble181	0
13	5.829518e-03	TGTCAACAATATCAGAGTTATTACAGTTTT	CQQYQSYYSF	IGKV1-17*01	.	IGKJ2*03	IGKC	assemble34	0
13	5.829518e-03	TGCAGTTCACGGAGAGGCGGCAGTAATTATGTCTTC	CSSRRGGSNYVF	IGLV2-14*03	.	IGLJ1*01	IGLC	assemble131	0
13	2.350814e-02	TGTGCCACAGACGATAGTCATCCGGGGAATGCTTTTGATATCTGG	CATDDSHPGNAFDIW	IGHV3-15*01	IGHD1-20*01	IGHJ3*02	IGHA1	assemble18	0
13	2.350814e-02	TGTGTGGGCGCCTATGGTGAAGGATGGCTCGACCCGTGG	CVGAYGEGWLDPW	IGHV3-47*01	IGHD4-17*01	IGHJ5*02	IGHG1	assemble322	0
12	2.169982e-02	TGTGCGAAAGATTTCTGGCAGCAACACCCGACTCCACACCCGTTTCATTACTGG	CAKDFWQQHPTPHPFHYW	IGHV3-48*03	IGHD3-3*01	IGHJ4*02	IGHG2	assemble411	0
12	5.381094e-03	TGCCAACAATATGAATCGTCTTTTAAGACGTTC	CQQYESSFKTF	IGKV1-5*01	.	IGKJ1*01	IGKC	assemble304	0
12	2.169982e-02	TGTACGAGAGATTATTATACTGGCAGTCATGTGGAGGCTTTTGATATCTGG	CTRDYYTGSHVEAFDIW	IGHV3-48*02	IGHD2-8*02	IGHJ3*02	IGHG2	assemble267	0
12	5.381094e-03	TGCTGCTCATATGTACGCTACAACAAATATGTCTTT	CCSYVRYNKYVF	IGLV2-8*01	.	IGLJ1*01	IGLC	assemble125	0
12	2.169982e-02	TGTGTGAGAACACGATCTCTGGACGTCTGG	CVRTRSLDVW	IGHV3-7*01	IGHD3-3*01	IGHJ6*02	IGHG2	assemble132	0
12	5.381094e-03	TGCACCTCATATACCAGTACCAGCACTCCCAGGGTGTTC	CTSYTSTSTPRVF	IGLV2-14*03	.	IGLJ3*02	IGLC	assemble302	0
12	5.381094e-03	TGTCAGCAGCGCGACAGCTGGCCTCTCACTTTC	CQQRDSWPLTF	IGKV3-11*01	.	IGKJ4*01	IGKC	assemble154	0
12	2.169982e-02	TGTCGAAGCAGAGTGGGAACGATTCCTTTCTGG	CRSRVGTIPFW	IGHV3-74*01	IGHD5-12*01	IGHJ4*02	IGHA2	assemble367	0
12	2.989090e-02	TGTGCCAGCAGTTTACAGGGGTGGAATGAGCAGTTCTTC	CASSLQGWNEQFF	TRBV27*01	TRBD1*01	TRBJ2-1*01	TRBC	assemble299	0
12	4.236839e-02	TGTGCTGTGCGGAACACCGGTAACCAGTTCTATTTT	CAVRNTGNQFYF	TRAV21*01	.	TRAJ49*01	TRAC	assemble286	1
12	4.236839e-02	TGTGCTCTGAGTATAGGAGGCTTTGGGAATGTGCTNCATTGC	CALSIGGFGNV?HC	TRAV19*01	.	TRAJ35*01	TRAC	assemble60	0
11	5.300377e-03	TGCTGCACATATGCAGACACCTACCGTGTCTTATTC	CCTYADTYRVLF	IGLV2-11*01	.	IGLJ2*01	IGLC	assemble296	0
11	5.219661e-03	TGTCAGCAATATTCTGGTACTCCGTACACTTTT	CQQYSGTPYTF	IGKV4-1*01	.	IGKJ2*01	IGKC	assemble206	0
11	1.989150e-02	TGTGGGAGAGATAAAGGAACAGTAGCCATTGACCAGTGG	CGRDKGTVAIDQW	IGHV3-33*01	IGHD3-16*01	IGHJ4*02	IGHG2	assemble387	0
11	4.932669e-03	TGCTACTCAGTGGAACCCGATGGGGGTCATGGAGTGTTC	CYSVEPDGGHGVF	IGLV3-10*01	.	IGLJ3*02	IGLC	assemble324	0
11	4.932669e-03	TGCCAACAGTACAATAGTTATTCATTCACTTTC	CQQYNSYSFTF	IGKV1-5*03	.	IGKJ3*01	IGKC	assemble245	0
11	4.932669e-03	TGCATGCAATCTCTACAAACTTGTACGTTC	CMQSLQTCTF	IGKV2-28*01	.	IGKJ1*01	IGKC	assemble436	0
10	4.923701e-03	TGCATGCAAACTCTACAAGCTGCGTGGACTTTC	CMQTLQAAWTF	IGKV2-28*01	.	IGKJ2*02	IGKC	assemble111	1
10	3.767256e-02	TGTGCTGTGTTCGGCCAGGCAGGAACTGCTCTGATCTTT	CAVFGQAGTALIF	TRAV21*01	.	TRAJ15*01	TRAC	assemble184	0
10	4.784689e-03	TGCATGCAAGGTACACAGTGGCCCATCACCTTC	CMQGTQWPITF	IGKV2-30*01	.	IGKJ5*01	IGKC	assemble268	0
10	4.708457e-03	TGCCAACAATATAAAGTTTTGTCGTCGTTC	CQQYKVLSSF	IGKV1-5*03	.	IGKJ1*01	IGKC	assemble127	0
10	4.650162e-03	TGCAGTTCACGGAGAGGCGGCAGCAATTATGTCTTC	CSSRRGGSNYVF	IGLV2-14*01	.	IGLJ1*01	IGLC	assemble75	0
10	1.808318e-02	TGTGCGAAAATAAATGGCAGCTCGACCTACTTCTACTACTACATGGACGTCTGG	CAKINGSSTYFYYYMDVW	IGHV4-34*01	IGHD6-6*01	IGHJ6*04	IGHG1	assemble467	0
10	4.484245e-03	TGCATGCAACCTCTACAAGCTCCCTGGACGTTC	CMQPLQAPWTF	IGKV2-28*01	.	IGKJ1*01	IGKC	assemble403	0
10	4.484245e-03	TGCAGTTCACGGAGAGGCGGCAGCAATTATGTCTTC	CSSRRGGSNYVF	IGLV2-8*01	.	IGLJ1*01	IGLC	assemble663	0
10	4.484245e-03	TGTCAACACCTTATTAATTATCCTCCCACTTTC	CQHLINYPPTF	IGKV1-13*01	.	IGKJ4*01	IGKC	assemble452	0
9	4.434918e-03	TGCATGCAAGGTACACACTGGCCTTTTACTTTC	CMQGTHWPFTF	IGKV2-30*01	.	IGKJ4*01	IGKC	assemble343	0
9	4.304875e-03	TGCATGGAGGCCCTAGAAGCGAACAGTTTT	CMEALEANSF	IGKV2-30*02	.	IGKJ2*03	IGKC	assemble17	0
9	4.156895e-03	TGTCAGCAATATTATGGTAATCCTCTCACTTTC	CQQYYGNPLTF	IGKV4-1*01	.	IGKJ4*01	IGKC	assemble9	1
9	4.112052e-03	TGCCAGCAGTATCATAGTAGGTGGACGTTC	CQQYHSRWTF	IGKV1-5*01	.	IGKJ1*01	IGKC	assemble278	0
9	3.177629e-02	TGTGCAGCAAGTAACTCTTGGGCCTCTTATTGGGGAGGAAGCCAAGGAAATCTCATCTTT	CAASNSWASYWGGSQGNLIF	TRAV13-1*02	.	TRAJ42*01	TRAC	assemble134	0
9	4.035820e-03	TGTCAGCAAACTCGTGGCACTCCGTGGACGTTC	CQQTRGTPWTF	IGKV3-15*01	.	IGKJ1*01	IGKC	assemble263	0
9	4.035820e-03	TGTCAGGGTCCGTGGGCGTTC	CQGPWAF	IGKV4-1*01	.	IGKJ1*01	IGKC	assemble560	0
9	4.035820e-03	TGCCTGCTCTATTATGGTGACTTCTGGGTGTTC	CLLYYGDFWVF	IGLV7-43*01	.	IGLJ3*02	IGLC	assemble326	0
9	4.035820e-03	TGTCAGCACTATGGTATCTCACCTCAAACGTTC	CQHYGISPQTF	IGKV3-20*01	.	IGKJ1*01	IGKC	assemble476	0
9	4.035820e-03	TGTCAACAATATGATGATCTCCCCGCCTTCACTTTC	CQQYDDLPAFTF	IGKV1-33*01	.	IGKJ3*01	IGKC	assemble187	0
9	4.035820e-03	TGTGCAGCATGGGATGACAGCCTGAGTGCTTATGTCTTC	CAAWDDSLSAYVF	IGLV1-47*02	.	IGLJ1*01	IGLC	assemble563	0
8	3.986493e-03	TGCCAACAGTATTATAGTTATTCCACTTTC	CQQYYSYSTF	.	.	IGKJ4*01	IGKC	assemble313	0
8	1.582278e-02	TGTGCGGGAGAGCCAAGTATGACTGGCCGACTTGAATACTGG	CAGEPSMTGRLEYW	IGHV1-46*01	IGHD1-20*01	IGHJ4*02	IGHG2	assemble232	0
8	3.735376e-03	TGTCAGCAGTATAATACGTGGCCTCTGACTTTC	CQQYNTWPLTF	IGKV3-15*01	.	IGKJ4*01	IGKC	assemble329	0
8	3.681565e-03	TGCATGCAAGCTCTACAAACTGCGTGGACTTTC	CMQALQTAWTF	IGKV2-28*01	.	IGKJ2*02	IGKC	assemble111	1
8	2.824560e-02	TGCCTCGTGGGTGGGGGTTACCAGAAAGTTACCTTT	CLVGGGYQKVTF	TRAV4*01	.	TRAJ13*01	TRAC	assemble284	1
8	3.587396e-03	TGTCAGCAATATGATGCCTCACCTAAAACTTTT	CQQYDASPKTF	IGKV3-20*01	.	IGKJ2*01	IGKC	assemble309	1
8	3.587396e-03	TGCCAGCAATATGGTAGCTCACCTCCGTGGACTTTT	CQQYGSSPPWTF	IGKV3-20*01	.	IGKJ2*02	IGKC	assemble507	0
8	2.824560e-02	TGTGCTTTCGCCGAGAGCAAAACCTCCTACGACAAGGTGATATTT	CAFAESKTSYDKVIF	TRAV17*01	.	TRAJ50*01	TRAC	assemble238	0
8	3.587396e-03	TGCATGCAAGGTTCACACTGGTCCTGGACGTTC	CMQGSHWSWTF	IGKV2-30*01	.	IGKJ1*01	IGKC	assemble426	0
8	3.587396e-03	TGTCAGCAACGTAGCGACTGGCCGCTCACTTTC	CQQRSDWPLTF	IGKV3-11*01	.	IGKJ4*01	IGKC	assemble447	0
8	3.587396e-03	TGTCAGCAATATGAAAATTCACTGTACACCTTT	CQQYENSLYTF	IGKV3-20*01	.	IGKJ2*01	IGKC	assemble412	0
8	1.446655e-02	TGTGCGAAAGGCGACTGTGCTGGTGACTGTTATTTGACTGACTTCTGG	CAKGDCAGDCYLTDFW	IGHV3-23*01	IGHD2-21*02	IGHJ4*02	IGHG2	assemble407	0
8	3.587396e-03	TGCCAACAATATAATAGTTATTCTCGTGTCTTC	CQQYNSYSRVF	IGKV1-5*01	.	IGKJ1*01	IGKC	assemble574	0
8	3.587396e-03	TGTCAGCAGTATGGTGAGTCACTTCCGTGGACGTTC	CQQYGESLPWTF	IGKV3-20*01	.	IGKJ1*01	IGKC	assemble352	0
8	3.587396e-03	TGCTCGAGTGCGGGCACTGACATCTTGGTGTTC	CSSAGTDILVF	IGLV2-23*01	.	IGLJ3*02	IGLC	assemble687	0
8	3.587396e-03	TGTCAACANTATTATGGTATTCCTCCTTGGGCGTTC	CQ?YYGIPPWAF	IGKV4-1*01	.	IGKJ1*01	IGKC	assemble609	0
8	3.587396e-03	TGTCAACAGTTTTATGACTGGCCTCCGTACACTTTT	CQQFYDWPPYTF	IGKV3-15*01	.	IGKJ2*01	IGKC	assemble0	0
8	1.446655e-02	TGTACCGCAGATGTGCCGGAGTACCAGCCGCAAATTGACTACTGG	CTADVPEYQPQIDYW	IGHV3-15*07	IGHD2-2*01	IGHJ4*02	IGHG2	assemble470	0
7	3.475290e-03	TGCATGCAAACTGTGCAAGCTCCTCAAACTTTC	CMQTVQAPQTF	IGKV2-28*01	.	IGKJ3*01	IGKC	assemble5	1
7	3.138971e-03	TGCTGCTCATATGCAGGTGGCAGCACTTATGTCTTC	CCSYAGGSTYVF	IGLV2-23*01	.	IGLJ1*01	IGLC	assemble845	0
7	3.138971e-03	TGCAGCTCATTTACAACTATCGGCACTTGGGTGTTC	CSSFTTIGTWVF	IGLV2-14*01	.	IGLJ3*02	IGLC	assemble655	0
7	1.265823e-02	TGTGCGCGAAGTTACGATTTTTGGAGTGGTCAACTGGACTACTGG	CARSYDFWSGQLDYW	IGHV4-28*01	IGHD3-3*01	IGHJ5*02	.	assemble575	0
7	3.138971e-03	TGTCACCAATATTATACTAGTCCGTGGACGTTC	CHQYYTSPWTF	IGKV4-1*01	.	IGKJ1*01	IGKC	assemble848	0
7	3.138971e-03	TGCGCCACATATACAACCAGCAGCACTTGGGTGTTC	CATYTTSSTWVF	IGLV2-14*01	.	IGLJ3*02	IGLC	assemble307	0
7	1.265823e-02	TGTGTCAGAGACATCCAGGAACCATTTAGACGACTTTTTTTGGGCCGGTTCGACCCCTGG	CVRDIQEPFRRLFLGRFDPW	IGHV3-74*01	IGHD1-14*01	IGHJ5*02	IGHG2	assemble712	0
7	3.138971e-03	TGTCAACAATTCAATGCCTATCCTCTGACCTTC	CQQFNAYPLTF	IGKV1-37*01	.	IGKJ3*01	IGKC	assemble226	0
7	3.138971e-03	TGCATCTCATATACAGTCAGCCGCACTTTAGTCTTC	CISYTVSRTLVF	IGLV2-14*01	.	IGLJ1*01	IGLC	assemble456	0
7	3.138971e-03	TGCGTGCAACCTCTACAAACGCCGTGGACATTC	CVQPLQTPWTF	IGKV2-28*01	.	IGKJ1*01	IGKC	assemble384	0
7	3.138971e-03	TGCATGCAAGCTATACAGCTTGTCAGTTTC	CMQAIQLVSF	IGKV2-29*02	.	IGKJ4*01	IGKC	assemble721	0
7	1.265823e-02	TGTGCGAAAGATCCCTTTGTCTTAACTGGGGGAATACTCTTCTGGTACTTCGATCTCTGG	CAKDPFVLTGGILFWYFDLW	IGHV3-23*01	IGHD7-27*01	IGHJ2*01	IGHG2	assemble421	0
7	2.471490e-02	TGTGCTGTGACCGGTTCTAACGACTACAAGCTCAGCTTT	CAVTGSNDYKLSF	TRAV12-2*01	.	TRAJ20*01	TRAC	assemble532	0
7	3.138971e-03	TGCCAACAATATTTGACTTTTTCTCGAATGTTC	CQQYLTFSRMF	IGKV1-5*01	.	IGKJ1*01	IGKC	assemble514	0
6	3.076192e-03	TGTCAGCAGCATCGCTACTGGCCTTCGTACACTTTT	CQQHRYWPSYTF	IGKV3-11*01	.	IGKJ2*01	IGKC	assemble311	0
6	3.076192e-03	TGTCAGCAATATACTATTCCTCCGTACACTTTT	CQQYTIPPYTF	IGKV4-1*01	.	IGKJ2*01	IGKC	assemble524	0
6	3.026865e-03	TGCATGCAAGCTCTACAAACTCCGTACACTTTT	CMQALQTPYTF	.	.	IGKJ2*01	IGKC	assemble354	0
6	3.004444e-03	TGTCAGCAGCGTAACAACTGGCCGCTCACTTTC	CQQRNNWPLTF	IGKV3-11*01	.	IGKJ4*01	IGKC	assemble42	0
6	2.990991e-03	TGTCAACAATATAGTTCTTTGTCGACGTTT	CQQYSSLSTF	IGKV1-5*03	.	IGKJ1*01	IGKC	assemble214	0
6	1.529418e-02	TGTGCCANCAGTTTATCGTCCTACAGGGAGCAGTTCTTC	CA?SLSSYREQFF	TRBV27*01	TRBD1*01	TRBJ2-1*01	TRBC	assemble7	1
6	2.730905e-03	TGTGCAGCATGGGATGACAGCCTGAGTGGTGTGATATTC	CAAWDDSLSGVIF	IGLV1-44*01	.	IGLJ2*01	IGLC	assemble36	0
6	1.084991e-02	TGTGCGAGAGGGTATACTAGGAGGGTCGGATATGGGAACTGGTTCGGCTCCTGG	CARGYTRRVGYGNWFGSW	IGHV4-59*01	IGHD1-26*01	IGHJ5*01	IGHG2	assemble606	0
6	1.084991e-02	TGTGCGACAGGCTTTGCGGTTGACTTCTGG	CATGFAVDFW	IGHV3-11*01	IGHD2-21*02	IGHJ4*02	.	assemble797	0
6	2.690547e-03	TGCCAGCAGTATAATAGTTATTCTTGGACGTTC	CQQYNSYSWTF	IGKV1-5*01	.	IGKJ1*01	IGKC	assemble866	0
6	2.690547e-03	TGTCAACAGCGCAGCACCTGGCCTCCGGAGGTCACTTTC	CQQRSTWPPEVTF	IGKV3-15*01	.	IGKJ4*01	IGKC	assemble843	0
6	2.690547e-03	TGTNACCAGTATACTACCTCACCTCCTTGGACGTTC	C?QYTTSPPWTF	IGKV3-20*01	.	IGKJ1*01	IGKC	assemble736	0
6	1.084991e-02	TGTGTAAGAGATATGGACACTTTC	CVRDMDTF	IGHV3-74*01	IGHD3-16*01	IGHJ4*02	IGHG2	assemble523	0
6	2.690547e-03	TGCGGAGCATGGGATTCCAGCCTCCATATTTGGGTGTTC	CGAWDSSLHIWVF	IGLV1-51*01	.	IGLJ3*02	IGLC	assemble355	0
6	2.690547e-03	TGTCAACAGCCTAAAAATTACCCCCCCACTTTT	CQQPKNYPPTF	IGKV1-17*01	.	IGKJ2*01	IGKC	assemble629	0
6	2.690547e-03	TGTCAGCACCGTAGCATCTGGCCGGTCACCTTC	CQHRSIWPVTF	IGKV3-11*01	.	IGKJ5*01	IGKC	assemble846	0
6	2.690547e-03	TGTCAACTAACAACTAAAAATTTCCCCCTCACTTTC	CQLTTKNFPLTF	IGKV1D-12*01	.	IGKJ4*01	IGKC	assemble537	0
6	1.084991e-02	TGTGCGGGAGAATCGGGCCTCCCAAACGGCATCGACGTCTGG	CAGESGLPNGIDVW	IGHV3-53*01	IGHD3-16*01	IGHJ6*02	.	assemble922	0
6	1.494545e-02	TGTGCCAGCAGTTGGGGCAGGGGAGTCTACGAGCAGTACTTC	CASSWGRGVYEQYF	TRBV6-2*01	TRBD1*01	TRBJ2-7*01	TRBC	assemble684	0
6	1.084991e-02	TGTGTGGGGCACGGTGGCAAATCTTTCCCGCACTGG	CVGHGGKSFPHW	IGHV4-4*02	IGHD4-23*01	IGHJ1*01	.	assemble538	0
6	1.084991e-02	TGTGCAAGAGGGGGAGGGACCTACCATGACTACTGG	CARGGGTYHDYW	IGHV3-74*01	IGHD1-26*01	IGHJ4*02	IGHG2	assemble573	0
6	2.690547e-03	TGCCAGCAGTATAGTGATGATTCTCTGTACACATTT	CQQYSDDSLYTF	IGKV1-5*01	.	IGKJ2*01	IGKC	assemble869	0
6	2.690547e-03	TGTATGCAAGCTACACACCTTCCGTGGACGTTC	CMQATHLPWTF	IGKV2D-29*02	.	IGKJ1*01	IGKC	assemble676	0
6	1.084991e-02	TGTGCGAGAGATGGGAAGGACGAATTTTGGCCCTCGATTGACCAATGG	CARDGKDEFWPSIDQW	IGHV3-33*01	IGHD3-3*01	IGHJ4*02	IGHG2	assemble567	0
6	1.494545e-02	TGTGTGAACACTGAAGCTTTCTTT	CVNTEAFF	TRBV10-3*01	.	TRBJ1-1*01	TRBC	assemble249	0
6	2.690547e-03	TGCACATCATGGGATAGCAACCTGAGTGCTCTGATGTTC	CTSWDSNLSALMF	IGLV1-51*01	.	IGLJ3*02	IGLC	assemble650	0
6	2.690547e-03	TGTCAGCAGTATGGTCCCTTACATATTTTC	CQQYGPLHIF	IGKV3-20*01	.	IGKJ3*01	IGKC	assemble549	0
6	1.494545e-02	TGCGCCAGCAGCCAAACTCCGGGAAGCGGCACCTACAATGAGCAGTTCTTC	CASSQTPGSGTYNEQFF	TRBV4-3*01	TRBD2*01	TRBJ2-1*01	TRBC	assemble281	0
5	2.686063e-03	TGTCAGCAGTATAGTATCTCCCCTCCGACGTTC	CQQYSISPPTF	IGKV3-20*01	.	IGKJ4*02	IGKC	assemble2	1
5	9.638336e-03	TGTGCGAGAGGGGGGGACTGGCGGACTGACTACTGG	CARGGDWRTDYW	IGHV4-61*05	IGHD2-21*02	IGHJ4*02	IGHG2	assemble288	0
5	9.041591e-03	TGTGCGAGAGAAGGGGGTTTGGACGTCTGG	CAREGGLDVW	IGHV3-48*02	IGHD5-24*01	IGHJ6*02	.	assemble1198	0
5	9.041591e-03	TGTGCGAGAGGGTCGTCAGTGAGTCACTGG	CARGSSVSHW	IGHV3-11*01	IGHD1-1*01	IGHJ1*01	IGHG2	assemble935	0
5	2.242122e-03	TGCTACTCATATGCAGGCAGCAACAATGTCTTC	CYSYAGSNNVF	IGLV2-8*01	.	IGLJ1*01	IGLC	assemble948	0
5	9.041591e-03	TGTGCGAGAGATTCCACCAATAGCTTATATTATTACTACGCTATGGACGTCTGG	CARDSTNSLYYYYAMDVW	IGHV4-34*04	IGHD3-16*01	IGHJ6*02	IGHA2	assemble398	0
5	2.242122e-03	TGCATGCAAAGTTTACGCCTCCCCAGCTTC	CMQSLRLPSF	IGKV2-29*02	.	IGKJ4*01	IGKC	assemble735	0
5	2.242122e-03	TGTCAGCAACATTATATTACTCCTCACACGTTC	CQQHYITPHTF	IGKV4-1*01	.	IGKJ1*01	IGKC	assemble614	0
5	9.041591e-03	TGTGTGAGATTTGTATATTGTAACAATGGTGCCTGTTCTCAACTCAACCCCTGG	CVRFVYCNNGACSQLNPW	IGHV5-51*01	IGHD2-8*01	IGHJ5*02	IGHG3	assemble642	0
5	2.242122e-03	TGCATGCAAGCTACACAGTTTCCTCTCACTTTC	CMQATQFPLTF	IGKV2-24*01	.	IGKJ4*01	IGKC	assemble395	0
5	2.242122e-03	TGCATGCAAGCTGTACAAACTCGGTACACTTTT	CMQAVQTRYTF	IGKV2-28*01	.	IGKJ2*01	IGKC	assemble570	0
5	2.242122e-03	TGTCAGCAACTTAATAATATGCCGCTCACTTTC	CQQLNNMPLTF	IGKV1-13*01	.	IGKJ4*01	IGKC	assemble794	0
5	2.242122e-03	TGTTACTCAGCAGACAGCAGTGGTAATCATAGGGTGTTC	CYSADSSGNHRVF	IGLV3-10*01	.	IGLJ3*02	IGLC	assemble1124	0
5	2.242122e-03	TGTGGGGCAGACCATGGCAGTGGGAACAACTTCGTGTCCGTGGTATTC	CGADHGSGNNFVSVVF	IGLV9-49*01	.	IGLJ2*01	IGLC	assemble459	0
5	2.242122e-03	TGTCAACAGGCTTACACTTTCCCATTCAGTTTC	CQQAYTFPFSF	IGKV1-12*01	.	IGKJ3*01	IGKC	assemble1228	0
5	2.242122e-03	TGTCAACAGTATAAGAGTTACCCGATCACTTTC	CQQYKSYPITF	IGKV1-16*02	.	IGKJ5*01	IGKC	assemble401	0
5	9.041591e-03	TGTGCGAGAGAGGGATACAGTTATGGTTACCCGAACTGGTTCGACCCCTGG	CAREGYSYGYPNWFDPW	IGHV5-51*01	IGHD5-18*01	IGHJ5*02	IGHM	assemble618	0
5	2.242122e-03	TGTATGATTTGGCACAACAGCGCTCTGGTATTC	CMIWHNSALVF	IGLV5-45*02	.	IGLJ2*01	IGLC	assemble1057	0
5	9.041591e-03	TGTGCCCTGGGGAGAGCGCGAGACTCCAGAGTCCCGACATGGTTCGCCCCCTGG	CALGRARDSRVPTWFAPW	IGHV4-34*01	IGHD3-10*01	IGHJ5*02	IGHG2	assemble631	0
5	1.765350e-02	TGTGCTCTGAGTGAGAACAAAGCTGCAGGCAACAAGCTAACTTTT	CALSENKAAGNKLTF	TRAV19*01	.	TRAJ17*01	TRAC	assemble359	0
5	2.242122e-03	TGTCAACAGGCTAACAGGTTCCCAATTATCTTC	CQQANRFPIIF	IGKV1-12*01	.	IGKJ5*01	IGKC	assemble1335	0
5	2.242122e-03	TGTCAGGCGTGGGACAGCAAAAGTGTGATTTTT	CQAWDSKSVIF	IGLV3-1*01	.	IGLJ2*01	IGLC	assemble964	0
5	2.242122e-03	TGCAGCTCATATTCAACCGGCAACACTTGGGTGTTC	CSSYSTGNTWVF	IGLV2-14*01	.	IGLJ3*02	IGLC	assemble1030	0
5	9.041591e-03	TGTGCGAGAGATCTCTGGGGCTGTTCGAAAACGTGTGGGTTTGACTACTGG	CARDLWGCSKTCGFDYW	IGHV1-46*01	IGHD3-16*01	IGHJ4*02	IGHG2	assemble489	0
5	1.765350e-02	TGTGCTTATAGGAGCACCCTCGGAGGTAATGCAGGCAACATGCTCACCTTT	CAYRSTLGGNAGNMLTF	TRAV38-2/DV8*01	.	TRAJ39*01	.	assemble700	0
5	2.242122e-03	TGTCAGCAACGTATCAACTGGCCGATGACCTTC	CQQRINWPMTF	IGKV3-11*01	.	IGKJ5*01	IGKC	assemble870	0
4	2.206248e-03	TGCATGCAAGCTCTACAACCTGCGTGGACTTTC	CMQALQPAWTF	IGKV2-28*01	.	IGKJ2*02	IGKC	assemble111	1
4	2.201764e-03	TGCATGCAAGGCACACTCTGGTGGACGTTC	CMQGTLWWTF	IGKV2-29*02	.	IGKJ1*01	IGKC	assemble82	0
4	8.679928e-03	TGTGCGAAATTTGCCCGAACACCTGCTTACTGG	CAKFARTPAYW	IGHV4-59*09	IGHD2-8*02	IGHJ4*02	IGHA2	assemble379	0
4	2.049300e-03	TGCTGTTCATATACAAGTAGTAACACTTATGTCTTC	CCSYTSSNTYVF	IGLV2-23*01	.	IGLJ1*01	IGLC	assemble392	0
4	2.017910e-03	TGTCAACAAGATGACAGTTATCCTCGGACGTTC	CQQDDSYPRTF	IGKV1-17*01	.	IGKJ1*01	IGKC	assemble600	0
4	2.017910e-03	TGCTCGAGTGCGGGCCCTGACACTTTGCTGTTC	CSSAGPDTLLF	IGLV2-14*01	.	IGLJ3*02	IGLC	assemble499	0
4	2.017910e-03	TGCATGCAACCTAAACAGGGGTGGACGTTC	CMQPKQGWTF	IGKV2-30*01	.	IGKJ1*01	IGKC	assemble121	0
4	1.937194e-03	TGCATGCAAGGTAAATTCTGGTGGACGTTC	CMQGKFWWTF	IGKV2-29*02	.	IGKJ1*01	IGKC	assemble82	0
4	1.869930e-03	TGTCAGTCTTATGATAACTACAATCAGGTGTTC	CQSYDNYNQVF	IGLV6-57*01	.	IGLJ3*02	IGLC	assemble126	0
4	1.869930e-03	TGTCAGTCTTATGATAACTACAATCAGGTGTCC	CQSYDNYNQVS	IGLV6-57*01	.	IGLJ3*02	IGLC	assemble126	0
4	1.834056e-03	TGTCAGCAGCGTGGCAACTGGCCGCTCACTTTC	CQQRGNWPLTF	IGKV3-11*01	.	IGKJ4*01	IGKC	assemble42	0
4	1.825088e-03	TGCATGCAGGGCACATTCTGGTGGACGTTC	CMQGTFWWTF	IGKV2-29*02	.	IGKJ1*01	IGKC	assemble82	0
4	1.816119e-03	NGTCAGCAATATTATGGGGCTCCTCTCACTTTC	?QQYYGAPLTF	IGKV4-1*01	.	IGKJ4*01	IGKC	assemble9	1
4	1.798182e-03	TGCATGCAAGGTACACTCTGGTGGACCTTC	CMQGTLWWTF	IGKV2-29*02	.	IGKJ1*01	IGKC	assemble82	0
4	1.793698e-03	TGCTCATTTGCAGGTAGTAGCACTTTCGTTTTC	CSFAGSSTFVF	IGLV2-23*02	.	IGLJ2*01	IGLC	assemble1236	0
4	1.793698e-03	TGCTGCTCATATGCAGGCTACTACAGTTTGTTCTTC	CCSYAGYYSLFF	IGLV2-11*03	.	IGLJ2*01	IGLC	assemble905	0
4	1.793698e-03	TGCATGCAAGGCCTAGAGAACCCCAGGACGTTC	CMQGLENPRTF	IGKV2-28*01	.	IGKJ1*01	IGKC	assemble1196	0
4	7.233273e-03	TGTGCGACGGGGAGAGATGCCTACAAATCGGGATACTGG	CATGRDAYKSGYW	IGHV4-4*07	IGHD5-24*01	IGHJ4*02	.	assemble1261	0
4	1.793698e-03	TGTCAGCAATATTATGGTGCTCCGATCACCTTC	CQQYYGAPITF	IGKV4-1*01	.	IGKJ5*01	IGKC	assemble488	0
4	7.233273e-03	TGTGCGAAAGGCGACTGTGCTGGTGACTGTTATTTGACTGACTTCTGG	CAKGDCAGDCYLTDFW	IGHV3-23*01	IGHD2-21*02	IGHJ4*02	.	assemble314	0
4	7.233273e-03	TGTGCAACTGGGACTATAGTGGGAGCTCCCAAGTCTCCTTTTGATGTCTGG	CATGTIVGAPKSPFDVW	IGHV1-24*01	IGHD4-23*01	IGHJ3*01	IGHG2	assemble1038	0
4	1.793698e-03	TGCCAGCAGTATGGGGGTTCATTTCCTTTC	CQQYGGSFPF	IGKV3-20*01	.	IGKJ4*01	IGKC	assemble952	0
4	9.963633e-03	TGTGCCAGCAGCCTAGGGGAGATGAGAGCCAAAAACATTCANTACTTC	CASSLGEMRAKNI?YF	TRBV28*01	TRBD1*01	TRBJ2-4*01	TRBC	assemble1087	0
4	9.963633e-03	TGTGCCAGTAGTATCAATTTCCCAGGATACGAGCAGTACTTC	CASSINFPGYEQYF	TRBV19*01	.	TRBJ2-7*01	TRBC	assemble976	0
4	1.793698e-03	TGTCAGCAATATCTTTTTAATCCCCTCACTTTC	CQQYLFNPLTF	IGKV4-1*01	.	IGKJ4*01	IGKC	assemble404	0
4	1.793698e-03	TGTCAGCAACATTCTAGTCTTCCTAAGACTTTN	CQQHSSLPKT?	IGKV4-1*01	.	IGKJ4*01	IGKC	assemble960	0
4	7.233273e-03	TGTTCGTCCCTTCGTGACAATTCGGACTACTACTTTGACTATTGG	CSSLRDNSDYYFDYW	IGHV1-69*02	IGHD4-17*01	IGHJ4*02	IGHG1	assemble1002	0
4	1.793698e-03	TGCACCTCATATACAACCAGCAGCACCCTGGTGTTC	CTSYTTSSTLVF	IGLV2-8*01	.	IGLJ3*02	IGLC	assemble1269	0
4	1.793698e-03	TGCATGCAAGAACTACACCTTCCTCCGACTTTC	CMQELHLPPTF	IGKV2-29*02	.	IGKJ4*01	IGKC	assemble1554	0
4	1.793698e-03	TGTCTTCAAGATTTCAATTACCCGGTGACGTTC	CLQDFNYPVTF	IGKV1-6*01	.	IGKJ1*01	IGKC	assemble1098	0
4	1.793698e-03	TGTATGATTTGGGACAGTAATACCTGGGTGTTC	CMIWDSNTWVF	IGLV5-48*02	.	IGLJ3*02	IGLC	assemble1080	0
4	9.963633e-03	TGTGCCAGCAGTTACTCCGCAGATGTCTTTGGCTACACCTTC	CASSYSADVFGYTF	TRBV6-6*01	.	TRBJ1-2*01	TRBC	assemble772	0
4	7.233273e-03	TGTGCGAAAGAAGGTGTGCATAGTGGCTGCGATCTTGACTACTGG	CAKEGVHSGCDLDYW	IGHV1-3*01	IGHD5-12*01	IGHJ4*02	.	assemble1179	0
4	1.793698e-03	TGCAGTTCATATAGAAGCAGCTCCACTCCCGTGTTC	CSSYRSSSTPVF	IGLV2-14*01	.	IGLJ3*02	IGLC	assemble1315	0
4	7.233273e-03	TGTGCGCGAGAGAATCCCTGTAGTGGCATAATCTGTCACTCCTATTACTTTGACTCCTGG	CARENPCSGIICHSYYFDSW	IGHV3-7*01	IGHD3-22*01	IGHJ4*02	IGHG4	assemble694	0
4	1.793698e-03	TGTCAGGTGTGGGATATTAGTAGTGATCATCGAGTGTTC	CQVWDISSDHRVF	IGLV3-21*01	.	IGLJ3*02	IGLC	assemble1455	0
4	1.793698e-03	TGCAACTCATATGCAGGCAACAACAATGTCTATGTGATATTC	CNSYAGNNNVYVIF	IGLV2-34*01	.	IGLJ2*01	IGLC	assemble1268	0
4	1.793698e-03	TGCAACTCATATACAACCGGCAACTCTTGGGTGTTC	CNSYTTGNSWVF	IGLV2-14*01	.	IGLJ3*02	IGLC	assemble1558	0
4	1.793698e-03	TGTCAGCAGTTTGGTAGTTCACCGTGGACGTTC	CQQFGSSPWTF	IGKV3-20*01	.	IGKJ1*01	IGKC	assemble1345	0
4	1.793698e-03	TGTCAGCAATATCATAGCGCTCCTCGGACGTTC	CQQYHSAPRTF	IGKV4-1*01	.	IGKJ1*01	IGKC	assemble986	0
4	1.412280e-02	TGTGCTGTGCAGTCGGGAGGAGGAAGCCAAGGAAATCTCATCTTT	CAVQSGGGSQGNLIF	TRAV20*02	.	TRAJ42*01	.	assemble128	0
4	7.233273e-03	TGTGTGGGGGACGGGTCAGTTGGTGTACTGGGAACTGTTTGGCTCGACCCCTGG	CVGDGSVGVLGTVWLDPW	IGHV3-48*03	IGHD1-26*01	IGHJ5*02	.	assemble1201	0
4	1.793698e-03	TGCGGAACATGGGATAGCAGCCTGAGTGCCGTGGTTTTC	CGTWDSSLSAVVF	IGLV1-51*01	.	IGLJ2*01	IGLC	assemble1169	0
4	7.233273e-03	TGTGCACGAGGGAAGTACAGCAGTTTCGACTACTGG	CARGKYSSFDYW	IGHV6-1*01	IGHD6-19*01	IGHJ5*01	IGHG2	assemble539	0
4	1.793698e-03	TGCAGCTCATATGCAGGCAGCAACAATTTCGTGCTATTC	CSSYAGSNNFVLF	IGLV2-8*01	.	IGLJ2*01	IGLC	assemble1709	0
3	1.712981e-03	TACTGCTCGAGTGCAGGTCCGGACACTTTGATGTTC	YCSSAGPDTLMF	IGLV2-23*01	.	IGLJ3*02	IGLC	assemble6	0
3	1.681592e-03	TGCATGCAATCTCGACAAACTCCTCGGACGTTC	CMQSRQTPRTF	IGKV2-28*01	.	IGKJ1*01	IGKC	assemble396	0
3	1.614328e-03	TGTCAGCAATATTATAGTATTCCTCGAACTTTT	CQQYYSIPRTF	IGKV4-1*01	.	IGKJ2*01	IGKC	assemble342	0
3	1.547064e-03	TGCATGCAAACTCTGCAAGTTCCTCAAACTTTC	CMQTLQVPQTF	IGKV2-28*01	.	IGKJ3*01	IGKC	assemble5	1
3	1.538096e-03	TGCTGTTCATATACAAGCAGTAACACTTATGTCTTC	CCSYTSSNTYVF	IGLV2-23*01	.	IGLJ1*01	IGLC	assemble392	0
3	1.520159e-03	TACTGCTCGAGTGCAGGTCCTGACACTTTGGTGTTC	YCSSAGPDTLVF	IGLV2-23*01	.	IGLJ3*02	IGLC	assemble6	0
3	1.515675e-03	TGTCAGCAATATTATAGTATATTTCGGACGTTC	CQQYYSIFRTF	IGKV4-1*01	.	IGKJ1*01	IGKC	assemble240	0
3	1.493253e-03	TGCTGCTCCACTACAGACAGTTACACCTGGGTGTTC	CCSTTDSYTWVF	IGLV2-14*03	.	IGLJ3*02	IGLC	assemble212	0
3	1.493253e-03	TGCCAAGTTTATAATAATTATTGGACGTTC	CQVYNNYWTF	IGKV1-5*01	.	IGKJ1*01	IGKC	assemble1099	0
3	1.475316e-03	TGCAGCTCATATGCAGGCAGCCTTTGGGTTTTC	CSSYAGSLWVF	IGLV2-8*01	.	IGLJ3*02	IGLC	assemble139	0
3	5.858951e-03	TGTGCGGCGTGGACGAGTGGCAGCTACTGG	CAAWTSGSYW	IGHV3-7*03	IGHD1-26*01	IGHJ4*02	IGHG2	assemble30	1
3	1.345273e-03	TGCATGCAAACTATACAAGTTCCCTGGACATTC	CMQTIQVPWTF	IGKV2-28*01	.	IGKJ1*01	IGKC	assemble1188	0
3	1.345273e-03	TGCCAACACTATAGTAGTTATCCCTACACTTTT	CQHYSSYPYTF	IGKV1-5*01	.	IGKJ2*01	IGKC	assemble1150	0
3	1.345273e-03	TGTCAACTGCTTAAAGGTTACCCTCAAGCGTTC	CQLLKGYPQAF	IGKV1-9*01	.	IGKJ1*01	IGKC	assemble1195	0
3	7.472725e-03	TGTGCCAGCAGCATCATCGAGGGCTACTCCTACGAGCAGTACTTC	CASSIIEGYSYEQYF	TRBV7-8*01	TRBD2*02	TRBJ2-7*01	TRBC	assemble959	0
3	1.345273e-03	TGTATGATTTGGCACAACAGCGCTTGGGTGTTC	CMIWHNSAWVF	IGLV5-45*02	.	IGLJ3*02	IGLC	assemble253	0
3	1.345273e-03	TGCAGTTCATATATAACCAGTAACAGTGTGGTGTTC	CSSYITSNSVVF	IGLV2-14*01	.	IGLJ2*01	IGLC	assemble1486	0
3	1.345273e-03	TGTGTACACTATGATCACTGGCCCACCTTC	CVHYDHWPTF	IGKV3-15*01	.	IGKJ5*01	IGKC	assemble1260	0
3	1.345273e-03	TGCATGCAAACTCTACAAGCTCCTCAAACTTTC	CMQTLQAPQTF	IGKV2-28*01	.	IGKJ3*01	IGKC	assemble191	1
3	1.345273e-03	TGTCAGCAACATAAAGACTGGCCTCTCACCTTC	CQQHKDWPLTF	IGKV3-15*01	.	IGKJ5*01	IGKC	assemble1559	0
3	1.345273e-03	TGTCAGCAGTATGGTAATTCACTTCCGATCACTTTC	CQQYGNSLPITF	IGKV3-20*01	.	IGKJ4*01	IGKC	assemble1367	0
3	1.345273e-03	TGTCAGCACTATGATGGCTCAAGTTACACTTTT	CQHYDGSSYTF	IGKV3D-20*02	.	IGKJ2*01	IGKC	assemble2018	0
3	5.424955e-03	TGTGTGGGGCACGGTGGCAAATCCTTCCCGCACTGG	CVGHGGKSFPHW	IGHV4-34*01	IGHD4-23*01	IGHJ1*01	.	assemble831	0
3	1.345273e-03	TGTCAGCAATATTTTACTGTTCCGCTCACTTTC	CQQYFTVPLTF	IGKV4-1*01	.	IGKJ4*01	IGKC	assemble904	0
3	1.345273e-03	TGTCAGGCGTGGGACAGCACTACTGCTGTGNTATTC	CQAWDSTTAV?F	IGLV3-1*01	.	IGLJ2*01	IGLC	assemble2141	0
3	5.424955e-03	TGTGCGAGAGACGGTTATAGCAGTGCCTGGTACCCCCCAAAGGACGGTATGGACGTCTGG	CARDGYSSAWYPPKDGMDVW	IGHV1-3*01	IGHD6-19*01	IGHJ6*02	IGHG1	assemble1209	0
3	1.059210e-02	TGCATCGTCAGAGTCGCGTCTGGCAACACAGGCAAACTAATCTTT	CIVRVASGNTGKLIF	TRAV26-1*01	.	TRAJ37*01	.	assemble1009	0
3	1.345273e-03	TGTCAGCAATATTATAGTTTTCCTCGAACTTTT	CQQYYSFPRTF	IGKV4-1*01	.	IGKJ2*01	IGKC	assemble1860	0
3	1.345273e-03	TGTCAGCAGTATGATTCCGCACCATTCACTTTC	CQQYDSAPFTF	IGKV3-20*01	.	IGKJ3*01	IGKC	assemble936	0
3	1.345273e-03	TGTCAGCACTATGGTAGCTCACCTCCGATGTACACTTTT	CQHYGSSPPMYTF	IGKV3-20*01	.	IGKJ2*01	IGKC	assemble689	0
3	1.345273e-03	TGTCAAAAATATAACAGTGCCCCTCTCACTTTC	CQKYNSAPLTF	IGKV1-27*01	.	IGKJ4*01	IGKC	assemble2259	0
3	1.345273e-03	TGCATGCAAGGTTCATACTGGCCTCCGACTTTC	CMQGSYWPPTF	IGKV2-30*01	.	IGKJ4*01	IGKC	assemble850	0
3	5.424955e-03	TGTGCGAGGTCTCGAGCTGCGCGCCCGGCAGACTTCTGG	CARSRAARPADFW	IGHV4-4*07	IGHD2-15*01	IGHJ4*02	.	assemble1838	0
3	1.345273e-03	TGCTGCTCAAAAGCAGGCACTAACAGTCGTGTGGTATTC	CCSKAGTNSRVVF	IGLV2-11*01	.	IGLJ2*01	IGLC	assemble2014	0
3	1.345273e-03	TGCCAGTCCTATGACAACCTGCGTCGTTCGGGAGTATTC	CQSYDNLRRSGVF	IGLV1-40*01	.	IGLJ2*01	IGLC	assemble1931	0
3	7.472725e-03	TGTGCCAGCAGCGCCTGGGGGGATAATTCACCCCTCCACTTT	CASSAWGDNSPLHF	TRBV6-6*05	TRBD2*01	TRBJ1-6*01	TRBC	assemble2032	0
3	1.345273e-03	TGCAGCTCATATCAATACATTAAGTTATTC	CSSYQYIKLF	IGLV2-8*01	.	IGLJ2*01	IGLC	assemble2023	0
3	7.472725e-03	TGTGCCAGCAGTTTATCGTGGACTAGCAGCAATGAGCAGTTCTTC	CASSLSWTSSNEQFF	TRBV27*01	TRBD2*01	TRBJ2-1*01	TRBC	assemble785	0
3	5.424955e-03	TGTGCNAAAGATTTCTGGCAGCAACACCCGACTCCACACCCGTTTGACTACTGG	C?KDFWQQHPTPHPFDYW	IGHV1-3*01	IGHD3-3*01	IGHJ4*02	IGHG2	assemble555	0
3	5.424955e-03	TNTGCGAGGCACGGTGGCAAATACCTCCAGCACTGG	?ARHGGKYLQHW	IGHV4-61*07	IGHD4-23*01	IGHJ1*01	IGHA2	assemble1263	0
3	1.345273e-03	TGCACCTCATATACAACCAAAAAGACTTTTTTGTTC	CTSYTTKKTFLF	IGLV2-14*01	.	IGLJ3*02	IGLC	assemble1637	0
3	1.345273e-03	TGTATGATTTGGTACAACAGCGCTTGGGTGATC	CMIWYNSAWVI	IGLV5-45*02	.	IGLJ3*02	IGLC	assemble253	0
3	5.424955e-03	TGTGTAAGAGATAATTATGGTGTTGACTACTGG	CVRDNYGVDYW	.	IGHD2-21*02	IGHJ4*02	IGHG2	assemble777	0
3	1.345273e-03	TGCAGCTCATATACAACCAGCAGCACTTGGGTCTTC	CSSYTTSSTWVF	IGLV2-34*01	.	.	.	assemble1498	0
3	5.424955e-03	TGTGCGAGACGGGGTATCGGTTCCCCTGACTACTGG	CARRGIGSPDYW	.	IGHD2-21*02	IGHJ4*02	IGHG2	assemble641	0
3	1.345273e-03	TGTCAACAGCGTGAAAACTGGCCGCTCACTTTC	CQQRENWPLTF	IGKV3-11*01	.	IGKJ4*01	IGKC	assemble1006	0
3	1.345273e-03	TGTCAACAGTATGTCTACATTCCGTACACTTTT	CQQYVYIPYTF	IGKV4-1*01	.	IGKJ2*01	IGKC	assemble475	0
3	1.345273e-03	TGCCAACAATATAATAAATACTACACTTTT	CQQYNKYYTF	IGKV1-5*01	.	IGKJ2*01	IGKC	assemble1249	0
3	5.424955e-03	TGTGCACACAGACTGGGGCTCGGATGGAGTGATGCTTTTGATATCTGG	CAHRLGLGWSDAFDIW	IGHV2-5*01	IGHD3-16*01	IGHJ3*02	IGHM	assemble1301	0
3	1.345273e-03	TGCACCTCATATACAGGCAGCTTCGGAGTCTTC	CTSYTGSFGVF	IGLV2-34*01	.	IGLJ1*01	IGLC	assemble2193	0
3	1.345273e-03	AGTATTCCTTCGATCACCTTC	SIPSITF	IGKV4-1*01	.	IGKJ5*01	IGKC	assemble1852	0
3	1.345273e-03	TGCGGAACATGGGATGGCAAGGTGTTC	CGTWDGKVF	IGLV1-51*01	.	IGLJ3*02	IGLC	assemble1346	0
2	1.304915e-03	TGTCAGCAATACTCTGGTACTCCGTACACTTTT	CQQYSGTPYTF	IGKV4-1*01	.	IGKJ2*01	IGKC	assemble206	0
2	1.197293e-03	TGCATCCAAACTTCACAATTTCCGCTCACTCTC	CIQTSQFPLTL	IGKV2-24*01	.	IGKJ4*01	IGKC	assemble800	0
2	1.197293e-03	TGCCTGCAAGCTCGACAAACCCCGTGGACGTTC	CLQARQTPWTF	IGKV2-28*01	.	IGKJ1*01	IGKC	assemble1286	0
2	4.828210e-03	TGTGCGAGAGGGGGAGACTGGCGGACTGACTACTGG	CARGGDWRTDYW	IGHV4-61*05	IGHD2-21*02	IGHJ4*02	IGHG2	assemble288	0
2	1.161419e-03	TGCAGTTCACGGAGAGGCGGCAGGAATTATGTCTTC	CSSRRGGRNYVF	IGLV2-14*01	.	IGLJ1*01	IGLC	assemble75	0
2	1.143482e-03	TACTGCTCGAGTGCAGGTCGTGGCACTTTGGTGTTC	YCSSAGRGTLVF	IGLV2-23*01	.	IGLJ3*02	IGLC	assemble6	0
2	1.134514e-03	TGCATGCAAGGTCTACAAGGTTTNACCTTC	CMQGLQG?TF	IGKV2-28*01	.	IGKJ5*01	IGKC	assemble204	0
2	1.121061e-03	TGTTTACAACATAACATTTTCCCTCTCACTTTC	CLQHNIFPLTF	IGKV1-39*01	.	IGKJ4*01	IGKC	assemble583	0
2	1.076219e-03	TGTCAGCAATATTATAATACTCCTCGAACTTTT	CQQYYNTPRTF	IGKV4-1*01	.	IGKJ2*01	IGKC	assemble342	0
2	1.076219e-03	TGCATGGAGGCTCTAGAAGCGAACAGTTTT	CMEALEANSF	IGKV2-30*02	.	IGKJ2*03	IGKC	assemble17	0
2	1.058282e-03	TGTCAGCAGCGTAGCAGCTGGCCGCTCACTTTC	CQQRSSWPLTF	IGKV3-11*01	.	IGKJ4*01	IGKC	assemble42	0
2	1.008955e-03	TGCGTTCAAGCTCTACAAACTCCGTACACTTTT	CVQALQTPYTF	.	.	IGKJ2*01	IGKC	assemble354	0
2	8.968489e-04	TGCGTGCAATTTACACAATTTCCTCAAAGTTTT	CVQFTQFPQSF	IGKV2-24*01	.	IGKJ2*03	IGKC	assemble1484	0
2	8.968489e-04	TGTCTCCAGCATGTTTATTATCCGTACACTTTT	CLQHVYYPYTF	IGKV1-17*01	.	IGKJ2*01	IGKC	assemble1835	0
2	7.061399e-03	TGTGCTCTGAGTGGGTTCACGGGAGGAGGAAACAAACTCACCTTT	CALSGFTGGGNKLTF	TRAV19*01	.	TRAJ10*01	.	assemble659	0
2	8.968489e-04	TGTCAACACAATTGGGACTACATATTT	CQHNWDYIF	IGKV3-15*01	.	IGKJ2*01	IGKC	assemble817	0
2	8.968489e-04	TGCATGGAAGGTACACACTGGCCTCAGGGGTACACTTTT	CMEGTHWPQGYTF	IGKV2-30*01	.	IGKJ2*01	IGKC	assemble3546	0
2	8.968489e-04	TGTCAGCAATATTACAATACTCCTGTCACTTTC	CQQYYNTPVTF	IGKV4-1*01	.	IGKJ4*01	IGKC	assemble222	0
2	8.968489e-04	TGCCTACAGTATAAAAGTTATTCTCCGTACACTTTT	CLQYKSYSPYTF	IGKV1-5*01	.	IGKJ2*01	IGKC	assemble1925	0
2	8.968489e-04	TGTCTGCAATATAAGATTTATCCTTTCACCTTC	CLQYKIYPFTF	.	.	IGKJ3*01	IGKC	assemble2909	0
2	3.616637e-03	TGTGCGAGACGATTGCCCTTGTACGGGATGGACGTCTGG	CARRLPLYGMDVW	IGHV3-48*03	IGHD2-8*02	IGHJ6*02	IGHG2	assemble1711	0
2	3.616637e-03	TGTACGTCCCGTATCAAAACTACAAATGAGTACTGG	CTSRIKTTNEYW	.	IGHD2-8*02	IGHJ4*02	IGHG2	assemble1919	0
2	3.616637e-03	TGTGCATCTCTTGACTACTGG	CASLDYW	IGHV3-48*03	IGHD2-21*02	IGHJ4*02	.	assemble1327	0
2	8.968489e-04	TGCCAACAGTATAAGAGTTATTGGACATTC	CQQYKSYWTF	IGKV1-5*01	.	IGKJ1*01	IGKC	assemble3543	0
2	3.616637e-03	TGTACGAGAGATCCCCCGGGCTACTGG	CTRDPPGYW	.	IGHD1-26*01	IGHJ4*02	.	assemble2919	0
2	8.968489e-04	TGTCAGTCTTATGACTCCAAAATTCAGATTTTC	CQSYDSKIQIF	IGLV6-57*01	.	.	.	assemble3613	0
2	4.981816e-03	TGTGCCAGCAGTGCCTCGGACAGGATGAACACTGAAGCTTTCTTT	CASSASDRMNTEAFF	TRBV6-2*01	TRBD1*01	TRBJ1-1*01	TRBC	assemble2055	0
2	4.981816e-03	TGTGCCAGCAGCTTAGGGCAGCCCACAGATACGCAGTATTTT	CASSLGQPTDTQYF	TRBV7-2*01	.	TRBJ2-3*01	TRBC	assemble1832	0
2	8.968489e-04	TGTCTACAGCATAATAGTTTCCCGTACACTTTT	CLQHNSFPYTF	IGKV1-17*01	.	IGKJ2*01	IGKC	assemble2369	0
2	7.061399e-03	TGCATCGTCAGAGGTCAAACTGGGGCAAACAACCTCTTCTTT	CIVRGQTGANNLFF	TRAV26-1*01	.	TRAJ36*01	TRAC	assemble1621	0
2	3.616637e-03	TGTGCGAGAGGATCTGCCACGGGCCTTGACCAGTGG	CARGSATGLDQW	IGHV4-34*01	IGHD6-19*01	IGHJ4*02	IGHG2	assemble880	0
2	8.968489e-04	TGTCAGCAACGTAGTGAGTGGCTCACTTTC	CQQRSEWLTF	IGKV3-11*01	.	IGKJ4*01	IGKC	assemble1257	0
2	8.968489e-04	TGCGCAACATGGGAAAGCAGCCTGAGTGTCGTGGTGTTC	CATWESSLSVVVF	IGLV1-51*01	.	IGLJ2*01	IGLC	assemble2171	0
2	8.968489e-04	TGCATGCAAGCTTCACAGTGGCCCTTCACTTTC	CMQASQWPFTF	IGKV2D-18*01	.	IGKJ3*01	IGKC	assemble630	0
2	7.061399e-03	TGTGCAGCAAGCGGCGACTCTAGCAACACAGGCAAACTAATCTTT	CAASGDSSNTGKLIF	TRAV29/DV5*01	.	TRAJ37*02	.	assemble2401	0
2	8.968489e-04	TGTGCAGCATGGGATGACAGCCTTTTTTGGGTGTTC	CAAWDDSLFWVF	IGLV1-44*01	.	IGLJ3*02	IGLC	assemble1855	0
2	7.061399e-03	TGTATAGGAGGAGGTGCTGACGGACTCACCTTT	CIGGGADGLTF	TRAV25*01	.	TRAJ45*01	.	assemble1629	0
2	3.616637e-03	TGTGTCGGTGATCACTTGAGACACTGG	CVGDHLRHW	IGHV3-35*01	IGHD4-23*01	IGHJ1*01	.	assemble2097	0
2	3.616637e-03	TGTGCGAGAAAAGTTCCTGGGAACCACCCTCTTGACTCCTGG	CARKVPGNHPLDSW	IGHV1-3*01	IGHD1-14*01	IGHJ4*02	.	assemble1489	0
2	8.968489e-04	TGCTTGCTCTCCTATAGTGGTGCTCGAGTATTC	CLLSYSGARVF	IGLV7-46*01	.	IGLJ2*01	IGLC	assemble1777	0
2	3.616637e-03	TGTGCGACAGAGTTGTGGGGCCCGGGTGACTACTGG	CATELWGPGDYW	IGHV3-11*01	IGHD2-21*02	IGHJ4*02	.	assemble1400	0
2	8.968489e-04	TGCAGCTCATATACAAACACCAACGGTTTTTATGTCTTC	CSSYTNTNGFYVF	IGLV2-14*01	.	IGLJ1*01	IGLC	assemble2903	0
2	8.968489e-04	TGTATGCAGCGTAAAGAGTTTCCCCGCACGTTT	CMQRKEFPRTF	.	.	IGKJ2*02	IGKC	assemble1921	0
2	8.968489e-04	TGTCACCAGCGTAGCAACTGGCCTCTCACTTTC	CHQRSNWPLTF	IGKV3-11*01	.	IGKJ4*01	IGKC	assemble1513	0
2	8.968489e-04	TGTCACTCTTATGATACCATCAATCAAATATTC	CHSYDTINQIF	IGLV6-57*01	.	IGLJ2*01	IGLC	assemble2139	0
2	8.968489e-04	TGCAGCTCACAGAGAGGCGGCAATGATTATGTCTTC	CSSQRGGNDYVF	IGLV2-14*01	.	IGLJ1*01	IGLC	assemble2210	0
2	8.968489e-04	TGTCTACACCATAATAGGTATCCTCTCACTTTC	CLHHNRYPLTF	IGKV1-17*01	.	IGKJ4*01	IGKC	assemble1545	0
2	8.968489e-04	TGTCAGCAGTATGGTGGCTCACCCCTGTTCACTTTC	CQQYGGSPLFTF	IGKV3-15*01	.	IGKJ3*01	IGKC	assemble2229	0
2	8.968489e-04	TGTCAACGACATGGTGGCTCACCCCTGTACACTTTT	CQRHGGSPLYTF	IGKV3-20*01	.	IGKJ2*01	IGKC	assemble951	0
2	8.968489e-04	TGTCAGCAGTATGGTAACTCAAGGTTCACTTTT	CQQYGNSRFTF	IGKV3-20*01	.	IGKJ3*01	IGKC	assemble1475	0
2	8.968489e-04	TGCCTCTCACATGGAGGCAATAAGAATTATGTCTTC	CLSHGGNKNYVF	IGLV2-8*01	.	IGLJ1*01	IGLC	assemble1022	0
2	7.061399e-03	TGTGCCTTTAAAGATAATGCAGGCAACATGCTCACCTTT	CAFKDNAGNMLTF	TRAV24*01	.	TRAJ39*01	TRAC	assemble608	0
2	8.968489e-04	TGTCAACAGGGATTCACTTTC	CQQGFTF	IGKV1-8*01	.	IGKJ3*01	IGKC	assemble1950	0
2	8.968489e-04	TGTAACTCCCGGGACAACAGTGGCAATTGGGTATTC	CNSRDNSGNWVF	IGLV3-19*01	.	IGLJ2*01	IGLC	assemble2306	0
2	8.968489e-04	TGCGTGCAACCTCTACAAACGCCGTGGACATTN	CVQPLQTPWT?	.	.	IGKJ1*01	IGKC	assemble150	0
2	3.616637e-03	TGTGCGCGAAAGAGTTAATTGACTGATTGG	CARKS_LTDW	IGHV3-7*02	IGHD3-9*01	IGHJ4*02	IGHG2	assemble1522	0
2	3.616637e-03	TGTGCGAGAGGTCTAGATGATGCGTGGGAACTTATGG	out_of_frame	IGHV4-61*03	IGHD1-26*01	.	.	assemble1262	0
2	5.000000e-01	TGTGCTGCGTGGGATTATGGGCGTTATTATAAGAAACTCTTT	CAAWDYGRYYKKLF	TRGV10*02	.	TRGJ1*01	TRGC	assemble668	0
2	8.968489e-04	TGTCAGTCCTATGACAGCAGCCTGAGTGCTTGGGTGTTC	CQSYDSSLSAWVF	IGLV1-40*01	.	IGLJ3*02	IGLC	assemble749	0
2	8.968489e-04	TGTCTGCAGTATGAAACTTTT	CLQYETF	IGKV3-20*01	.	IGKJ2*01	IGKC	assemble1572	0
2	8.968489e-04	TGTCAGCAACATTATAATTCTCCTCCGACCTTC	CQQHYNSPPTF	IGKV4-1*01	.	IGKJ1*01	IGKC	assemble2902	0
2	8.968489e-04	TGCAGCTCATATGGAGGCATGAGGAATGTGAAATTC	CSSYGGMRNVKF	IGLV2-8*01	.	IGLJ2*01	IGLC	assemble2266	0
2	4.981816e-03	TGCAGCCATCATACGAACACCGGGGAGCTGTTTTTT	CSHHTNTGELFF	TRBV29-1*01	TRBD2*01	TRBJ2-2*01	TRBC	assemble996	0
2	8.968489e-04	TGCCAACAGTCTAATACTTATCCTTTCAGTTTC	CQQSNTYPFSF	IGKV1-5*01	.	.	IGKC	assemble1808	0
2	3.616637e-03	TGTTCCCACGACGAGCACTTTAATTTTGGTATGCACGTCTGG	CSHDEHFNFGMHVW	IGHV3-22*01	IGHD2-21*01	IGHJ6*02	.	assemble2901	0
2	8.968489e-04	TGTCAACAATATTTACACATTCCGTTCACTTTT	CQQYLHIPFTF	IGKV4-1*01	.	IGKJ2*01	IGKC	assemble1932	0
2	8.968489e-04	TGCAGTTCATATGTAACCAACGAGCATTATGTCTTC	CSSYVTNEHYVF	IGLV2-8*01	.	IGLJ1*01	IGLC	assemble2058	0
2	8.968489e-04	TGTCAGCAGTATAATAACTGGCTCAGGACGTTC	CQQYNNWLRTF	IGKV3-15*01	.	IGKJ1*01	IGKC	assemble1524	0
2	8.968489e-04	TGTCAGCAATATGGTAGTTCACCTCGGACGTTC	CQQYGSSPRTF	IGKV3D-11*03	.	IGKJ1*01	IGKC	assemble633	0
2	8.968489e-04	TGCCTCTCACATGGAGGCAAAAACAACTATGTCTTC	CLSHGGKNNYVF	IGLV2-8*01	.	IGLJ1*01	IGLC	assemble1022	0
2	8.968489e-04	TGTTACTCAACAGACAGCAGTGGTAATCATTATGTCTTC	CYSTDSSGNHYVF	IGLV3-10*01	.	IGLJ1*01	IGLC	assemble1840	0
2	8.968489e-04	TGCATGCAGGCTCTAAAAAGCCCTGACACTTTT	CMQALKSPDTF	IGKV2-28*01	.	IGKJ2*01	IGKC	assemble3461	0
2	8.968489e-04	TGCAGCTCATATGCAGACAGCAACAATTTGGTATTC	CSSYADSNNLVF	IGLV2-8*01	.	IGLJ2*01	IGLC	assemble2028	0
2	8.968489e-04	TGCATGCAAGGTATACACCTTCCCTACCCTTTT	CMQGIHLPYPF	IGKV2-29*02	.	IGKJ2*01	IGKC	assemble1624	0
2	8.968489e-04	TGTTTGCTCTCCTATACTGATACTCGGGTATTC	CLLSYTDTRVF	IGLV7-46*01	.	IGLJ2*01	IGLC	assemble2049	0
2	8.968489e-04	TGCGTGCAACCTCTACAAACGCCGTGGACATTC	CVQPLQTPWTF	.	.	IGKJ1*01	IGKC	assemble150	0
2	8.968489e-04	TGTGCAGCATGGGATGACAGCCTGAATGGTCAGGTCTTC	CAAWDDSLNGQVF	IGLV1-44*01	.	IGLJ1*01	IGLC	assemble2409	0
2	8.968489e-04	TGTCAACAATATTATGGTGTTCCGATCACCTTC	CQQYYGVPITF	IGKV4-1*01	.	IGKJ5*01	IGKC	assemble488	0
2	8.968489e-04	TGTCAACAGCATAATAGTTGGTTC	CQQHNSWF	IGKV1-NL1*01	.	IGKJ1*01	IGKC	assemble1628	0
2	7.061399e-03	TGCCTCGTGGGTGACATAACTGACAGCTGGGGGAAATTCGAGTTT	CLVGDITDSWGKFEF	TRAV4*01	.	TRAJ24*01	.	assemble958	0
2	8.968489e-04	TGTCAACAGAGTTACAGTACCCCTCACACTTTT	CQQSYSTPHTF	IGKV1-39*01	.	IGKJ2*01	IGKC	assemble3495	0
2	3.616637e-03	TGTGCGAGAGATATACTGCGGAGTGACGGCTATGGTCTTGATATCTGG	CARDILRSDGYGLDIW	IGHV1-3*01	IGHD2-21*02	IGHJ3*02	.	assemble2904	0
2	8.968489e-04	TGTCAGCAGCATGATGGTTCATTGTACACTTTT	CQQHDGSLYTF	IGKV3-11*01	.	IGKJ2*01	IGKC	assemble771	0
2	3.616637e-03	TGTGCGAGAGATAATATAGGTGTTTTTGATATCTGG	CARDNIGVFDIW	IGHV1-18*01	IGHD2-15*01	IGHJ3*02	IGHA2	assemble2098	0
2	8.968489e-04	TGCCTGCTCTACTATGGTAGTGGTTTTGTCTTC	CLLYYGSGFVF	IGLV7-43*01	.	IGLJ1*01	IGLC	assemble2088	0
2	8.968489e-04	TGTCAACAACTTAGTAGATACCCGTACACTTTT	CQQLSRYPYTF	IGKV1-9*01	.	IGKJ2*01	IGKC	assemble750	0
2	8.968489e-04	TGCTTGCAAGGTACACACTGGCCGTGGACGTTC	CLQGTHWPWTF	IGKV2-30*01	.	IGKJ1*01	IGKC	assemble1953	0
2	8.968489e-04	TGTCTACAAGATTATAATTATCCCTTCACTTTC	CLQDYNYPFTF	IGKV1-6*01	.	IGKJ3*01	IGKC	assemble2397	0
2	8.968489e-04	TGTCAGCACTATTACAATGCTCCGCTCACTTTC	CQHYYNAPLTF	IGKV4-1*01	.	IGKJ4*01	IGKC	assemble2037	0
2	3.616637e-03	TGTACCACAGACTCCTACGATGGGCCGGACTACTTTGACTATTGG	CTTDSYDGPDYFDYW	IGHV3-15*07	IGHD4-17*01	IGHJ4*02	.	assemble2059	0
2	7.061399e-03	TGTGCTACGGACAACAATGCCAGACTCATGTTT	CATDNNARLMF	TRAV17*01	.	TRAJ31*01	TRAC	assemble1086	0
2	3.616637e-03	TGTACTAGAGGGGGGGCGCAGCAAGTGGCCGACACATACTGGCGCCCTATGGACGTCTGG	CTRGGAQQVADTYWRPMDVW	IGHV3-49*01	IGHD2-2*02	IGHJ6*02	IGHM	assemble1924	0
2	8.968489e-04	TGTCAGCATTATGATAATTCACGGACGTTC	CQHYDNSRTF	IGKV3-20*01	.	IGKJ1*01	IGKC	assemble722	0
2	8.968489e-04	TGTCATCAGAGTAGTAGTGTACCGTACACTTTT	CHQSSSVPYTF	IGKV6-21*01	.	IGKJ2*01	IGKC	assemble565	0
2	8.968489e-04	TGTCAACAGAGTCACAGTATCCTCGGGGGGCTCACTTTT	CQQSHSILGGLTF	IGKV1-39*01	.	IGKJ4*01	IGKC	assemble2064	0
2	8.968489e-04	TGTGCATCGTGGGATGACAGCCGGAAAGGTTATGTCTTC	CASWDDSRKGYVF	IGLV1-44*01	.	IGLJ1*01	IGLC	assemble3509	0
2	8.968489e-04	TGTCAGCAATACTATAATACTCCTCCGGCGTTC	CQQYYNTPPAF	IGKV4-1*01	.	IGKJ1*01	IGKC	assemble1937	0
2	4.981816e-03	TGTGCCAGCAGCCGGCTAGCGGGAGGCCTTAACCATGAGCAGTTCTTC	CASSRLAGGLNHEQFF	TRBV7-8*03	TRBD2*02	TRBJ2-1*01	TRBC	assemble646	0
2	3.616637e-03	TGTGCGAGGGGATTTGGGTTGGACCTCTGG	CARGFGLDLW	IGHV3-33*02	IGHD3-10*01	IGHJ6*02	.	assemble1923	0
1	8.609750e-04	TGTCAACANTATTTCAATACTCCTGTCACTTTC	CQ?YFNTPVTF	IGKV4-1*01	.	IGKJ4*01	IGKC	assemble76	1
1	8.609750e-04	TGTCNACAATATTTCAATACTCCTGTCACTTTC	C?QYFNTPVTF	IGKV4-1*01	.	IGKJ4*01	IGKC	assemble76	1
1	8.564907e-04	TGTCAGCAACGTAGCAACTGGCCGCTCACTTTC	CQQRSNWPLTF	IGKV3-11*01	.	IGKJ4*01	IGKC	assemble42	0
1	4.483635e-03	TGTGNCAGCAGCCGACTAGCGGTTGGCTACAATGAGCAGTTCTTC	C?SSRLAVGYNEQFF	TRBV13*01	TRBD2*01	TRBJ2-1*01	TRBC	assemble108	0
1	8.071640e-04	TGTCAACAACGTGGCAACTGGCCGCTCACTTTC	CQQRGNWPLTF	IGKV3-11*01	.	IGKJ4*01	IGKC	assemble42	0
1	8.026798e-04	TGTCAGCAACGTAGCACCTGGCCGCTCACTTTC	CQQRSTWPLTF	IGKV3-11*01	.	IGKJ4*01	IGKC	assemble42	0
1	7.623216e-04	TACTGCTCGAGTGCAGGTCCTGACACTTNGGTGTTC	YCSSAGPDT?VF	IGLV2-23*01	.	IGLJ3*02	IGLC	assemble6	0
1	7.488688e-04	TGCCAAGTTTATAATAAATATTGGACGTTC	CQVYNKYWTF	IGKV1-5*01	.	IGKJ1*01	IGKC	assemble1099	0
1	7.488688e-04	TGTCAGCAGTATAATAACTGGCCTCTGACTTTC	CQQYNNWPLTF	IGKV3-15*01	.	IGKJ4*01	IGKC	assemble329	0
1	7.488688e-04	TGTCAGTCTTTTGATAACTACAATCAGGTGTTC	CQSFDNYNQVF	IGLV6-57*01	.	IGLJ3*02	IGLC	assemble126	0
1	7.488688e-04	TGCTGTTCCACTACAGACAGTTACACCTGGGTGTTC	CCSTTDSYTWVF	IGLV2-14*03	.	IGLJ3*02	IGLC	assemble212	0
1	7.219634e-04	TGCATGCAAGCAATACAGGGGTGGACGTTC	CMQAIQGWTF	IGKV2-30*01	.	IGKJ1*01	IGKC	assemble121	0
1	7.219634e-04	TGCATGCAAGGTACACAGGGGTGGACGTTC	CMQGTQGWTF	IGKV2-30*01	.	IGKJ1*01	IGKC	assemble121	0
1	7.129949e-04	NGCCAGCAGTATCATAGTAGGTGGACGTTC	?QQYHSRWTF	IGKV1-5*01	.	IGKJ1*01	IGKC	assemble278	0
1	6.905737e-04	TGTCAGCAGTATGGTAGCTCACCGTTCACTTTT	CQQYGSSPFTF	IGKV3-20*01	.	IGKJ2*01	IGKC	assemble179	0
1	6.905737e-04	TGTCAGCAGTATGGTAGCTCACAGGACACTTTT	CQQYGSSQDTF	IGKV3-20*01	.	IGKJ2*01	IGKC	assemble179	0
1	6.860894e-04	TGCATGNAGTACGCACACTGGCCCCACACTTTC	CM?YAHWPHTF	IGKV2-30*01	.	IGKJ4*01	IGKC	assemble26	0
1	6.726367e-04	TGTCAACAAGATGACAGTTATCCTCGGACGTTN	CQQDDSYPRT?	IGKV1-17*01	.	IGKJ1*01	IGKC	assemble600	0
1	6.726367e-04	TGTCAACAGAGTTACAGTACCCCGTGGACGTTC	CQQSYSTPWTF	IGKV1-17*01	.	IGKJ1*01	IGKC	assemble740	0
1	6.726367e-04	TGCCAACAGTATAGTAGTTATTCGTACACTTTT	CQQYSSYSYTF	IGKV1-5*01	.	IGKJ2*01	IGKC	assemble1062	0
1	6.726367e-04	TGTCAACAGAGTTACAATACCCCGTGGACGTTC	CQQSYNTPWTF	IGKV1-17*01	.	IGKJ1*01	IGKC	assemble740	0
1	6.726367e-04	TGTCAGCAATATGGTAACTCACTGTNCACTTTT	CQQYGNSL?TF	IGKV3-20*01	.	IGKJ2*01	IGKC	assemble885	0
1	6.726367e-04	TGTCAGCAATATGGTAACTCACTGTACACTTTT	CQQYGNSLYTF	IGKV3-20*01	.	IGKJ2*01	IGKC	assemble885	0
1	6.726367e-04	TGCCAACAGTATCATACTTCTTCGTACACTTTT	CQQYHTSSYTF	IGKV1-5*01	.	IGKJ2*01	IGKC	assemble1062	0
1	6.726367e-04	TGCCAAAAATATAAAGTTTTGTCGTCGTTC	CQKYKVLSSF	IGKV1-5*03	.	IGKJ1*01	IGKC	assemble127	0
1	6.726367e-04	TGCTCGAGTGCGGGCCCTGACACTTTGNTGTTC	CSSAGPDTL?F	IGLV2-14*01	.	IGLJ3*02	IGLC	assemble499	0
1	6.502155e-04	TGTCAGCAATATTATAGTTCTCCGTACACTTTT	CQQYYSSPYTF	IGKV4-1*01	.	IGKJ2*01	IGKC	assemble206	0
1	6.457312e-04	TGTCAGCAGTATGGTAACTCACTGTACACTTTT	CQQYGNSLYTF	IGKV3-20*01	.	IGKJ2*01	IGKC	assemble179	0
1	6.098573e-04	TGCATGCAAACTCTGCAAGCTCCTCANACTTTC	CMQTLQAP?TF	IGKV2-28*01	.	IGKJ3*01	IGKC	assemble5	1
1	6.008888e-04	TGTCAGGAATATTATGGTCCTCCGTACAGTTTT	CQEYYGPPYSF	IGKV4-1*01	.	IGKJ2*03	IGKC	assemble188	0
1	5.964045e-04	TGCATGNAAGGTACACAGTGGCCCATCACCTTC	CM?GTQWPITF	IGKV2-30*01	.	IGKJ5*01	IGKC	assemble268	0
1	5.964045e-04	TGCATCCAAACTTCACAATTTCCGCTCACTTTC	CIQTSQFPLTF	IGKV2-24*01	.	IGKJ4*01	IGKC	assemble800	0
1	5.964045e-04	TGTCAACAATATAGTTCTTTGTCGACGTNT	CQQYSSLST?	IGKV1-5*03	.	IGKJ1*01	IGKC	assemble214	0
1	4.695830e-03	TGTGCTGNGTTCGGCCAGGCAGGAACTGCTCTGATCTTT	CA?FGQAGTALIF	TRAV21*01	.	TRAJ15*01	TRAC	assemble184	0
1	5.964045e-04	NGCCTGCAAGCTCGACAAACCCCGTGGACGTTC	?LQARQTPWTF	IGKV2-28*01	.	IGKJ1*01	IGKC	assemble1286	0
1	5.829518e-04	TGCAGTTCACGGAGAGGCGGCAGCAATTNTGTCTTC	CSSRRGGSN?VF	IGLV2-14*01	.	IGLJ1*01	IGLC	assemble75	0
1	5.829518e-04	TGCAGTTCACGGAGAGGCGGCAGTAATTNTGTCTTC	CSSRRGGSN?VF	IGLV2-14*01	.	IGLJ1*01	IGLC	assemble75	0
1	5.694991e-04	TGCATGCAAGGTCTACAAGGTTTCCCCTTC	CMQGLQGFPF	IGKV2-28*01	.	IGKJ5*01	IGKC	assemble204	0
1	5.694991e-04	TACTGCTCGAGTGCAGGTCCTAACACTTTGGTATTC	YCSSAGPNTLVF	IGLV2-23*01	.	IGLJ3*02	IGLC	assemble6	0
1	5.694991e-04	TACTGCTCGAGTGCAGGTCCTAACACTTTGGTGTTC	YCSSAGPNTLVF	IGLV2-23*01	.	IGLJ3*02	IGLC	assemble6	0
1	2.260398e-03	TGTGCGGGAGAGCCAAGTATGACTGGCCGACTTGAATACTGN	CAGEPSMTGRLEY?	IGHV1-46*01	IGHD1-20*01	IGHJ4*02	IGHG2	assemble232	0
1	5.605306e-04	TGCATGCAATCTCGACAAACGCCTCGGACGTTC	CMQSRQTPRTF	IGKV2-28*01	.	IGKJ1*01	IGKC	assemble396	0
1	5.605306e-04	TGTTTACAACATAACATTTTCCCTCTCACTTTT	CLQHNIFPLTF	IGKV1-39*01	.	IGKJ4*01	IGKC	assemble583	0
1	5.605306e-04	TGTTTACAACATAACATTTTCCCTCTCACTTCC	CLQHNIFPLTS	IGKV1-39*01	.	IGKJ4*01	IGKC	assemble583	0
1	5.560463e-04	TGCCAGCAGTATCATAGTAGGTGGACGTTN	CQQYHSRWT?	IGKV1-5*01	.	IGKJ1*01	IGKC	assemble278	0
1	5.560463e-04	TGTCAGCAATATTATGGTACTCCGTACAGTNTT	CQQYYGTPYS?	IGKV4-1*01	.	IGKJ2*03	IGKC	assemble188	0
1	5.425936e-04	TGTCAGCAGTTTAGTATCTCCACTCCGACGTTC	CQQFSISTPTF	IGKV3-20*01	.	IGKJ4*02	IGKC	assemble2	1
1	5.425936e-04	TGTCTGCAAGATCACGATTACCCCAACACTNTT	CLQDHDYPNT?	IGKV1-6*01	.	IGKJ2*01	IGKC	assemble115	0
1	2.169982e-03	TGTGCGAAATTTGCCCGAACACCTGNTTACTGG	CAKFARTP?YW	IGHV4-59*09	IGHD2-8*02	IGHJ4*02	IGHA2	assemble379	0
1	5.291409e-04	TGCTGCACATATGCAGACCCCTACCGTGTCTTATTC	CCTYADPYRVLF	IGLV2-11*01	.	IGLJ2*01	IGLC	assemble296	0
1	5.112039e-04	TGCATGCAAACTCTACAAGCTGCGTGGNCTTTC	CMQTLQAAW?F	IGKV2-28*01	.	IGKJ2*02	IGKC	assemble111	1
1	5.112039e-04	TGTCAGCAATATACTAGTTCACCGTACACTTTT	CQQYTSSPYTF	IGKV4-1*01	.	IGKJ2*01	IGKC	assemble524	0
1	5.112039e-04	TGTCAGCNGCATCGCTACTGGCCTTCGTACACTTTT	CQ?HRYWPSYTF	IGKV3-11*01	.	IGKJ2*01	IGKC	assemble311	0
1	4.977512e-04	TGCATGCAAGGTACACACTGGCCTTTTACNTTC	CMQGTHWPF?F	IGKV2-30*01	.	IGKJ4*01	IGKC	assemble343	0
1	4.977512e-04	TGCCAACAGTATTATAGTTATTCCACTTTN	CQQYYSYST?	.	.	IGKJ4*01	IGKC	assemble313	0
1	4.887827e-04	TGCATGCAAGGGACACACTGGCCGACGTTC	CMQGTHWPTF	IGKV2-29*02	.	IGKJ1*01	IGKC	assemble82	0
1	4.484245e-04	TGTCAGCAGCGTTACAACTGGCCTCCGTACACTTTT	CQQRYNWPPYTF	IGKV3-11*01	.	IGKJ2*01	IGKC	assemble956	0
1	4.484245e-04	TGCCAGTCCTATGACACCAGTCTGAATGCTTGGGTGTTC	CQSYDTSLNAWVF	IGLV1-40*01	.	IGLJ3*02	IGLC	assemble749	0
1	4.484245e-04	TGCTGCTCATTTGTCGGTAGAAGTACTTATGTCTTC	CCSFVGRSTYVF	IGLV2-23*01	.	IGLJ1*01	IGLC	assemble3964	0
1	2.500000e-01	TGTGCCACCTGGGACGGGAATTATTATAAGAAACTC	CATWDGNYYKKL	TRGV2*01	.	TRGJ1*01	TRGC	assemble3423	0
1	4.484245e-04	TGTCAGCAGTATGATTCCGCACCATNCACTTTC	CQQYDSAP?TF	IGKV3-20*01	.	IGKJ3*01	IGKC	assemble936	0
1	1.808318e-03	TGTGCGAAATTTGCCCGAACACCTGCTTACTGG	CAKFARTPAYW	IGHV4-61*02	IGHD2-8*02	IGHJ4*02	.	assemble1654	0
1	1.808318e-03	TGTGCGAGAAGAATTACAATTTTT	CARRITIF	IGHV4-28*01	IGHD3-3*01	.	.	assemble2731	0
1	4.484245e-04	TGCATCTCATATGCAGGCGACAATAATTGGGTGTTC	CISYAGDNNWVF	IGLV2-8*01	.	IGLJ3*02	IGLC	assemble3968	0
1	4.484245e-04	TGCATGCAAAGTACACGATTTCCTCTCACTTTT	CMQSTRFPLTF	IGKV2-24*01	.	IGKJ2*01	IGKC	assemble3767	0
1	2.490908e-03	TGCAGCGTTTACCGACAGGCGTCTAGCACAGATACGCAGTATTTT	CSVYRQASSTDTQYF	TRBV29-1*01	TRBD1*01	TRBJ2-3*01	TRBC	assemble1630	0
1	2.490908e-03	TGTGCCAGCAGTTATGATTCCGGCACCGGGGAGCTGTTTTTT	CASSYDSGTGELFF	TRBV6-9*01	TRBD2*01	TRBJ2-2*01	TRBC	assemble2858	0
1	4.484245e-04	TGTCAACAGTATAGTAACTCACCTCCCCTGTACACTTTT	CQQYSNSPPLYTF	IGKV1-33*01	.	IGKJ2*01	IGKC	assemble957	0
1	2.490908e-03	TGTGCCAGCAGCTTCTCCGAAGGGGGCTACACCTTC	CASSFSEGGYTF	TRBV11-2*01	TRBD1*01	TRBJ1-2*01	TRBC	assemble2678	0
1	4.484245e-04	TGTCAACAGACTTACAGTTCGCCGATCACCTTC	CQQTYSSPITF	IGKV1-12*01	.	IGKJ5*01	IGKC	assemble3206	0
1	3.530699e-03	TGTGCTGTGAGGCCTCCTAGCAGTGCTTC	out_of_frame	TRAV3*01	.	TRAJ3*01	.	assemble3816	0
1	4.484245e-04	TGCCAACAGTATAAGATTTATTGGACGTTC	CQQYKIYWTF	IGKV1-5*01	.	IGKJ1*01	IGKC	assemble4085	0
1	3.530699e-03	TGTGCTGTGGAGCCTCTGATCCAGGCAGGAACTGCTCTGATCTTT	CAVEPLIQAGTALIF	TRAV22*01	.	TRAJ15*01	.	assemble3384	0
1	4.484245e-04	TGCCTGCAAGCTCGACATACCCCGTGGACGTTC	CLQARHTPWTF	IGKV2-28*01	.	IGKJ1*01	IGKC	assemble1286	0
1	4.484245e-04	TGTCTACAGCACAGTAGTTATCCCTACACTTTT	CLQHSSYPYTF	IGKV1-6*01	.	IGKJ2*01	IGKC	assemble2866	0
1	2.490908e-03	TGCAGCGTTGTATTTGGCTACGAGCAGTACTTC	CSVVFGYEQYF	TRBV29-1*01	.	TRBJ2-7*01	TRBC	assemble3051	0
1	4.484245e-04	TGTCTACAAGATTACACTTTTCCGTGGACGTTN	CLQDYTFPWT?	IGKV1-6*01	.	IGKJ1*01	IGKC	assemble928	0
1	2.490908e-03	TGTGCCAGTAGTCCGGGAGTTTCCTCCTACGAGCAGTACTTC	CASSPGVSSYEQYF	TRBV19*01	TRBD2*02	TRBJ2-7*01	TRBC	assemble2454	0
1	4.484245e-04	TGTCAGCAGAGTTAGAGGATCCCATTCACTTTC	CQQS_RIPFTF	IGKV1-39*01	.	IGKJ3*01	IGKC	assemble2292	0
1	4.484245e-04	TGCCAGTCCTATGACACCAGCCTGAGTGCTTGGGTGTCC	CQSYDTSLSAWVS	IGLV1-40*01	.	IGLJ3*02	IGLC	assemble749	0
1	4.484245e-04	TGCTGCTCCACTACAGACAGCTACACCTGGGTGTTC	CCSTTDSYTWVF	IGLV2-14*03	.	IGLJ3*02	IGLC	assemble212	0
1	4.484245e-04	TGTCAGCAATATGGTGACTCACCGATCACCTTC	CQQYGDSPITF	IGKV3-20*01	.	IGKJ5*01	IGKC	assemble2726	0
1	4.484245e-04	TGCGGAACATGGGATACCAGTCTGAATGCTGGGGTGTTC	CGTWDTSLNAGVF	IGLV1-51*01	.	IGLJ3*02	IGLC	assemble1853	0
1	4.484245e-04	TGTCAGCAGTATAATAACTGGCCTCTCACTTTC	CQQYNNWPLTF	IGKV3-15*01	.	IGKJ2*01	IGKC	assemble41	0
1	4.484245e-04	TGCATGCAAGGGGCACACTGGCCTCTGTACACTTTT	CMQGAHWPLYTF	IGKV2-30*01	.	IGKJ2*01	IGKC	assemble2672	0
1	4.484245e-04	TGTCNGTCTTATGATGACACCAATGTGGTATTC	C?SYDDTNVVF	IGLV6-57*01	.	IGLJ2*01	IGLC	assemble3101	0
1	2.490908e-03	TGTGCCAGCAGTTACAGCGCTAGAAGCTCCTACAATGAGCAGTTC	CASSYSARSSYNEQF	TRBV6-2*01	.	TRBJ2-1*01	TRBC	assemble2811	0
1	2.490908e-03	TGCAGCGTTGATATGGGACGCGAGCAGTACTTC	CSVDMGREQYF	TRBV29-1*01	TRBD1*01	TRBJ2-7*01	TRBC	assemble3663	0
1	2.490908e-03	TGCAGTGCTAGAGGGACAGAAGAGGCCCAGTACTTC	CSARGTEEAQYF	TRBV20-1*01	TRBD2*02	TRBJ2-5*01	TRBC	assemble2555	0
1	1.808318e-03	TGTGCGAGAGCCCCCCCCGGCTACTGG	CARAPPGYW	IGHV3-7*03	IGHD6-25*01	IGHJ4*02	.	assemble3202	0
1	4.484245e-04	TGCATCTCATTCACAAGCAGCGGAACTTGGGTGTTC	CISFTSSGTWVF	IGLV2-14*01	.	IGLJ3*02	IGLC	assemble3492	0
1	4.484245e-04	TGTATGCAAGCTACACACCTTCCGTGGACGTNC	CMQATHLPWT?	IGKV2D-29*02	.	IGKJ1*01	IGKC	assemble676	0
1	4.484245e-04	AGTACTCCGGTCACTTTC	STPVTF	IGKV4-1*01	.	IGKJ4*01	IGKC	assemble3024	0
1	4.484245e-04	TGCAGCTCATATATAGACACCATCTCTTATGTCTTC	CSSYIDTISYVF	IGLV2-8*01	.	IGLJ1*01	IGLC	assemble504	0
1	2.490908e-03	TGTGCCAGCAGTTTCTCGAGAATCGGAGATACGCAGTATTTT	CASSFSRIGDTQYF	TRBV27*01	.	TRBJ2-3*01	TRBC	assemble3003	0
1	4.484245e-04	TGTCAGCAGCGTAGCGAGTGGCCGATCACCTTC	CQQRSEWPITF	IGKV3-11*01	.	IGKJ5*01	IGKC	assemble2100	0
1	3.530699e-03	TGTGCAGAGTCTTTAGGAGGAAAGCTTATCTTC	CAESLGGKLIF	TRAV5*01	.	TRAJ23*01	TRAC	assemble3100	0
1	2.490908e-03	TGTGCCAGCAGCTTAGGGGGCGCAGAGACCCAGTACTTC	CASSLGGAETQYF	TRBV11-2*01	TRBD1*01	TRBJ2-5*01	TRBC	assemble4318	0
1	4.484245e-04	TGCACCTCAAGAACAGACAACATCAATTATGTCTTC	CTSRTDNINYVF	IGLV2-8*01	.	IGLJ1*01	IGLC	assemble2170	0
1	4.484245e-04	TGTCAAAAGTATGACAGTGCCCCTCGGGCTTTC	CQKYDSAPRAF	IGKV1-27*01	.	IGKJ4*01	IGKC	assemble2782	0
1	4.484245e-04	TGTCAACAGGCTAACAGTTTCCCTGTCACTTTC	CQQANSFPVTF	IGKV1-12*01	.	IGKJ4*01	IGKC	assemble3159	0
1	4.484245e-04	TGTCACCAATATTATGGTACTCCTCGGACGTTC	CHQYYGTPRTF	IGKV4-1*01	.	IGKJ1*01	IGKC	assemble3243	0
1	2.490908e-03	TGTGCCAGTAATGACAGGTTTAATGAAAAACTGTTTTTT	CASNDRFNEKLFF	TRBV19*01	TRBD1*01	TRBJ1-4*01	TRBC	assemble1154	0
1	4.484245e-04	TGCCAACAGTATAAAAGTTACCCGTGGATGTTC	CQQYKSYPWMF	IGKV1-5*01	.	IGKJ1*01	IGKC	assemble2135	0
1	4.484245e-04	TGCATGCAAGGTACACACTGGTACACTTTT	CMQGTHWYTF	IGKV2-30*01	.	IGKJ2*01	IGKC	assemble4287	0
1	4.484245e-04	TGTCAGCAGTATGGTAGCTCACCGGGGTACACTTTT	CQQYGSSPGYTF	IGKV3-20*01	.	IGKJ2*01	IGKC	assemble2722	0
1	4.484245e-04	TGTCAACAATATCAGAGTTATTACAGTTTT	CQQYQSYYSF	IGKV1-5*01	.	IGKJ2*03	IGKC	assemble521	0
1	4.484245e-04	TGTCAAAAGTATAACAGTGCCCCGTACACTTTT	CQKYNSAPYTF	IGKV1-27*01	.	IGKJ2*01	IGKC	assemble2601	0
1	4.484245e-04	TGTCAACAGCTTAAATCTTACCCGGTCACCTTC	CQQLKSYPVTF	IGKV1-9*01	.	IGKJ5*01	IGKC	assemble2463	0
1	4.484245e-04	TGTCAGCAGCGTAGCACCTGGCCTTCGCTCACTTTC	CQQRSTWPSLTF	IGKV3-11*01	.	IGKJ4*01	IGKC	assemble3424	0
1	2.490908e-03	TGCGCCAGCAGCCAAGAGGGGTGGGATGAGCAGTTCTTC	CASSQEGWDEQFF	TRBV4-3*01	TRBD1*01	TRBJ2-1*01	TRBC	assemble2243	0
1	2.490908e-03	TGCAGCGTTGAAGACGGGACAGGGTCACGACAGCCCCAGCATTTT	CSVEDGTGSRQPQHF	TRBV29-1*01	TRBD1*01	TRBJ1-5*01	TRBC	assemble2485	0
1	4.484245e-04	TGCGGAACATGGGATACCAGTCTGAGTGCTGGCCGGGTNTTC	CGTWDTSLSAGR?F	IGLV1-51*01	.	IGLJ3*02	IGLC	assemble1828	0
1	2.500000e-01	TGTGCCACCTGGGACGGCCCCCTTTATTATAAGAAACTC	CATWDGPLYYKKL	TRGV2*01	.	TRGJ1*01	TRGC	assemble2764	0
1	4.484245e-04	TGCTCATATGCAGGCAACAACATTTTAGGGATCTTC	CSYAGNNILGIF	IGLV2-8*01	.	IGLJ2*01	IGLC	assemble3670	0
1	2.490908e-03	TGTGCCAGCAGCTTTACAGGGGGAGGCTACACCTTC	CASSFTGGGYTF	TRBV7-9*07	TRBD1*01	TRBJ1-2*01	TRBC	assemble2775	0
1	4.484245e-04	TGTCAGCAGTATGGTAGCTCACCTCGTACGTTC	CQQYGSSPRTF	IGKV3-20*01	.	IGKJ1*01	IGKC	assemble1206	0
1	4.484245e-04	TGTCAACAGGCTTACACTTTCCCATTCAGTTTC	CQQAYTFPFSF	IGKV1-12*01	.	IGKJ2*03	IGKC	assemble2992	0
1	4.484245e-04	TGCAACTCATATGCAGGCAGCAACAACTGGGTGTTC	CNSYAGSNNWVF	IGLV2-8*01	.	IGLJ3*02	IGLC	assemble429	0
1	4.484245e-04	TGCCTACAGCATAATAGTTTTCAGCAGTACACTTTT	CLQHNSFQQYTF	IGKV1-17*01	.	IGKJ2*01	IGKC	assemble2697	0
1	4.484245e-04	TGTCAGACCTGGGCCACTGGCATTCAAGTGTTC	CQTWATGIQVF	IGLV4-69*01	.	IGLJ3*02	IGLC	assemble3925	0
1	4.484245e-04	TGTCAACAACTGAGTAGTCACCCGCTCACTTTC	CQQLSSHPLTF	IGKV1-39*01	.	IGKJ4*01	IGKC	assemble4523	0
1	3.530699e-03	TGTGCTGTGCGTGCGGCCGGGGGTTCTGCAAGGCAACTGACCTTT	CAVRAAGGSARQLTF	TRAV20*01	.	TRAJ22*01	.	assemble4464	0
1	3.530699e-03	TGTGCTCTGAGTGACACCGGTAACCAGTTCTATTTT	CALSDTGNQFYF	TRAV19*01	.	TRAJ49*01	.	assemble3389	0
1	3.530699e-03	TGTGCTGTGGGGATTGATAGCAACTATCAGTTAATCTGG	CAVGIDSNYQLIW	TRAV8-3*01	.	TRAJ33*01	.	assemble4563	0
1	1.808318e-03	TGTTTCAGTAATTATTGG	CFSNYW	IGHV3-48*03	IGHD3-10*01	IGHJ4*02	.	assemble4098	0
1	3.530699e-03	TGTGCAGCAAGTAAGGTTCAGGAGGAGGTGCTGACGGACTCACCTTT	out_of_frame	TRAV13-1*01	.	TRAJ45*01	.	assemble2797	0
1	4.484245e-04	TGTCAACAGAGTTATTATGTTCCGTACACTTTT	CQQSYYVPYTF	IGKV1-39*02	.	IGKJ2*01	IGKC	assemble2830	0
1	4.484245e-04	TGTATGATTTGGCACAACAGCGCTCTGGTATTC	CMIWHNSALVF	IGLV5-45*01	.	IGLJ2*01	IGLC	assemble2553	0
1	4.484245e-04	TGTCAACAGGGTCACAGTGGTCCGTGGACGTTC	CQQGHSGPWTF	IGKV1-39*01	.	IGKJ1*01	IGKC	assemble3378	0
1	4.484245e-04	TGCTGCTCCACTACAGACAGTTACACCTGGGTGCTC	CCSTTDSYTWVL	IGLV2-14*03	.	IGLJ3*02	IGLC	assemble212	0
1	1.808318e-03	TGTGTCAAAGATAAGGGGACACTATACTTTGACTACTGG	CVKDKGTLYFDYW	IGHV2-5*04	IGHD3-9*01	IGHJ4*02	.	assemble3789	0
1	4.484245e-04	TGTCAGGCGTGGGACAGCAGTACCCCTTTTGTCTTC	CQAWDSSTPFVF	IGLV3-1*01	.	IGLJ1*01	IGLC	assemble4269	0
1	4.484245e-04	TGTCAGCAGTATAATAATTGGCCCGCTTTC	CQQYNNWPAF	IGKV3D-15*03	.	IGKJ3*01	IGKC	assemble2728	0
1	4.484245e-04	TGCGATAGCAGCCTGAGTGCTGGGGTGTTC	CDSSLSAGVF	IGLV1-51*01	.	IGLJ3*02	IGLC	assemble2721	0
1	3.530699e-03	TGTGCTGTTATGGATAGCAACTATCAGTTAATCTGG	CAVMDSNYQLIW	TRAV1-2*01	.	TRAJ33*01	.	assemble3227	0
1	4.484245e-04	TGTAACTCCCGGGACAACAGGGGTAACGCTGTGGTATTC	CNSRDNRGNAVVF	IGLV3-19*01	.	IGLJ2*01	IGLC	assemble3661	0
1	4.484245e-04	AGTTACCCGCTCACTTTC	SYPLTF	IGKV1-8*01	.	IGKJ4*01	IGKC	assemble2324	0
1	2.490908e-03	TGTGCCAGTAGTATTGTTGGCGGGTCCTACAATGAGCAGTTCTTC	CASSIVGGSYNEQFF	TRBV19*01	TRBD2*01	TRBJ2-1*01	TRBC	assemble3258	0
1	3.530699e-03	TGTGTTGTGAGTGCGTTCTCTGGCAACACAGGCAAACTAATCTTT	CVVSAFSGNTGKLIF	TRAV8-2*01	.	TRAJ37*01	.	assemble2285	0
1	4.484245e-04	TGTCAGCAATATAATAGTACTCCATTCACTTTC	CQQYNSTPFTF	IGKV4-1*01	.	IGKJ3*01	IGKC	assemble3133	0
1	3.530699e-03	TGTGCTCTTAACGACTACAAGCTCAGCTTT	CALNDYKLSF	TRAV9-2*01	.	TRAJ20*01	.	assemble3428	0
1	4.484245e-04	TGTCAATACTATAATAATCTCCCCCTGTTCACTTTC	CQYYNNLPLFTF	IGKV1-33*01	.	IGKJ3*01	IGKC	assemble2578	0
1	4.484245e-04	TGTCAACAGAGTTACAATACTCCACGGACGTTC	CQQSYNTPRTF	IGKV1-17*01	.	IGKJ1*01	IGKC	assemble740	0
1	2.490908e-03	TGTGCCAGCAGCCCCCATGGGTCCTTGAACACTGAAGCTTTCTTT	CASSPHGSLNTEAFF	TRBV3-1*01	.	TRBJ1-1*01	TRBC	assemble2876	0
1	4.484245e-04	TGCCAACAGTACAACAGTTATTTCCTCACTTTC	CQQYNSYFLTF	IGKV1-5*01	.	IGKJ4*01	IGKC	assemble2654	0
1	4.484245e-04	TGTCAACAGTATAAGAGTTACCCGATCACTTTC	CQQYKSYPITF	IGKV1-16*01	.	IGKJ5*01	IGKC	assemble1036	0
1	4.484245e-04	TGCATGCAAGCTACACATTTTCCGTACTCTTTT	CMQATHFPYSF	IGKV2-24*01	.	IGKJ2*01	IGKC	assemble2403	0
1	4.484245e-04	TGCATGCAAGCTCTACATATTCCTCCGTACACTTTT	CMQALHIPPYTF	IGKV2-28*01	.	IGKJ2*01	IGKC	assemble4320	0
1	4.484245e-04	TGCACATCATGGGATAGCAACCTGAGTGCTCTGANGTTC	CTSWDSNLSAL?F	IGLV1-51*01	.	IGLJ3*02	IGLC	assemble650	0
1	4.484245e-04	TGCCAACAATATAAGACTTATCCGTACACTTTT	CQQYKTYPYTF	IGKV1-5*01	.	IGKJ2*01	IGKC	assemble4229	0
1	4.484245e-04	TGCCAGTCCTATGACAGCAGCCTGAGTGGTTGGGTGTTC	CQSYDSSLSGWVF	IGLV1-40*01	.	IGLJ3*02	IGLC	assemble749	0
1	4.484245e-04	TGTCACCAATATGGTAGCTCCCACATTTTT	CHQYGSSHIF	IGKV3-20*01	.	IGKJ2*01	IGKC	assemble3893	0
1	4.484245e-04	TGCCAGTCCTATGACACCAGCCTGCGTAAATGGGTGTTC	CQSYDTSLRKWVF	IGLV1-40*01	.	IGLJ3*02	IGLC	assemble3577	0
1	4.484245e-04	TGTCAGCAGTATGGAAGCTCACCGTGGACGTTC	CQQYGSSPWTF	IGKV3-20*01	.	IGKJ1*01	IGKC	assemble2386	0
1	4.484245e-04	TGCAGTTCATATACAACCGCAACCACCGTGGTATTC	CSSYTTATTVVF	IGLV2-14*01	.	IGLJ2*01	IGLC	assemble2057	0
1	4.484245e-04	TGCATGCAAGCTGTACAAACTCCTTTCACTTTC	CMQAVQTPFTF	IGKV2-28*01	.	IGKJ3*01	IGKC	assemble3674	0
1	4.484245e-04	TGCCTGCTCCACTGTGGTGGTGCTCAGCCTTGGGTGTTC	CLLHCGGAQPWVF	IGLV7-43*01	.	IGLJ3*02	IGLC	assemble4609	0
1	2.490908e-03	TGTGCCAGCATCTCCCGTGGGGTGACCTACGAGCAGTACTTC	CASISRGVTYEQYF	TRBV6-2*01	.	TRBJ2-7*01	TRBC	assemble2492	0
1	4.484245e-04	TGCAGCTCATATGCAGGCGGCAAGAAAGTCTATGTCTTC	CSSYAGGKKVYVF	IGLV2-8*01	.	IGLJ1*01	IGLC	assemble2765	0
1	4.484245e-04	TGCTGCTCATATGCAGGCTCCTACGGGGCGGTATTC	CCSYAGSYGAVF	IGLV2-11*01	.	IGLJ2*01	IGLC	assemble3685	0
1	3.530699e-03	TGTGTTGTGAGTGATCCCCCTGGTGGTACTAGCTATGG	out_of_frame	TRAV8-2*01	.	TRAJ52*01	.	assemble3810	0
1	3.530699e-03	TGTGCTTTCATGTAATGTTCAGGAGGAGGTGCTGACGGACTCACCTTT	CAFM_CSGGGADGLTF	TRAV38-1*01	.	TRAJ45*01	TRAC	assemble3215	0
1	4.484245e-04	TGTCAACAATATTTTACTACCCCACTCACTTTC	CQQYFTTPLTF	IGKV1-NL1*01	.	IGKJ4*01	IGKC	assemble899	0
1	4.484245e-04	TGTCAGTCTTATGATAGTGCCACTCATGTGGTCTTC	CQSYDSATHVVF	IGLV6-57*01	.	.	.	assemble4010	0
1	4.484245e-04	TGTCAGCAGCGTAGCAACTGGCCACTCACTTTC	CQQRSNWPLTF	IGKV3D-20*02	.	IGKJ4*01	IGKC	assemble744	0
1	3.530699e-03	TGTGCTGTGAGAGACGTGGTCTCAGGAACCTACAAATACATCTTT	CAVRDVVSGTYKYIF	TRAV3*01	.	TRAJ40*01	.	assemble2994	0
1	3.530699e-03	TGTGCAGCAAGTAAGTGGTCAATGCAGGCAACATGCTCANCTTT	out_of_frame	TRAV13-1*01	.	TRAJ39*01	.	assemble3015	0
1	3.530699e-03	TGCATCGCCCCCACCGGTAACCAGTTCTATTTT	CIAPTGNQFYF	TRAV26-1*01	.	TRAJ49*01	.	assemble3848	0
1	4.484245e-04	TGTCAGCAGTATGGTAGCGCACCCCTCACTTTC	CQQYGSAPLTF	IGKV3-20*01	.	IGKJ4*01	IGKC	assemble4203	0
1	4.484245e-04	TGCTGCTCATATGCAGGCAGTTATGGGGTGTTATTC	CCSYAGSYGVLF	IGLV2-11*01	.	IGLJ2*01	IGLC	assemble1889	0
1	4.484245e-04	TGCATGCCCTACACAGGGGTGGACGTTC	out_of_frame	IGKV2-18*01	.	IGKJ1*01	IGKC	assemble4159	0
1	4.484245e-04	TGCATGCAAACTACACAATTTCCTCTCACTTTT	CMQTTQFPLTF	IGKV2-24*01	.	IGKJ2*01	IGKC	assemble3767	0
1	3.530699e-03	TGTGCAGCACAAACCAGTGGCTCTAGGTTGACC	CAAQTSGSRLT	TRAV23/DV6*01	.	TRAJ58*01	.	assemble3872	0
1	3.530699e-03	TGTGCAGCAAACAACCAGGGAGGAAAGCTTATCTTC	CAANNQGGKLIF	TRAV13-1*02	.	TRAJ23*01	.	assemble3451	0
1	2.490908e-03	TGTGCCAGCAGTTTATACTGGGGGTATTATGGCTACACCTTC	CASSLYWGYYGYTF	TRBV27*01	TRBD1*01	TRBJ1-2*01	TRBC	assemble2887	0
1	2.490908e-03	TGTGCCAGNAGTTACTACGGGAGGCCAAACACCGGGGAGCTGTTTTTT	CA?SYYGRPNTGELFF	TRBV6-5*01	TRBD2*02	TRBJ2-2*01	TRBC	assemble1078	0
1	4.484245e-04	NGTCAACAGGCTTTCAGTTTCCCGCTCACTTTC	?QQAFSFPLTF	IGKV1-12*01	.	IGKJ4*01	IGKC	assemble3102	0
1	3.530699e-03	TGCATCGTGGTTTATAACCAGGGAGGAAAGCTTATCTTC	CIVVYNQGGKLIF	TRAV26-1*01	.	TRAJ23*01	.	assemble2554	0
1	4.484245e-04	TGCATGCAAGGAAAACACCTTCCTCGCACCTTC	CMQGKHLPRTF	IGKV2-29*02	.	IGKJ5*01	IGKC	assemble3170	0
1	4.484245e-04	TGTCAGCAGTTTGGTAGCTCACCGTGGACGTTC	CQQFGSSPWTF	IGKV3-20*01	.	IGKJ1*01	IGKC	assemble1345	0
1	4.484245e-04	TGTCAGCAATATGGTCACTCACCTTGGACGTTC	CQQYGHSPWTF	IGKV3-20*01	.	IGKJ1*01	IGKC	assemble2530	0
1	2.490908e-03	TGTGCCAGCAGTTTAGGCCCAGATACGCAGTATTTT	CASSLGPDTQYF	TRBV27*01	.	TRBJ2-3*01	TRBC	assemble3111	0
1	4.484245e-04	TGTCAGGTGTGGGATAGACCTAATGATCATCAGGTCTTC	CQVWDRPNDHQVF	IGLV3-21*02	.	IGLJ1*01	IGLC	assemble533	0
1	4.484245e-04	TGCATGCAAGCTTCACAGTGGCCCTTCACTTTN	CMQASQWPFT?	IGKV2D-18*01	.	IGKJ3*01	IGKC	assemble630	0
1	3.530699e-03	TGTGCTTATAGGAGCGCATTGGCCGGTAACCAGTTCTATTTT	CAYRSALAGNQFYF	TRAV38-2/DV8*01	.	TRAJ49*01	.	assemble4325	0
1	4.484245e-04	ACCCTCCCGCTCACTTTC	TLPLTF	IGKV1-8*01	.	IGKJ4*01	IGKC	assemble2324	0
1	2.490908e-03	TGTGCCAGCAGTTACTCGATGGGACAGGGTATACACGAGCAGTACTTC	CASSYSMGQGIHEQYF	TRBV6-6*01	TRBD1*01	TRBJ2-7*01	TRBC	assemble3092	0
1	3.530699e-03	TGTGCTCTAACGAGTGGTTCTGCAAGGCAACTGACCTTT	CALTSGSARQLTF	TRAV16*01	.	TRAJ22*01	.	assemble1504	0
1	4.484245e-04	TGCATACAAGTTCTGCAAACTCCTCTCACTTTC	CIQVLQTPLTF	IGKV2-28*01	.	IGKJ4*01	IGKC	assemble3975	0
1	4.484245e-04	TGCAGCTCATATGCAGGCAGCAAACATTATGTCTTC	CSSYAGSKHYVF	IGLV2-8*01	.	IGLJ1*01	IGLC	assemble2339	0
1	4.484245e-04	TGTCTACAGCACAATGCTAATCCGTGGACGTTC	CLQHNANPWTF	IGKV1-17*01	.	IGKJ1*01	IGKC	assemble2289	0
1	4.484245e-04	TGTCAACACCTTAATAATTACCCTGGGTTCACCTTC	CQHLNNYPGFTF	IGKV1-13*01	.	IGKJ5*01	IGKC	assemble4402	0
1	3.530699e-03	TGTGCCATCTCAGGCTTTCAGAAACTTGTATTT	CAISGFQKLVF	TRAV14/DV4*01	.	TRAJ8*01	.	assemble3985	0
1	4.484245e-04	TGCAGCTCATATACAGGCAGCGTCTCTTATGTCTTC	CSSYTGSVSYVF	IGLV2-8*01	.	IGLJ1*01	IGLC	assemble504	0
1	2.490908e-03	TGTGCCAGCAGCTCCGGCGGGACAGGGGGCCCCGAGCAGTACTTC	CASSSGGTGGPEQYF	TRBV7-2*01	TRBD1*01	TRBJ2-7*01	TRBC	assemble2518	0
1	4.484245e-04	TGTCAGCAATATATTGATGCTCCGTGGACGTTC	CQQYIDAPWTF	IGKV4-1*01	.	IGKJ1*01	IGKC	assemble4489	0
1	4.484245e-04	TGTCAGCAGTATGGTACCTCATCTATGTACACTTTT	CQQYGTSSMYTF	IGKV3-20*01	.	IGKJ2*01	IGKC	assemble3240	0
1	4.484245e-04	TGCATGCAAAGTGTACAGTTTCCTCTCACTTTC	CMQSVQFPLTF	IGKV2-24*01	.	IGKJ4*01	IGKC	assemble395	0
1	4.484245e-04	TGCCAACAGTATGAAAATTACCCGCTCACTTTC	CQQYENYPLTF	IGKV1-16*01	.	IGKJ4*01	IGKC	assemble3301	0
1	4.484245e-04	TGCTGGCTCTTCTATAGTGGTGTTGGGGTGTTC	CWLFYSGVGVF	IGLV7-46*01	.	IGLJ3*02	IGLC	assemble66	0
1	4.484245e-04	TGTGTACAGCATAATAATTATCCAATCACCTTC	CVQHNNYPITF	IGKV1-17*01	.	IGKJ5*01	IGKC	assemble2063	0
1	4.484245e-04	TGTCAGCAGCGTAGCAGAGGGTGGACGTTC	CQQRSRGWTF	IGKV3-11*01	.	IGKJ1*01	IGKC	assemble2536	0
1	4.484245e-04	TGCTGCGCATATGTGCCTCACAACACTTGGGTGTTC	CCAYVPHNTWVF	IGLV2-8*01	.	IGLJ3*02	IGLC	assemble1459	0
1	4.484245e-04	TGTCAACAGCGAGGCAACTGGCCGCTCACTTTC	CQQRGNWPLTF	IGKV3-11*01	.	IGKJ4*01	IGKC	assemble1006	0
1	4.484245e-04	TGTCAGCAGTATAGTGGCTCAGTCCTCACTTTC	CQQYSGSVLTF	IGKV3-15*01	.	IGKJ4*01	IGKC	assemble3148	0
1	4.484245e-04	TGTGCAGTATGGGATGACAGTGTGAAAGGTTATGTCTTC	CAVWDDSVKGYVF	IGLV1-44*01	.	IGLJ1*01	IGLC	assemble2773	0
1	1.808318e-03	TGTGCGAGAGACCGAGGCCGGGGAGCTACTGACTACTGG	CARDRGRGATDYW	IGHV1-3*01	IGHD1-26*01	IGHJ4*02	IGHA2	assemble784	0
1	4.484245e-04	TGCATGCNGGCTCTACAAATTCCGGTCACTTTC	CM?ALQIPVTF	IGKV2-28*01	.	IGKJ4*01	IGKC	assemble3060	0
1	4.484245e-04	TGCAGCTCATTTACAAGCAGCTACACTTGGGTGTTC	CSSFTSSYTWVF	IGLV2-14*01	.	IGLJ3*02	IGLC	assemble1614	0
1	4.484245e-04	TGCCAACAATATAGTAGTCATTTTCCGTGGACGTTC	CQQYSSHFPWTF	IGKV1-5*01	.	IGKJ1*01	IGKC	assemble1884	0
1	2.490908e-03	TGTGCCAGCAGCGATAACCTCAACGCTGAAGCTTTCTTT	CASSDNLNAEAFF	TRBV11-2*01	.	TRBJ1-1*01	TRBC	assemble2592	0
1	4.484245e-04	TGTGCAGCATGGGATGACAGTCTGAATGGTCCGGTGTTC	CAAWDDSLNGPVF	IGLV1-44*01	.	IGLJ3*02	IGLC	assemble3787	0
1	4.484245e-04	TGCATGCAAGTTCTGGAAGCTCCCCTCACTTTC	CMQVLEAPLTF	IGKV2-28*01	.	IGKJ4*01	IGKC	assemble3482	0
1	4.484245e-04	TGTCAGCAATATGGTCACACAGATCCGATCACCTTC	CQQYGHTDPITF	IGKV4-1*01	.	IGKJ5*01	IGKC	assemble4103	0
1	4.484245e-04	TGCTTGCAACGTAAAGAGTTTCCGTGGACGTTC	CLQRKEFPWTF	IGKV2-40*01	.	IGKJ1*01	IGKC	assemble3785	0
1	4.484245e-04	TGCATGCAAAGTATAGAGTATCCTCGCACTTTC	CMQSIEYPRTF	IGKV2-40*01	.	IGKJ2*02	IGKC	assemble3824	0
1	4.484245e-04	TGCCACCAATATTATAGTAGTCCGTACACTTTT	CHQYYSSPYTF	IGKV4-1*01	.	IGKJ2*01	IGKC	assemble3605	0
1	4.484245e-04	TGTCAACAGTTTTATGACTGGCCTCCGTACACTTTT	CQQFYDWPPYTF	IGKV3D-15*03	.	IGKJ2*01	IGKC	assemble333	0
1	4.484245e-04	TGTCAACACCTTTATACTTATCCGGTCACTTTC	CQHLYTYPVTF	IGKV6-21*01	.	IGKJ4*01	IGKC	assemble969	0
1	4.484245e-04	TGCAGTTCGTTTACAAACACCAAAACTTATGTCTTC	CSSFTNTKTYVF	IGLV2-14*01	.	IGLJ1*01	IGLC	assemble2048	0
1	2.490908e-03	TGTGCCAGCAGTGCCGGGAGCTACAATGAGCAGTTCTTC	CASSAGSYNEQFF	TRBV2*01	TRBD2*02	TRBJ2-1*01	TRBC	assemble2991	0
1	4.484245e-04	TGTCAGCAGCGTAGCAACTGGCCTCCGAAGCACACTTTT	CQQRSNWPPKHTF	IGKV3-11*01	.	IGKJ2*01	IGKC	assemble4336	0
1	4.484245e-04	TGTCATCANAGTAGTAGTGTACCGTACACTTTT	CH?SSSVPYTF	IGKV6-21*01	.	IGKJ2*01	IGKC	assemble565	0
1	2.490908e-03	TGTGCCAGCAGTACCGGGGCCTTTGGCGAGCAGTACTTC	CASSTGAFGEQYF	TRBV3-1*01	TRBD1*01	TRBJ2-7*01	TRBC	assemble2420	0
1	2.490908e-03	TGTGCCAGTAGTATAACAGGGTTGGGCACTGAAGCTTTCTTT	CASSITGLGTEAFF	TRBV19*01	TRBD1*01	TRBJ1-1*01	TRBC	assemble2622	0
1	4.484245e-04	TGTCAACAGTATGATAATCTCCCCCTCACTTTC	CQQYDNLPLTF	IGKV1-33*01	.	IGKJ4*01	IGKC	assemble3834	0
1	4.484245e-04	TGTGCAACATGGGATGACAGCCTGAATGGTTGGGTGTTC	CATWDDSLNGWVF	IGLV1-44*01	.	IGLJ3*02	IGLC	assemble1887	0
1	4.484245e-04	TGCAGCTCATATGCAGGCAGCAACAGAGGTGTATTC	CSSYAGSNRGVF	IGLV2-8*01	.	IGLJ2*01	IGLC	assemble2667	0
1	4.484245e-04	TGCTGGCTCTTCTATAGTGGTGTTGGGGTNTTC	CWLFYSGVG?F	IGLV7-46*01	.	IGLJ3*02	IGLC	assemble66	0
1	2.490908e-03	TGTGCCAGCAGATCCGGGACAGGGGCCTACGAGCAGTACTTC	CASRSGTGAYEQYF	TRBV6-5*01	TRBD1*01	TRBJ2-7*01	TRBC	assemble2893	0
1	4.484245e-04	TGCCAACAGTATAATAGTTTGGACGTTC	out_of_frame	IGKV1-5*01	.	IGKJ1*01	IGKC	assemble3853	0
1	2.490908e-03	TGTGCCAGCAGCCTACGGTCGGTGATGGGGGAGACCCAGTACTTC	CASSLRSVMGETQYF	TRBV6-2*01	TRBD1*01	TRBJ2-5*01	TRBC	assemble2479	0
1	3.530699e-03	TGTGCCGTGGTCCCGGAATATGGAAACAAACTGG	out_of_frame	TRAV8-1*01	.	TRAJ47*01	TRAC	assemble3388	0
1	3.530699e-03	TGTGTTGAGGGTTATAACACCGACAAGCTCATCTTT	CVEGYNTDKLIF	TRAV2*01	.	TRAJ34*01	.	assemble3454	0
1	4.484245e-04	TGCTGCTCATATGCGGGTCATAGTACCTATGTCTTC	CCSYAGHSTYVF	IGLV2-23*01	.	IGLJ1*01	IGLC	assemble3480	0
1	4.484245e-04	TGTCAGCAATATGGTAGTTCACCTCGGNCGTTC	CQQYGSSPR?F	IGKV3D-11*03	.	IGKJ1*01	IGKC	assemble633	0
1	4.484245e-04	TGTCAATCAGCAGACAGTAGTGGTACTTATTATGTCTTC	CQSADSSGTYYVF	IGLV3-25*01	.	IGLJ1*01	IGLC	assemble3998	0
1	4.484245e-04	TGCAGCTCATATGGAGGCACCTACAATCTGGAATTC	CSSYGGTYNLEF	IGLV2-34*01	.	IGLJ2*01	IGLC	assemble4485	0
1	4.484245e-04	TGTCAGCAATGTTCTGACTGGCCGTGGACGTTC	CQQCSDWPWTF	IGKV3-15*01	.	IGKJ1*01	IGKC	assemble3837	0
1	3.530699e-03	TGTGCAGCAAGCTCCTCTAGCAACACAGGCAAACTAATCTTT	CAASSSSNTGKLIF	TRAV13-1*01	.	TRAJ37*02	.	assemble2781	0
1	1.808318e-03	TGTGCGAGACGGGATACTGTGAGCTTCAAGGATGCTTTTGATATCTGG	CARRDTVSFKDAFDIW	IGHV4-39*01	IGHD1-26*01	IGHJ3*02	.	assemble3918	0
1	4.484245e-04	TGCCAGTCCTATGACAGCAGCCTGAGTAGTTGGGTGTTC	CQSYDSSLSSWVF	IGLV1-40*01	.	IGLJ3*02	IGLC	assemble749	0
1	2.490908e-03	TGTGCCAGCAGTTACTACGGGAGGCCAAACACCGGGGAGCTGTTTTTT	CASSYYGRPNTGELFF	TRBV6-5*01	TRBD2*02	TRBJ2-2*01	TRBC	assemble1078	0
1	1.808318e-03	TGTGCGAGAGATGGGAAGGACGAATTTTGGCCCTCGATTGACCAATGG	CARDGKDEFWPSIDQW	IGHV3-33*01	IGHD3-3*01	IGHJ4*02	.	assemble774	0
1	1.808318e-03	TGTGCGANAGACCGAGGCCGGGGAGCTACTGACTACTGG	CA?DRGRGATDYW	IGHV1-3*01	IGHD1-26*01	IGHJ4*02	IGHA2	assemble784	0
1	4.484245e-04	TGCTGNTCATATGCAGGCTACTACAGTTTGTTCTTC	C?SYAGYYSLFF	IGLV2-11*03	.	IGLJ2*01	IGLC	assemble905	0
1	4.484245e-04	AGTAGTCCCGATACCTTC	SSPDTF	IGKV4-1*01	.	IGKJ5*01	IGKC	assemble3113	0
1	4.484245e-04	TGCGGAACATACGATGACAGCCTGAGTGCTGGGATNTTC	CGTYDDSLSAG?F	IGLV1-51*01	.	IGLJ3*02	IGLC	assemble2349	0
1	3.530699e-03	TGTGCTGTGGGGACAGGAGGAGGTGCTGACGGACTCACCTTT	CAVGTGGGADGLTF	TRAV8-3*01	.	TRAJ45*01	TRAC	assemble2780	0
1	4.484245e-04	TGTCAACAATATTATCAAAGTCCCCTCACTTTC	CQQYYQSPLTF	IGKV4-1*01	.	IGKJ4*01	IGKC	assemble4231	0
1	4.484245e-04	TGTGCAGCATGGGATGACAGCCTGAATGGTTGGGTGTTC	CAAWDDSLNGWVF	IGLV1-44*01	.	IGLJ3*02	IGLC	assemble1887	0
1	4.484245e-04	TGCCAACAGTACAATAGTTATTCATTCNCTTTC	CQQYNSYSF?F	IGKV1-5*03	.	IGKJ3*01	IGKC	assemble245	0
1	4.484245e-04	TGCGCCTCATATGCAGGCGGCAACAATTTCGTGTTC	CASYAGGNNFVF	IGLV2-8*01	.	IGLJ3*02	IGLC	assemble3541	0
1	4.484245e-04	TGCAGCTCATTTACAAGCAGCTACACTTNGGTGTTC	CSSFTSSYT?VF	IGLV2-14*01	.	IGLJ3*02	IGLC	assemble1614	0
1	2.490908e-03	TGCGCCAGCAGCACCGACGGAAGAACTAATTCACCCCTCCACTTT	CASSTDGRTNSPLHF	TRBV5-1*01	.	TRBJ1-6*01	TRBC	assemble4445	0
1	3.530699e-03	TGTGCCGTGAAGGATAATGCTGGCAACAACCGTAAGCTGATTTGG	CAVKDNAGNNRKLIW	TRAV12-2*01	.	TRAJ38*01	.	assemble4072	0
1	4.484245e-04	ACTCCTCCACTCAGTTTC	TPPLSF	IGKV4-1*01	.	IGKJ4*01	IGKC	assemble4573	0
1	4.484245e-04	TGTCAAAACTATGATGTTTATTGGTCGTTC	CQNYDVYWSF	IGKV1-27*01	.	IGKJ1*01	IGKC	assemble2551	0
1	3.530699e-03	TGTGCCGTGAAGAGCACCGGTAACCAGTTCTATTTT	CAVKSTGNQFYF	TRAV12-2*01	.	TRAJ49*01	.	assemble2627	0
1	4.484245e-04	TGCATGCAAGTTTCACAGTTTCCCATCACCTTC	CMQVSQFPITF	IGKV2-18*01	.	IGKJ5*01	IGKC	assemble2784	0
1	4.484245e-04	TGTCAGCAATATTATGGTGGTGTTCATCCAACTTTT	CQQYYGGVHPTF	IGKV4-1*01	.	IGKJ2*01	IGKC	assemble1631	0
1	2.490908e-03	TGTGCCAGCAGTTACTCGCAGGTTGGCTACACCTTC	CASSYSQVGYTF	TRBV6-2*01	.	TRBJ1-2*01	TRBC	assemble3922	0
1	4.484245e-04	TGTCAGCAGTATGGTAGTTTACCTAGGACCTTC	CQQYGSLPRTF	IGKV3-20*01	.	IGKJ1*01	IGKC	assemble1206	0
1	4.484245e-04	TGTCAACAGCTTAATAATTTCATGTGGACGTTC	CQQLNNFMWTF	IGKV1-13*01	.	IGKJ1*01	IGKC	assemble2425	0
1	2.490908e-03	TGTGCCAGCAGCTTAGATGGGGGGACAGGGCAGTATTTT	CASSLDGGTGQYF	TRBV11-2*01	TRBD1*01	TRBJ2-3*01	TRBC	assemble1680	0
1	4.484245e-04	TGTCAGCAGTATGCAACCTCACCTCAGGTCACTTTC	CQQYATSPQVTF	IGKV3-20*01	.	IGKJ4*01	IGKC	assemble2881	0
