AAseq,NNseq,Prob,Vregion,Jregion,Frequency
CASSLSSYREQFF,TGTGCCAGCAGTTTATCGTCCTACAGGGAGCAGTTCTTC,0.05309,TRAV32*01,None,10
CAGSILTGGGNKL,TGTGCCGGGTCTATACTCACGGGAGGAGGAAACAAACTC,0.0,None,M94081|TRAJ10*01|Homo,9
CASSPRTDTQYF,TGTGCCAGCAGTCCCCGCACAGATACGCAGTATTTT,0.02133,TRAV32*01,None,8
CIAFLFF,TGTATTGCTTTTCTCTTTTTC,0.0,TRAV2*01,None,8
CAVNTYEKL,TGTGCCGTGAACACGTATGAGAAATTA,0.0,None,M94081|TRAJ48*01|Homo,7
CAVFGQAGTAL,TGTGCTGTGTTCGGCCAGGCAGGAACTGCTCTG,0.0,TRAV21*01,None,6
CAVTSYNNAGNML,TGTGCCGTGACCTCATATAATAATGCAGGCAACATGCTC,0.0,None,M94081|TRAJ39*01|Homo,5
CAACVYGGSQGNL,TGTGCTGCGTGCGTGTATGGAGGAAGCCAAGGAAATCTC,0.0,None,M94081|TRAJ42*01|Homo,5
CAFFLLHF,TGTGCTTTCTTCTTACTTCATTTT,0.0,TRAV17*01,None,5
CAYRSTLGGNAGNML,TGTGCTTATAGGAGCACCCTCGGAGGTAATGCAGGCAACATGCTC,0.0,TRAV38-2/DV8*01,None,5
CGSRSLFF,TGTGGATCAAGATCTCTCTTTTTT,0.0,TRAV38-1*02,None,3
CAVNTYEKLTF,TGTGCCGTGAACACGTATGAGAAATTAACCTTT,0.0,TRAV8-1*01,None,3
CAVFGQAGTAL,TGTGCTGTGTTCGGCCAGGCAGGAACTGCTCTG,0.0,None,X05775|TRAJ15*01|Homo,3
CAGSILTGGGNKL,TGTGCCGGGTCTATACTCACGGGAGGAGGAAACAAACTC,0.0,TRAV12-2*02,None,3
CGSRSLFF,TGTGGATCAAGATCTCTCTTTTTT,0.0,TRAV14/DV4*03,None,2
CAENGQGGSEKL,TGTGCAGAGAACGGTCAGGGCGGATCTGAAAAGCTG,0.0,TRAV13-2*01,None,2
CVHFFFFYFL,TGTGTTCATTTTTTTTTTTTTTATTTTTTA,0.0,None,M94081|TRAJ50*01|Homo,2
CAVTSYNNAGNML,TGTGCCGTGACCTCATATAATAATGCAGGCAACATGCTC,0.0,TRAV8-1*01,None,2
CAGQSPQL,TGTGCTGGGCAGTCTCCTCAGTTG,0.0,TRAV35*03,None,2
CGSRSLFF,TGTGGATCAAGATCTCTCTTTTTT,0.0,TRAV38-1*04,None,2
CLVGGGYQKV,TGCCTCGTGGGTGGGGGTTACCAGAAAGTT,0.0,TRAV4*01,None,2
CASSAGSYNEQFF,TGTGCCAGCAGTGCCGGGAGCTACAATGAGCAGTTCTTC,0.05309,TRAV14/DV4*01,None,1
CAFAESKTSYDKV,TGTGCTTTCGCCGAGAGCAAAACCTCCTACGACAAGGTG,0.0,None,M94081|TRAJ50*01|Homo,1
CLVFIIYF,TGTTTGGTCTTCATTATTTATTTC,0.0,TRAV22*01,None,1
CAGQSPQL,TGTGCTGGGCAGTCTCCTCAGTTG,0.0,TRAV35*01,None,1
CAYKGGRGTASKL,TGTGCTTATAAGGGGGGGCGGGGCACTGCCAGTAAACTC,0.0,TRAV38-2/DV8*01,None,1
CVHFFFFLFFCFVLFCF,TGTGTTCATTTTTTTTTTTTTTTGTTTTTTTGTTTTGTTTTGTTTTGTTTT,0.0,None,M94081|TRAJ31*01|Homo,1
CGLRTLRQHF,TGTGGGCTCAGAACACTACGTCAGCATTTT,0.0,TRAV41*01,None,1
CAVYILFF,TGTGCTGTCTATATTCTATTCTTT,0.0,TRAV28*02,None,1
CVLSESPNFSLFF,TGTGTCTTGAGTGAGTCCCCTAACTTCTCTCTCTTTTTT,0.0,TRAV1-2*03,None,1
CGSRSLFF,TGTGGATCAAGATCTCTCTTTTTT,0.0,TRAV38-1*03,None,1
CLFESTFQYF,TGTTTGTTTGAGTCGACCTTCCAGTACTTT,0.0,TRAV22*01,None,1
CAVVPEYGNKL,TGTGCCGTGGTCCCGGAATATGGAAACAAACTG,0.0,None,M94081|TRAJ47*01|Homo,1
CVLSKSPNFSLFF,TGTGTCTTGAGTAAGTCCCCTAACTTCTCTCTCTTTTTT,0.0,TRAV1-2*03,None,1
CVAFLFF,TGTGTTGCTTTTCTCTTTTTC,0.0,TRAV2*01,None,1
CIGGGADGL,TGTATAGGAGGAGGTGCTGACGGACTC,0.0,TRAV25*01,None,1
CVYSMLHF,TGTGTATATTCCATGCTCCATTTC,0.0,TRAV10*02,None,1
CILPPPLSFSLFF,TGTATTCTTCCTCCCCCCTTGTCTTTTTCTCTATTTTTT,0.0,TRAV6*07,None,1
CGSRSLFF,TGTGGATCAAGATCTCTCTTTTTC,0.0,TRAV14/DV4*03,None,1
CLVGGGYQKV,TGCCTCGTGGGTGGGGGTTACCAGAAAGTT,0.0,None,AB258131|TRAJ13*02|Homo,1
CAVVPEYGNKL,TGTGCCGTGGTCCCGGAATATGGAAACAAACTG,0.0,None,AF033825|TRAJ47*02|Homo,1
CAFAESKTSYDKV,TGTGCTTTCGCCGAGAGCAAAACCTCCTACGACAAGGTG,0.0,TRAV17*01,None,1
CARDRGKQHF,TGTGCGAGAGATAGGGGTAAACAGCATTTT,0.0,TRAV13-1*01,None,1
CVSRPQYF,TGTGTCTCCCGGCCCCAATACTTC,0.0,TRAV3*02,None,1
CIQMVLFF,TGTATCCAAATGGTTCTTTTTTTT,0.0,TRAV24*02,None,1
CAYRSALAGNQF,TGTGCTTATAGGAGCGCATTGGCCGGTAACCAGTTC,0.0,TRAV38-2/DV8*01,None,1
CAYRSTLGGNAGNML,TGTGCTTATAGGAGCACCCTCGGAGGTAATGCAGGCAACATGCTC,0.0,None,M94081|TRAJ39*01|Homo,1
CAFKDNAGNML,TGTGCCTTTAAAGATAATGCAGGCAACATGCTC,0.0,TRAV24*02,None,1
CAVVPEYGNKL,TGTGCCGTGGTCCCGGAATATGGAAACAAACTG,0.0,TRAV8-1*01,None,1
CIAPTGNQF,TGCATCGCCCCCACCGGTAACCAGTTC,0.0,TRAV26-1*01,None,1
CASSLGPDTQYF,TGTGCCAGCAGTTTAGGCCCAGATACGCAGTATTTT,0.02133,TRAV32*01,None,1
CVLPCVLTF,TGTGTGCTTCCCTGTGTGTTAACTTTT,0.0,TRAV35*03,None,1
CAGSILTGGGNKL,TGTGCCGGGTCTATACTCACGGGAGGAGGAAACAAACTC,0.0,TRAV12-2*03,None,1
CGSSSLFF,TGTGGATCAAGCTCTCTCTTTTTT,0.0,TRAV38-1*03,None,1
CAVNTYEKL,TGTGCCGTGAACACGTATGAGAAATTA,0.0,TRAV8-1*01,None,1
