sample,V,frequency_tool,tool,sample_type,clonal_type
CMT-baseline1C_CAGATC,TRBV1,0.0003869265137259701,TCR-Seq,melanoma,polyclonal
CMT-baseline1C_CAGATC,TRBV10,0.06935575081932514,TCR-Seq,melanoma,polyclonal
CMT-baseline1C_CAGATC,TRBV11,0.03410906036384318,TCR-Seq,melanoma,polyclonal
CMT-baseline1C_CAGATC,TRBV12,0.0021804576756409367,TCR-Seq,melanoma,polyclonal
CMT-baseline1C_CAGATC,TRBV13,0.004151467950689468,TCR-Seq,melanoma,polyclonal
CMT-baseline1C_CAGATC,TRBV14,0.01615941813307406,TCR-Seq,melanoma,polyclonal
CMT-baseline1C_CAGATC,TRBV15,0.00584468483126807,TCR-Seq,melanoma,polyclonal
CMT-baseline1C_CAGATC,TRBV16,0.0007529082873926996,TCR-Seq,melanoma,polyclonal
CMT-baseline1C_CAGATC,TRBV18,0.02994987592997402,TCR-Seq,melanoma,polyclonal
CMT-baseline1C_CAGATC,TRBV19,0.05186909757933929,TCR-Seq,melanoma,polyclonal
CMT-baseline1C_CAGATC,TRBV2,0.05098280436841131,TCR-Seq,melanoma,polyclonal
CMT-baseline1C_CAGATC,TRBV20,0.0013735340059901956,TCR-Seq,melanoma,polyclonal
CMT-baseline1C_CAGATC,TRBV21,0.008017426023729287,TCR-Seq,melanoma,polyclonal
CMT-baseline1C_CAGATC,TRBV22,2.7558868499000716e-05,TCR-Seq,melanoma,polyclonal
CMT-baseline1C_CAGATC,TRBV23,0.0006647199081958973,TCR-Seq,melanoma,polyclonal
CMT-baseline1C_CAGATC,TRBV25,0.003921075810037823,TCR-Seq,melanoma,polyclonal
CMT-baseline1C_CAGATC,TRBV27,0.05507033574418323,TCR-Seq,melanoma,polyclonal
CMT-baseline1C_CAGATC,TRBV28,0.06015990757857861,TCR-Seq,melanoma,polyclonal
CMT-baseline1C_CAGATC,TRBV29,0.013598648072146889,TCR-Seq,melanoma,polyclonal
CMT-baseline1C_CAGATC,TRBV30,0.007733018500819599,TCR-Seq,melanoma,polyclonal
CMT-baseline1C_CAGATC,TRBV4,0.04159735611239177,TCR-Seq,melanoma,polyclonal
CMT-baseline1C_CAGATC,TRBV5,0.10160954815581572,TCR-Seq,melanoma,polyclonal
CMT-baseline1C_CAGATC,TRBV6,0.1218796471142004,TCR-Seq,melanoma,polyclonal
CMT-baseline1C_CAGATC,TRBV7,0.10728667506660937,TCR-Seq,melanoma,polyclonal
CMT-baseline1C_CAGATC,TRBV9,0.02426833960022003,TCR-Seq,melanoma,polyclonal
ESO1-sorted-T-cells_S13_L007,TRBV1,4.055108930363642e-05,TCR-Seq,PBMC,monoclonal
ESO1-sorted-T-cells_S13_L007,TRBV10,0.0018450745633154548,TCR-Seq,PBMC,monoclonal
ESO1-sorted-T-cells_S13_L007,TRBV11,0.004622824180614566,TCR-Seq,PBMC,monoclonal
ESO1-sorted-T-cells_S13_L007,TRBV12,0.003386015956853635,TCR-Seq,PBMC,monoclonal
ESO1-sorted-T-cells_S13_L007,TRBV13,0.0003345464867550005,TCR-Seq,PBMC,monoclonal
ESO1-sorted-T-cells_S13_L007,TRBV14,0.00123680822376091,TCR-Seq,PBMC,monoclonal
ESO1-sorted-T-cells_S13_L007,TRBV15,0.0010441905495686367,TCR-Seq,PBMC,monoclonal
ESO1-sorted-T-cells_S13_L007,TRBV16,0.00017234212954045478,TCR-Seq,PBMC,monoclonal
ESO1-sorted-T-cells_S13_L007,TRBV18,0.0018957634249449997,TCR-Seq,PBMC,monoclonal
ESO1-sorted-T-cells_S13_L007,TRBV19,0.004491033140377741,TCR-Seq,PBMC,monoclonal
ESO1-sorted-T-cells_S13_L007,TRBV2,0.004014557841060003,TCR-Seq,PBMC,monoclonal
ESO1-sorted-T-cells_S13_L007,TRBV20,0.0066402408734705185,TCR-Seq,PBMC,monoclonal
ESO1-sorted-T-cells_S13_L007,TRBV21,0.0004055108930363642,TCR-Seq,PBMC,monoclonal
ESO1-sorted-T-cells_S13_L007,TRBV23,0.00017234212954045478,TCR-Seq,PBMC,monoclonal
ESO1-sorted-T-cells_S13_L007,TRBV24,0.0007096440628136367,TCR-Seq,PBMC,monoclonal
ESO1-sorted-T-cells_S13_L007,TRBV25,0.0004967508439695462,TCR-Seq,PBMC,monoclonal
ESO1-sorted-T-cells_S13_L007,TRBV26,2.027554465181821e-05,TCR-Seq,PBMC,monoclonal
ESO1-sorted-T-cells_S13_L007,TRBV27,0.0031528471933577264,TCR-Seq,PBMC,monoclonal
ESO1-sorted-T-cells_S13_L007,TRBV28,0.0016220435721454542,TCR-Seq,PBMC,monoclonal
ESO1-sorted-T-cells_S13_L007,TRBV29,0.0019261767419227278,TCR-Seq,PBMC,monoclonal
ESO1-sorted-T-cells_S13_L007,TRBV3,0.003021056153120908,TCR-Seq,PBMC,monoclonal
ESO1-sorted-T-cells_S13_L007,TRBV30,0.0018450745633154554,TCR-Seq,PBMC,monoclonal
ESO1-sorted-T-cells_S13_L007,TRBV4,0.004217313287578189,TCR-Seq,PBMC,monoclonal
ESO1-sorted-T-cells_S13_L007,TRBV5,0.007076165083484617,TCR-Seq,PBMC,monoclonal
ESO1-sorted-T-cells_S13_L007,TRBV6,0.837633438428231,TCR-Seq,PBMC,monoclonal
ESO1-sorted-T-cells_S13_L007,TRBV7,0.008809724151215096,TCR-Seq,PBMC,monoclonal
ESO1-sorted-T-cells_S13_L007,TRBV9,0.00454172200200729,TCR-Seq,PBMC,monoclonal
HM-baseline1C_CGATGT,TRBV1,0.00014578633419245557,TCR-Seq,melanoma,polyclonal
HM-baseline1C_CGATGT,TRBV10,0.02619271868458685,TCR-Seq,melanoma,polyclonal
HM-baseline1C_CGATGT,TRBV11,0.012347763468114495,TCR-Seq,melanoma,polyclonal
HM-baseline1C_CGATGT,TRBV12,0.004418343039990886,TCR-Seq,melanoma,polyclonal
HM-baseline1C_CGATGT,TRBV13,0.0019732010813955617,TCR-Seq,melanoma,polyclonal
HM-baseline1C_CGATGT,TRBV14,0.002943527798741627,TCR-Seq,melanoma,polyclonal
HM-baseline1C_CGATGT,TRBV15,0.003765355878003283,TCR-Seq,melanoma,polyclonal
HM-baseline1C_CGATGT,TRBV16,9.493063621834317e-05,TCR-Seq,melanoma,polyclonal
HM-baseline1C_CGATGT,TRBV18,0.009651055323540563,TCR-Seq,melanoma,polyclonal
HM-baseline1C_CGATGT,TRBV19,0.05706009312695412,TCR-Seq,melanoma,polyclonal
HM-baseline1C_CGATGT,TRBV2,0.38149706969468267,TCR-Seq,melanoma,polyclonal
HM-baseline1C_CGATGT,TRBV20,0.0016077181319549402,TCR-Seq,melanoma,polyclonal
HM-baseline1C_CGATGT,TRBV21,0.009672753754676178,TCR-Seq,melanoma,polyclonal
HM-baseline1C_CGATGT,TRBV23,0.0010591546698075149,TCR-Seq,melanoma,polyclonal
HM-baseline1C_CGATGT,TRBV25,0.002234260330996005,TCR-Seq,melanoma,polyclonal
HM-baseline1C_CGATGT,TRBV27,0.03388684675008361,TCR-Seq,melanoma,polyclonal
HM-baseline1C_CGATGT,TRBV28,0.017873404571995058,TCR-Seq,melanoma,polyclonal
HM-baseline1C_CGATGT,TRBV29,0.006504104732902484,TCR-Seq,melanoma,polyclonal
HM-baseline1C_CGATGT,TRBV30,0.0042162764000404146,TCR-Seq,melanoma,polyclonal
HM-baseline1C_CGATGT,TRBV4,0.021214284890907736,TCR-Seq,melanoma,polyclonal
HM-baseline1C_CGATGT,TRBV5,0.06822122364233946,TCR-Seq,melanoma,polyclonal
HM-baseline1C_CGATGT,TRBV6,0.048212557831404594,TCR-Seq,melanoma,polyclonal
HM-baseline1C_CGATGT,TRBV7,0.1057561191270994,TCR-Seq,melanoma,polyclonal
HM-baseline1C_CGATGT,TRBV9,0.01083226366848595,TCR-Seq,melanoma,polyclonal
INY1-sorted-T-cells_S14_L007,TRBV1,5.9658158750360436e-05,TCR-Seq,PBMC,monoclonal
INY1-sorted-T-cells_S14_L007,TRBV10,0.0019388901593867156,TCR-Seq,PBMC,monoclonal
INY1-sorted-T-cells_S14_L007,TRBV11,0.001730086603760454,TCR-Seq,PBMC,monoclonal
INY1-sorted-T-cells_S14_L007,TRBV12,0.0024161554293895943,TCR-Seq,PBMC,monoclonal
INY1-sorted-T-cells_S14_L007,TRBV13,0.0001590884233342945,TCR-Seq,PBMC,monoclonal
INY1-sorted-T-cells_S14_L007,TRBV14,0.0007656130372962927,TCR-Seq,PBMC,monoclonal
INY1-sorted-T-cells_S14_L007,TRBV15,0.0005269804022948507,TCR-Seq,PBMC,monoclonal
INY1-sorted-T-cells_S14_L007,TRBV16,0.00019886052916786808,TCR-Seq,PBMC,monoclonal
INY1-sorted-T-cells_S14_L007,TRBV18,0.0009545305400057676,TCR-Seq,PBMC,monoclonal
INY1-sorted-T-cells_S14_L007,TRBV19,0.005667525081284206,TCR-Seq,PBMC,monoclonal
INY1-sorted-T-cells_S14_L007,TRBV2,0.0025255287204319207,TCR-Seq,PBMC,monoclonal
INY1-sorted-T-cells_S14_L007,TRBV20,0.004076640847941275,TCR-Seq,PBMC,monoclonal
INY1-sorted-T-cells_S14_L007,TRBV21,0.0003281198731269824,TCR-Seq,PBMC,monoclonal
INY1-sorted-T-cells_S14_L007,TRBV23,1.9886052916786813e-05,TCR-Seq,PBMC,monoclonal
INY1-sorted-T-cells_S14_L007,TRBV24,0.0004275501377109166,TCR-Seq,PBMC,monoclonal
INY1-sorted-T-cells_S14_L007,TRBV25,0.0005866385610452113,TCR-Seq,PBMC,monoclonal
INY1-sorted-T-cells_S14_L007,TRBV27,0.005518379684408304,TCR-Seq,PBMC,monoclonal
INY1-sorted-T-cells_S14_L007,TRBV28,0.0018692889741779618,TCR-Seq,PBMC,monoclonal
INY1-sorted-T-cells_S14_L007,TRBV29,0.0010937329104232754,TCR-Seq,PBMC,monoclonal
INY1-sorted-T-cells_S14_L007,TRBV3,0.002535471746890314,TCR-Seq,PBMC,monoclonal
INY1-sorted-T-cells_S14_L007,TRBV30,0.002028377397512256,TCR-Seq,PBMC,monoclonal
INY1-sorted-T-cells_S14_L007,TRBV4,0.004484304932735402,TCR-Seq,PBMC,monoclonal
INY1-sorted-T-cells_S14_L007,TRBV5,0.00520020283773972,TCR-Seq,PBMC,monoclonal
INY1-sorted-T-cells_S14_L007,TRBV6,0.799558529625252,TCR-Seq,PBMC,monoclonal
INY1-sorted-T-cells_S14_L007,TRBV7,0.010380519622562763,TCR-Seq,PBMC,monoclonal
INY1-sorted-T-cells_S14_L007,TRBV9,0.003062452149185159,TCR-Seq,PBMC,monoclonal
INY2-sorted-T-cells_S15_L007,TRBV1,2.409065312771961e-05,TCR-Seq,PBMC,monoclonal
INY2-sorted-T-cells_S15_L007,TRBV10,0.0018158329795018616,TCR-Seq,PBMC,monoclonal
INY2-sorted-T-cells_S15_L007,TRBV11,0.002677073828817834,TCR-Seq,PBMC,monoclonal
INY2-sorted-T-cells_S15_L007,TRBV12,0.008883428340846771,TCR-Seq,PBMC,monoclonal
INY2-sorted-T-cells_S15_L007,TRBV13,0.00108407939074738,TCR-Seq,PBMC,monoclonal
INY2-sorted-T-cells_S15_L007,TRBV14,0.0008341388645472904,TCR-Seq,PBMC,monoclonal
INY2-sorted-T-cells_S15_L007,TRBV15,0.0005570963535785166,TCR-Seq,PBMC,monoclonal
INY2-sorted-T-cells_S15_L007,TRBV16,0.00011141927071570318,TCR-Seq,PBMC,monoclonal
INY2-sorted-T-cells_S15_L007,TRBV18,0.0009545921301858879,TCR-Seq,PBMC,monoclonal
INY2-sorted-T-cells_S15_L007,TRBV19,0.0059383459959828615,TCR-Seq,PBMC,monoclonal
INY2-sorted-T-cells_S15_L007,TRBV2,0.002655994507331079,TCR-Seq,PBMC,monoclonal
INY2-sorted-T-cells_S15_L007,TRBV20,0.0025385525733334466,TCR-Seq,PBMC,monoclonal
INY2-sorted-T-cells_S15_L007,TRBV21,0.0014966318255595793,TCR-Seq,PBMC,monoclonal
INY2-sorted-T-cells_S15_L007,TRBV23,0.00012045326563859803,TCR-Seq,PBMC,monoclonal
INY2-sorted-T-cells_S15_L007,TRBV24,0.00039749577660737415,TCR-Seq,PBMC,monoclonal
INY2-sorted-T-cells_S15_L007,TRBV25,0.0005269830371688672,TCR-Seq,PBMC,monoclonal
INY2-sorted-T-cells_S15_L007,TRBV27,0.005634201500245401,TCR-Seq,PBMC,monoclonal
INY2-sorted-T-cells_S15_L007,TRBV28,0.0004516997461447435,TCR-Seq,PBMC,monoclonal
INY2-sorted-T-cells_S15_L007,TRBV29,0.0018339009693476502,TCR-Seq,PBMC,monoclonal
INY2-sorted-T-cells_S15_L007,TRBV3,0.0022464534041598473,TCR-Seq,PBMC,monoclonal
INY2-sorted-T-cells_S15_L007,TRBV30,0.0028336630741480104,TCR-Seq,PBMC,monoclonal
INY2-sorted-T-cells_S15_L007,TRBV4,0.0036587679437724025,TCR-Seq,PBMC,monoclonal
INY2-sorted-T-cells_S15_L007,TRBV5,0.006362943757358921,TCR-Seq,PBMC,monoclonal
INY2-sorted-T-cells_S15_L007,TRBV6,0.8512372056047166,TCR-Seq,PBMC,monoclonal
INY2-sorted-T-cells_S15_L007,TRBV7,0.010440286799225883,TCR-Seq,PBMC,monoclonal
INY2-sorted-T-cells_S15_L007,TRBV9,0.003375702769521699,TCR-Seq,PBMC,monoclonal
JSSBaseline-RNA_GTGAAA,TRBV1,0.00018297625776673927,TCR-Seq,melanoma,polyclonal
JSSBaseline-RNA_GTGAAA,TRBV10,0.08785626292979012,TCR-Seq,melanoma,polyclonal
JSSBaseline-RNA_GTGAAA,TRBV11,0.04861920300364743,TCR-Seq,melanoma,polyclonal
JSSBaseline-RNA_GTGAAA,TRBV12,0.00442901833237708,TCR-Seq,melanoma,polyclonal
JSSBaseline-RNA_GTGAAA,TRBV13,0.014671433505505966,TCR-Seq,melanoma,polyclonal
JSSBaseline-RNA_GTGAAA,TRBV14,0.01118566487401943,TCR-Seq,melanoma,polyclonal
JSSBaseline-RNA_GTGAAA,TRBV15,0.005429004857381354,TCR-Seq,melanoma,polyclonal
JSSBaseline-RNA_GTGAAA,TRBV16,0.0003446762064908345,TCR-Seq,melanoma,polyclonal
JSSBaseline-RNA_GTGAAA,TRBV18,0.012609049948972342,TCR-Seq,melanoma,polyclonal
JSSBaseline-RNA_GTGAAA,TRBV19,0.08432865089051994,TCR-Seq,melanoma,polyclonal
JSSBaseline-RNA_GTGAAA,TRBV2,0.05341913832366795,TCR-Seq,melanoma,polyclonal
JSSBaseline-RNA_GTGAAA,TRBV20,0.001821961264351756,TCR-Seq,melanoma,polyclonal
JSSBaseline-RNA_GTGAAA,TRBV21,0.0052162417669549144,TCR-Seq,melanoma,polyclonal
JSSBaseline-RNA_GTGAAA,TRBV23,0.0008134642157304263,TCR-Seq,melanoma,polyclonal
JSSBaseline-RNA_GTGAAA,TRBV25,0.0024645057974396097,TCR-Seq,melanoma,polyclonal
JSSBaseline-RNA_GTGAAA,TRBV27,0.033094589505531485,TCR-Seq,melanoma,polyclonal
JSSBaseline-RNA_GTGAAA,TRBV28,0.031091070404015906,TCR-Seq,melanoma,polyclonal
JSSBaseline-RNA_GTGAAA,TRBV29,0.012669332824593163,TCR-Seq,melanoma,polyclonal
JSSBaseline-RNA_GTGAAA,TRBV30,0.011220416178789092,TCR-Seq,melanoma,polyclonal
JSSBaseline-RNA_GTGAAA,TRBV4,0.034273297026494016,TCR-Seq,melanoma,polyclonal
JSSBaseline-RNA_GTGAAA,TRBV5,0.13307267490721644,TCR-Seq,melanoma,polyclonal
JSSBaseline-RNA_GTGAAA,TRBV6,0.11551971994703587,TCR-Seq,melanoma,polyclonal
JSSBaseline-RNA_GTGAAA,TRBV7,0.09102430534623965,TCR-Seq,melanoma,polyclonal
JSSBaseline-RNA_GTGAAA,TRBV9,0.01879407298766904,TCR-Seq,melanoma,polyclonal
JSSBaseline-RNA_GTGAAA,TRBVA,3.616972537249498e-05,TCR-Seq,melanoma,polyclonal
LEK-OT110712A_CCGTCC,TRBV1,7.847581004714585e-05,TCR-Seq,melanoma,polyclonal
LEK-OT110712A_CCGTCC,TRBV10,0.02818747612308806,TCR-Seq,melanoma,polyclonal
LEK-OT110712A_CCGTCC,TRBV11,0.04532883520338621,TCR-Seq,melanoma,polyclonal
LEK-OT110712A_CCGTCC,TRBV12,0.0022249185705674294,TCR-Seq,melanoma,polyclonal
LEK-OT110712A_CCGTCC,TRBV13,0.004913793029105913,TCR-Seq,melanoma,polyclonal
LEK-OT110712A_CCGTCC,TRBV14,0.006983484722657011,TCR-Seq,melanoma,polyclonal
LEK-OT110712A_CCGTCC,TRBV15,0.004557633583507319,TCR-Seq,melanoma,polyclonal
LEK-OT110712A_CCGTCC,TRBV16,0.00036995739022225904,TCR-Seq,melanoma,polyclonal
LEK-OT110712A_CCGTCC,TRBV18,0.023729877638102373,TCR-Seq,melanoma,polyclonal
LEK-OT110712A_CCGTCC,TRBV19,0.03808922613365215,TCR-Seq,melanoma,polyclonal
LEK-OT110712A_CCGTCC,TRBV2,0.0739897533013743,TCR-Seq,melanoma,polyclonal
LEK-OT110712A_CCGTCC,TRBV20,0.0013151165969439236,TCR-Seq,melanoma,polyclonal
LEK-OT110712A_CCGTCC,TRBV21,0.004348077299535274,TCR-Seq,melanoma,polyclonal
LEK-OT110712A_CCGTCC,TRBV23,0.0007269792073598241,TCR-Seq,melanoma,polyclonal
LEK-OT110712A_CCGTCC,TRBV25,0.004133346786329342,TCR-Seq,melanoma,polyclonal
LEK-OT110712A_CCGTCC,TRBV27,0.04912326997489646,TCR-Seq,melanoma,polyclonal
LEK-OT110712A_CCGTCC,TRBV28,0.02738202110568115,TCR-Seq,melanoma,polyclonal
LEK-OT110712A_CCGTCC,TRBV29,0.010368293013152048,TCR-Seq,melanoma,polyclonal
LEK-OT110712A_CCGTCC,TRBV30,0.010116480523770005,TCR-Seq,melanoma,polyclonal
LEK-OT110712A_CCGTCC,TRBV4,0.0760723805680103,TCR-Seq,melanoma,polyclonal
LEK-OT110712A_CCGTCC,TRBV5,0.1280768338546366,TCR-Seq,melanoma,polyclonal
LEK-OT110712A_CCGTCC,TRBV6,0.12313199545012891,TCR-Seq,melanoma,polyclonal
LEK-OT110712A_CCGTCC,TRBV7,0.12862443978188806,TCR-Seq,melanoma,polyclonal
LEK-OT110712A_CCGTCC,TRBV9,0.016564432520720894,TCR-Seq,melanoma,polyclonal
LEK-OT110712A_CCGTCC,TRBVA,4.6568063104899736e-05,TCR-Seq,melanoma,polyclonal
LEK-baseline_CGATGT,TRBV1,5.079840989688487e-05,TCR-Seq,melanoma,polyclonal
LEK-baseline_CGATGT,TRBV10,0.026275195305775406,TCR-Seq,melanoma,polyclonal
LEK-baseline_CGATGT,TRBV11,0.043988036410042786,TCR-Seq,melanoma,polyclonal
LEK-baseline_CGATGT,TRBV12,0.001567977585483846,TCR-Seq,melanoma,polyclonal
LEK-baseline_CGATGT,TRBV13,0.0031376484512975872,TCR-Seq,melanoma,polyclonal
LEK-baseline_CGATGT,TRBV14,0.007369155995708093,TCR-Seq,melanoma,polyclonal
LEK-baseline_CGATGT,TRBV15,0.004708448170664568,TCR-Seq,melanoma,polyclonal
LEK-baseline_CGATGT,TRBV16,0.0004063872791750791,TCR-Seq,melanoma,polyclonal
LEK-baseline_CGATGT,TRBV18,0.05057997673432839,TCR-Seq,melanoma,polyclonal
LEK-baseline_CGATGT,TRBV19,0.03631747651561297,TCR-Seq,melanoma,polyclonal
LEK-baseline_CGATGT,TRBV2,0.07115276831579001,TCR-Seq,melanoma,polyclonal
LEK-baseline_CGATGT,TRBV20,0.0017237593758342913,TCR-Seq,melanoma,polyclonal
LEK-baseline_CGATGT,TRBV21,0.004360196849482611,TCR-Seq,melanoma,polyclonal
LEK-baseline_CGATGT,TRBV23,0.0005051619650856884,TCR-Seq,melanoma,polyclonal
LEK-baseline_CGATGT,TRBV25,0.0029993638910227344,TCR-Seq,melanoma,polyclonal
LEK-baseline_CGATGT,TRBV27,0.05482220838749493,TCR-Seq,melanoma,polyclonal
LEK-baseline_CGATGT,TRBV28,0.024947099100360203,TCR-Seq,melanoma,polyclonal
LEK-baseline_CGATGT,TRBV29,0.03416080180210196,TCR-Seq,melanoma,polyclonal
LEK-baseline_CGATGT,TRBV3,1.919051040548984e-05,TCR-Seq,melanoma,polyclonal
LEK-baseline_CGATGT,TRBV30,0.007598313267020672,TCR-Seq,melanoma,polyclonal
LEK-baseline_CGATGT,TRBV4,0.0632744993675599,TCR-Seq,melanoma,polyclonal
LEK-baseline_CGATGT,TRBV5,0.12983904241610664,TCR-Seq,melanoma,polyclonal
LEK-baseline_CGATGT,TRBV6,0.09881476021175045,TCR-Seq,melanoma,polyclonal
LEK-baseline_CGATGT,TRBV7,0.10967320254059802,TCR-Seq,melanoma,polyclonal
LEK-baseline_CGATGT,TRBV9,0.013875303449945801,TCR-Seq,melanoma,polyclonal
MP-11-28-12RNA_S2,TRBV1,0.00014201183431952663,TCR-Seq,PBMC,polyclonal
MP-11-28-12RNA_S2,TRBV10,0.0283550295857987,TCR-Seq,PBMC,polyclonal
MP-11-28-12RNA_S2,TRBV11,0.009207100591715953,TCR-Seq,PBMC,polyclonal
MP-11-28-12RNA_S2,TRBV12,0.0005207100591715977,TCR-Seq,PBMC,polyclonal
MP-11-28-12RNA_S2,TRBV13,0.002414201183431953,TCR-Seq,PBMC,polyclonal
MP-11-28-12RNA_S2,TRBV14,0.00506508875739645,TCR-Seq,PBMC,polyclonal
MP-11-28-12RNA_S2,TRBV15,0.002863905325443788,TCR-Seq,PBMC,polyclonal
MP-11-28-12RNA_S2,TRBV16,0.000591715976331361,TCR-Seq,PBMC,polyclonal
MP-11-28-12RNA_S2,TRBV18,0.006911242603550295,TCR-Seq,PBMC,polyclonal
MP-11-28-12RNA_S2,TRBV19,0.02407100591715962,TCR-Seq,PBMC,polyclonal
MP-11-28-12RNA_S2,TRBV2,0.01917159763313601,TCR-Seq,PBMC,polyclonal
MP-11-28-12RNA_S2,TRBV20,0.0010414201183431956,TCR-Seq,PBMC,polyclonal
MP-11-28-12RNA_S2,TRBV21,0.0034792899408284035,TCR-Seq,PBMC,polyclonal
MP-11-28-12RNA_S2,TRBV23,0.0004260355029585799,TCR-Seq,PBMC,polyclonal
MP-11-28-12RNA_S2,TRBV25,0.0017988165680473379,TCR-Seq,PBMC,polyclonal
MP-11-28-12RNA_S2,TRBV27,0.011550295857988113,TCR-Seq,PBMC,polyclonal
MP-11-28-12RNA_S2,TRBV28,0.020331360946745446,TCR-Seq,PBMC,polyclonal
MP-11-28-12RNA_S2,TRBV29,0.004639053254437872,TCR-Seq,PBMC,polyclonal
MP-11-28-12RNA_S2,TRBV30,0.006106508875739645,TCR-Seq,PBMC,polyclonal
MP-11-28-12RNA_S2,TRBV4,0.030295857988165514,TCR-Seq,PBMC,polyclonal
MP-11-28-12RNA_S2,TRBV5,0.039408284023668826,TCR-Seq,PBMC,polyclonal
MP-11-28-12RNA_S2,TRBV6,0.03921893491124278,TCR-Seq,PBMC,polyclonal
MP-11-28-12RNA_S2,TRBV7,0.03742011834319536,TCR-Seq,PBMC,polyclonal
MP-11-28-12RNA_S2,TRBV9,0.013254437869822427,TCR-Seq,PBMC,polyclonal
PT0112-B_S3,TRBV1,0.0001379519788169278,TCR-Seq,melanoma,polyclonal
PT0112-B_S3,TRBV10,0.08477694951453822,TCR-Seq,melanoma,polyclonal
PT0112-B_S3,TRBV11,0.04071568295657887,TCR-Seq,melanoma,polyclonal
PT0112-B_S3,TRBV12,0.004240782773271457,TCR-Seq,melanoma,polyclonal
PT0112-B_S3,TRBV13,0.00505162282142563,TCR-Seq,melanoma,polyclonal
PT0112-B_S3,TRBV14,0.005022841473327132,TCR-Seq,melanoma,polyclonal
PT0112-B_S3,TRBV15,0.004673495455028152,TCR-Seq,melanoma,polyclonal
PT0112-B_S3,TRBV16,0.0019839280982376886,TCR-Seq,melanoma,polyclonal
PT0112-B_S3,TRBV18,0.02083372618219389,TCR-Seq,melanoma,polyclonal
PT0112-B_S3,TRBV19,0.058166112046780634,TCR-Seq,melanoma,polyclonal
PT0112-B_S3,TRBV2,0.1055709772855615,TCR-Seq,melanoma,polyclonal
PT0112-B_S3,TRBV20,0.001282258680801948,TCR-Seq,melanoma,polyclonal
PT0112-B_S3,TRBV21,0.019779733365621385,TCR-Seq,melanoma,polyclonal
PT0112-B_S3,TRBV23,0.001349745979791524,TCR-Seq,melanoma,polyclonal
PT0112-B_S3,TRBV25,0.005849560885949441,TCR-Seq,melanoma,polyclonal
PT0112-B_S3,TRBV27,0.023009199114328454,TCR-Seq,melanoma,polyclonal
PT0112-B_S3,TRBV28,0.040759351208866236,TCR-Seq,melanoma,polyclonal
PT0112-B_S3,TRBV29,0.009001614732874346,TCR-Seq,melanoma,polyclonal
PT0112-B_S3,TRBV30,0.012992297515772671,TCR-Seq,melanoma,polyclonal
PT0112-B_S3,TRBV4,0.04530779666870785,TCR-Seq,melanoma,polyclonal
PT0112-B_S3,TRBV5,0.12306308970749216,TCR-Seq,melanoma,polyclonal
PT0112-B_S3,TRBV6,0.0987428505642633,TCR-Seq,melanoma,polyclonal
PT0112-B_S3,TRBV7,0.10257870954359719,TCR-Seq,melanoma,polyclonal
PT0112-B_S3,TRBV9,0.01768266479554821,TCR-Seq,melanoma,polyclonal
PT0285-B_S5,TRBV1,0.0002788300021082269,TCR-Seq,melanoma,polyclonal
PT0285-B_S5,TRBV10,0.026097808124154142,TCR-Seq,melanoma,polyclonal
PT0285-B_S5,TRBV11,0.02037499234917675,TCR-Seq,melanoma,polyclonal
PT0285-B_S5,TRBV12,0.006175064436933413,TCR-Seq,melanoma,polyclonal
PT0285-B_S5,TRBV13,0.00397162734710255,TCR-Seq,melanoma,polyclonal
PT0285-B_S5,TRBV14,0.005049543330862401,TCR-Seq,melanoma,polyclonal
PT0285-B_S5,TRBV15,0.006515101024870279,TCR-Seq,melanoma,polyclonal
PT0285-B_S5,TRBV16,0.00045564902783539504,TCR-Seq,melanoma,polyclonal
PT0285-B_S5,TRBV18,0.013203620709588353,TCR-Seq,melanoma,polyclonal
PT0285-B_S5,TRBV19,0.03218786341410335,TCR-Seq,melanoma,polyclonal
PT0285-B_S5,TRBV2,0.017736308426786713,TCR-Seq,melanoma,polyclonal
PT0285-B_S5,TRBV20,0.0006868739076324612,TCR-Seq,melanoma,polyclonal
PT0285-B_S5,TRBV21,0.00665111566004502,TCR-Seq,melanoma,polyclonal
PT0285-B_S5,TRBV23,0.0005440585406989792,TCR-Seq,melanoma,polyclonal
PT0285-B_S5,TRBV25,0.0054609876022660075,TCR-Seq,melanoma,polyclonal
PT0285-B_S5,TRBV27,0.057830022510422185,TCR-Seq,melanoma,polyclonal
PT0285-B_S5,TRBV28,0.053205524914480835,TCR-Seq,melanoma,polyclonal
PT0285-B_S5,TRBV29,0.02768917935569865,TCR-Seq,melanoma,polyclonal
PT0285-B_S5,TRBV30,0.012509946070197151,TCR-Seq,melanoma,polyclonal
PT0285-B_S5,TRBV4,0.1573247281407481,TCR-Seq,melanoma,polyclonal
PT0285-B_S5,TRBV5,0.10570377372605311,TCR-Seq,melanoma,polyclonal
PT0285-B_S5,TRBV6,0.10092625966554013,TCR-Seq,melanoma,polyclonal
PT0285-B_S5,TRBV7,0.1367525145705695,TCR-Seq,melanoma,polyclonal
PT0285-B_S5,TRBV9,0.020919050889875727,TCR-Seq,melanoma,polyclonal
PT0310_S9,TRBV11,0.008112921311259153,TCR-Seq,melanoma,polyclonal
PT0310_S9,TRBV12,0.00013191741969527076,TCR-Seq,melanoma,polyclonal
PT0310_S9,TRBV15,0.006793747114306444,TCR-Seq,melanoma,polyclonal
PT0310_S9,TRBV18,0.0002638348393905415,TCR-Seq,melanoma,polyclonal
PT0310_S9,TRBV19,0.021502539410329133,TCR-Seq,melanoma,polyclonal
PT0310_S9,TRBV2,0.6456698106985028,TCR-Seq,melanoma,polyclonal
PT0310_S9,TRBV20,0.0014510916166479784,TCR-Seq,melanoma,polyclonal
PT0310_S9,TRBV21,0.01213640261196491,TCR-Seq,melanoma,polyclonal
PT0310_S9,TRBV27,0.023943011674691643,TCR-Seq,melanoma,polyclonal
PT0310_S9,TRBV28,0.005540531627201372,TCR-Seq,melanoma,polyclonal
PT0310_S9,TRBV29,0.00342985291207704,TCR-Seq,melanoma,polyclonal
PT0310_S9,TRBV30,0.00039575225908581224,TCR-Seq,melanoma,polyclonal
PT0310_S9,TRBV4,0.00699162324384935,TCR-Seq,melanoma,polyclonal
PT0310_S9,TRBV5,0.014576874876327419,TCR-Seq,melanoma,polyclonal
PT0310_S9,TRBV6,0.0162258426225183,TCR-Seq,melanoma,polyclonal
PT0310_S9,TRBV7,0.07130136534529384,TCR-Seq,melanoma,polyclonal
PT0310_S9,TRBV9,0.03166018072686498,TCR-Seq,melanoma,polyclonal
RAS-baseline_TGACCA,TRBV1,0.006760772168066337,TCR-Seq,melanoma,polyclonal
RAS-baseline_TGACCA,TRBV10,0.04244541947097089,TCR-Seq,melanoma,polyclonal
RAS-baseline_TGACCA,TRBV11,0.023256368004129533,TCR-Seq,melanoma,polyclonal
RAS-baseline_TGACCA,TRBV12,0.0020449085747185768,TCR-Seq,melanoma,polyclonal
RAS-baseline_TGACCA,TRBV13,0.0030706717756291903,TCR-Seq,melanoma,polyclonal
RAS-baseline_TGACCA,TRBV14,0.005656918607344464,TCR-Seq,melanoma,polyclonal
RAS-baseline_TGACCA,TRBV15,0.003435975831695421,TCR-Seq,melanoma,polyclonal
RAS-baseline_TGACCA,TRBV16,0.001266652107447041,TCR-Seq,melanoma,polyclonal
RAS-baseline_TGACCA,TRBV18,0.008720972555871013,TCR-Seq,melanoma,polyclonal
RAS-baseline_TGACCA,TRBV19,0.06338422442375274,TCR-Seq,melanoma,polyclonal
RAS-baseline_TGACCA,TRBV2,0.04218732421396759,TCR-Seq,melanoma,polyclonal
RAS-baseline_TGACCA,TRBV20,0.0014519512663212155,TCR-Seq,melanoma,polyclonal
RAS-baseline_TGACCA,TRBV21,0.007549617158702113,TCR-Seq,melanoma,polyclonal
RAS-baseline_TGACCA,TRBV23,0.0010747351214702165,TCR-Seq,melanoma,polyclonal
RAS-baseline_TGACCA,TRBV25,0.004272469177470267,TCR-Seq,melanoma,polyclonal
RAS-baseline_TGACCA,TRBV27,0.11137935370300527,TCR-Seq,melanoma,polyclonal
RAS-baseline_TGACCA,TRBV28,0.040028589013083433,TCR-Seq,melanoma,polyclonal
RAS-baseline_TGACCA,TRBV29,0.01250239896232472,TCR-Seq,melanoma,polyclonal
RAS-baseline_TGACCA,TRBV30,0.0035471553270199283,TCR-Seq,melanoma,polyclonal
RAS-baseline_TGACCA,TRBV4,0.04205629123733511,TCR-Seq,melanoma,polyclonal
RAS-baseline_TGACCA,TRBV5,0.13514000013235627,TCR-Seq,melanoma,polyclonal
RAS-baseline_TGACCA,TRBV6,0.07779652828790198,TCR-Seq,melanoma,polyclonal
RAS-baseline_TGACCA,TRBV7,0.09532582871739893,TCR-Seq,melanoma,polyclonal
RAS-baseline_TGACCA,TRBV9,0.04718907793814977,TCR-Seq,melanoma,polyclonal
SAR-11-14-12RNA_S1,TRBV1,4.076038498183615e-05,TCR-Seq,PBMC,polyclonal
SAR-11-14-12RNA_S1,TRBV10,0.011219295966250539,TCR-Seq,PBMC,polyclonal
SAR-11-14-12RNA_S1,TRBV11,0.013598683439565254,TCR-Seq,PBMC,polyclonal
SAR-11-14-12RNA_S1,TRBV12,0.021648859473477996,TCR-Seq,PBMC,polyclonal
SAR-11-14-12RNA_S1,TRBV13,0.004076038498183605,TCR-Seq,PBMC,polyclonal
SAR-11-14-12RNA_S1,TRBV14,0.004407216626161018,TCR-Seq,PBMC,polyclonal
SAR-11-14-12RNA_S1,TRBV15,0.003444252530965141,TCR-Seq,PBMC,polyclonal
SAR-11-14-12RNA_S1,TRBV16,0.00034136822422287756,TCR-Seq,PBMC,polyclonal
SAR-11-14-12RNA_S1,TRBV18,0.01157085428671887,TCR-Seq,PBMC,polyclonal
SAR-11-14-12RNA_S1,TRBV19,0.028888922855876763,TCR-Seq,PBMC,polyclonal
SAR-11-14-12RNA_S1,TRBV2,0.016859514238112185,TCR-Seq,PBMC,polyclonal
SAR-11-14-12RNA_S1,TRBV20,0.03194085668139163,TCR-Seq,PBMC,polyclonal
SAR-11-14-12RNA_S1,TRBV21,0.0030009833442876752,TCR-Seq,PBMC,polyclonal
SAR-11-14-12RNA_S1,TRBV23,0.00031589298360923,TCR-Seq,PBMC,polyclonal
SAR-11-14-12RNA_S1,TRBV24,0.008595346183044705,TCR-Seq,PBMC,polyclonal
SAR-11-14-12RNA_S1,TRBV25,0.0022723914627373605,TCR-Seq,PBMC,polyclonal
SAR-11-14-12RNA_S1,TRBV27,0.013797390316351646,TCR-Seq,PBMC,polyclonal
SAR-11-14-12RNA_S1,TRBV28,0.02559752176859341,TCR-Seq,PBMC,polyclonal
SAR-11-14-12RNA_S1,TRBV29,0.00829983339192638,TCR-Seq,PBMC,polyclonal
SAR-11-14-12RNA_S1,TRBV3,0.01837274353056288,TCR-Seq,PBMC,polyclonal
SAR-11-14-12RNA_S1,TRBV30,0.005757404378684333,TCR-Seq,PBMC,polyclonal
SAR-11-14-12RNA_S1,TRBV4,0.0310135579230551,TCR-Seq,PBMC,polyclonal
SAR-11-14-12RNA_S1,TRBV5,0.046206991425031055,TCR-Seq,PBMC,polyclonal
SAR-11-14-12RNA_S1,TRBV6,0.08556623817312412,TCR-Seq,PBMC,polyclonal
SAR-11-14-12RNA_S1,TRBV7,0.06283722849761834,TCR-Seq,PBMC,polyclonal
SAR-11-14-12RNA_S1,TRBV9,0.008911239166653954,TCR-Seq,PBMC,polyclonal
SAR-11-14-12RNA_S1,TRBVA,1.0190096245459038e-05,TCR-Seq,PBMC,polyclonal
TR2-PBMC_S12,TRBV1,0.01229156544302358,TCR-Seq,PBMC,polyclonal
TR2-PBMC_S12,TRBV10,0.0037629350893697146,TCR-Seq,PBMC,polyclonal
TR2-PBMC_S12,TRBV11,0.014927687552334656,TCR-Seq,PBMC,polyclonal
TR2-PBMC_S12,TRBV12,0.012725750261027582,TCR-Seq,PBMC,polyclonal
TR2-PBMC_S12,TRBV13,0.0015299845967766954,TCR-Seq,PBMC,polyclonal
TR2-PBMC_S12,TRBV14,0.0021502486224969806,TCR-Seq,PBMC,polyclonal
TR2-PBMC_S12,TRBV15,0.0028738899858373073,TCR-Seq,PBMC,polyclonal
TR2-PBMC_S12,TRBV16,0.00022743014276410326,TCR-Seq,PBMC,polyclonal
TR2-PBMC_S12,TRBV18,0.0051895423485263685,TCR-Seq,PBMC,polyclonal
TR2-PBMC_S12,TRBV19,0.016064838266155124,TCR-Seq,PBMC,polyclonal
TR2-PBMC_S12,TRBV2,0.010068952684192481,TCR-Seq,PBMC,polyclonal
TR2-PBMC_S12,TRBV20,0.03817725078308373,TCR-Seq,PBMC,polyclonal
TR2-PBMC_S12,TRBV21,0.0017057260707307768,TCR-Seq,PBMC,polyclonal
TR2-PBMC_S12,TRBV23,0.000268781077812122,TCR-Seq,PBMC,polyclonal
TR2-PBMC_S12,TRBV24,0.0036698954855116732,TCR-Seq,PBMC,polyclonal
TR2-PBMC_S12,TRBV25,0.0015713355318247159,TCR-Seq,PBMC,polyclonal
TR2-PBMC_S12,TRBV27,0.007784313522789538,TCR-Seq,PBMC,polyclonal
TR2-PBMC_S12,TRBV28,0.003638882284225655,TCR-Seq,PBMC,polyclonal
TR2-PBMC_S12,TRBV29,0.0046519801929021205,TCR-Seq,PBMC,polyclonal
TR2-PBMC_S12,TRBV3,0.008042756866839642,TCR-Seq,PBMC,polyclonal
TR2-PBMC_S12,TRBV30,0.010151654554288521,TCR-Seq,PBMC,polyclonal
TR2-PBMC_S12,TRBV4,0.019662369615333044,TCR-Seq,PBMC,polyclonal
TR2-PBMC_S12,TRBV5,0.019900137491859114,TCR-Seq,PBMC,polyclonal
TR2-PBMC_S12,TRBV6,0.0421779537489797,TCR-Seq,PBMC,polyclonal
TR2-PBMC_S12,TRBV7,0.04852532227885038,TCR-Seq,PBMC,polyclonal
TR2-PBMC_S12,TRBV9,0.010823607248818796,TCR-Seq,PBMC,polyclonal
CMT-baseline1C_CAGATC,TRBV10,6.386562672137822e-05,MIXCR,melanoma,polyclonal
CMT-baseline1C_CAGATC,TRBV11,4.789922004103366e-05,MIXCR,melanoma,polyclonal
CMT-baseline1C_CAGATC,TRBV12,8.781523674189505e-05,MIXCR,melanoma,polyclonal
CMT-baseline1C_CAGATC,TRBV14,1.5966406680344554e-05,MIXCR,melanoma,polyclonal
CMT-baseline1C_CAGATC,TRBV18,7.18488300615505e-05,MIXCR,melanoma,polyclonal
CMT-baseline1C_CAGATC,TRBV2,1.5966406680344554e-05,MIXCR,melanoma,polyclonal
CMT-baseline1C_CAGATC,TRBV20,3.193281336068911e-05,MIXCR,melanoma,polyclonal
CMT-baseline1C_CAGATC,TRBV27,7.184883006155051e-05,MIXCR,melanoma,polyclonal
CMT-baseline1C_CAGATC,TRBV28,5.588242338120594e-05,MIXCR,melanoma,polyclonal
CMT-baseline1C_CAGATC,TRBV3,4.789922004103366e-05,MIXCR,melanoma,polyclonal
CMT-baseline1C_CAGATC,TRBV30,1.5966406680344554e-05,MIXCR,melanoma,polyclonal
CMT-baseline1C_CAGATC,TRBV4,3.193281336068911e-05,MIXCR,melanoma,polyclonal
CMT-baseline1C_CAGATC,TRBV5,6.386562672137822e-05,MIXCR,melanoma,polyclonal
CMT-baseline1C_CAGATC,TRBV6,2.394961002051683e-05,MIXCR,melanoma,polyclonal
CMT-baseline1C_CAGATC,TRBV7,0.0001676472701436178,MIXCR,melanoma,polyclonal
CMT-baseline1C_CAGATC,TRBV9,1.5966406680344554e-05,MIXCR,melanoma,polyclonal
ESO1-sorted-T-cells_S13_L007,TRBV10,0.0007456262654429521,MIXCR,PBMC,monoclonal
ESO1-sorted-T-cells_S13_L007,TRBV11,0.0027248699700536984,MIXCR,PBMC,monoclonal
ESO1-sorted-T-cells_S13_L007,TRBV12,0.0017943526387895386,MIXCR,PBMC,monoclonal
ESO1-sorted-T-cells_S13_L007,TRBV13,0.0002879451025084563,MIXCR,PBMC,monoclonal
ESO1-sorted-T-cells_S13_L007,TRBV14,0.0002091390744535106,MIXCR,PBMC,monoclonal
ESO1-sorted-T-cells_S13_L007,TRBV15,0.0003000691068246019,MIXCR,PBMC,monoclonal
ESO1-sorted-T-cells_S13_L007,TRBV16,1.515500539518192e-05,MIXCR,PBMC,monoclonal
ESO1-sorted-T-cells_S13_L007,TRBV18,0.0005183011845152213,MIXCR,PBMC,monoclonal
ESO1-sorted-T-cells_S13_L007,TRBV19,0.0008820213139995902,MIXCR,PBMC,monoclonal
ESO1-sorted-T-cells_S13_L007,TRBV2,0.0012336174391678115,MIXCR,PBMC,monoclonal
ESO1-sorted-T-cells_S13_L007,TRBV20,0.0034917132430499096,MIXCR,PBMC,monoclonal
ESO1-sorted-T-cells_S13_L007,TRBV21,6.668202373880045e-05,MIXCR,PBMC,monoclonal
ESO1-sorted-T-cells_S13_L007,TRBV23,3.940301402747299e-05,MIXCR,PBMC,monoclonal
ESO1-sorted-T-cells_S13_L007,TRBV24,0.00047586716940871204,MIXCR,PBMC,monoclonal
ESO1-sorted-T-cells_S13_L007,TRBV25,0.0003273481165359293,MIXCR,PBMC,monoclonal
ESO1-sorted-T-cells_S13_L007,TRBV27,0.001297268461827573,MIXCR,PBMC,monoclonal
ESO1-sorted-T-cells_S13_L007,TRBV28,0.0016094615729683186,MIXCR,PBMC,monoclonal
ESO1-sorted-T-cells_S13_L007,TRBV29,0.0015488415513875914,MIXCR,PBMC,monoclonal
ESO1-sorted-T-cells_S13_L007,TRBV3,0.0009062693226318814,MIXCR,PBMC,monoclonal
ESO1-sorted-T-cells_S13_L007,TRBV30,0.00021520107661158336,MIXCR,PBMC,monoclonal
ESO1-sorted-T-cells_S13_L007,TRBV4,0.002252033801724024,MIXCR,PBMC,monoclonal
ESO1-sorted-T-cells_S13_L007,TRBV5,0.0034553412301014737,MIXCR,PBMC,monoclonal
ESO1-sorted-T-cells_S13_L007,TRBV6,0.3751833755652821,MIXCR,PBMC,monoclonal
ESO1-sorted-T-cells_S13_L007,TRBV7,0.004782919702719412,MIXCR,PBMC,monoclonal
ESO1-sorted-T-cells_S13_L007,TRBV9,0.0013397024769340824,MIXCR,PBMC,monoclonal
INY1-sorted-T-cells_S14_L007,TRBV10,0.0009991967242021118,MIXCR,PBMC,monoclonal
INY1-sorted-T-cells_S14_L007,TRBV11,0.0016947160126173073,MIXCR,PBMC,monoclonal
INY1-sorted-T-cells_S14_L007,TRBV12,0.0020375776336670516,MIXCR,PBMC,monoclonal
INY1-sorted-T-cells_S14_L007,TRBV13,0.00040163789894398613,MIXCR,PBMC,monoclonal
INY1-sorted-T-cells_S14_L007,TRBV14,0.00026449325052408843,MIXCR,PBMC,monoclonal
INY1-sorted-T-cells_S14_L007,TRBV15,0.00029388138947120937,MIXCR,PBMC,monoclonal
INY1-sorted-T-cells_S14_L007,TRBV16,1.9592092631413958e-05,MIXCR,PBMC,monoclonal
INY1-sorted-T-cells_S14_L007,TRBV18,0.0007347034736780234,MIXCR,PBMC,monoclonal
INY1-sorted-T-cells_S14_L007,TRBV19,0.0010481769557806467,MIXCR,PBMC,monoclonal
INY1-sorted-T-cells_S14_L007,TRBV2,0.0013224662526204421,MIXCR,PBMC,monoclonal
INY1-sorted-T-cells_S14_L007,TRBV20,0.0030269783115534563,MIXCR,PBMC,monoclonal
INY1-sorted-T-cells_S14_L007,TRBV21,0.0001861248799984326,MIXCR,PBMC,monoclonal
INY1-sorted-T-cells_S14_L007,TRBV23,9.796046315706982e-05,MIXCR,PBMC,monoclonal
INY1-sorted-T-cells_S14_L007,TRBV24,0.0006073548715738327,MIXCR,PBMC,monoclonal
INY1-sorted-T-cells_S14_L007,TRBV25,0.0003330655747340373,MIXCR,PBMC,monoclonal
INY1-sorted-T-cells_S14_L007,TRBV27,0.003634333183127289,MIXCR,PBMC,monoclonal
INY1-sorted-T-cells_S14_L007,TRBV28,0.002870241570502145,MIXCR,PBMC,monoclonal
INY1-sorted-T-cells_S14_L007,TRBV29,0.0019788013557728097,MIXCR,PBMC,monoclonal
INY1-sorted-T-cells_S14_L007,TRBV3,0.0006073548715738327,MIXCR,PBMC,monoclonal
INY1-sorted-T-cells_S14_L007,TRBV30,0.00039184185262827916,MIXCR,PBMC,monoclonal
INY1-sorted-T-cells_S14_L007,TRBV4,0.002272682745244019,MIXCR,PBMC,monoclonal
INY1-sorted-T-cells_S14_L007,TRBV5,0.0031151427283948193,MIXCR,PBMC,monoclonal
INY1-sorted-T-cells_S14_L007,TRBV6,0.3708685174663499,MIXCR,PBMC,monoclonal
INY1-sorted-T-cells_S14_L007,TRBV7,0.0099723751493896,MIXCR,PBMC,monoclonal
INY1-sorted-T-cells_S14_L007,TRBV9,0.0019592092631413958,MIXCR,PBMC,monoclonal
INY2-sorted-T-cells_S15_L007,TRBV10,0.000505557300324016,MIXCR,PBMC,monoclonal
INY2-sorted-T-cells_S15_L007,TRBV11,0.0018613700602838764,MIXCR,PBMC,monoclonal
INY2-sorted-T-cells_S15_L007,TRBV12,0.004511715907437061,MIXCR,PBMC,monoclonal
INY2-sorted-T-cells_S15_L007,TRBV13,0.0006970562777194766,MIXCR,PBMC,monoclonal
INY2-sorted-T-cells_S15_L007,TRBV14,0.00024511869106618974,MIXCR,PBMC,monoclonal
INY2-sorted-T-cells_S15_L007,TRBV15,0.00010723942734145798,MIXCR,PBMC,monoclonal
INY2-sorted-T-cells_S15_L007,TRBV16,4.595975457491057e-05,MIXCR,PBMC,monoclonal
INY2-sorted-T-cells_S15_L007,TRBV18,0.0005438570958031081,MIXCR,PBMC,monoclonal
INY2-sorted-T-cells_S15_L007,TRBV19,0.001087714191606216,MIXCR,PBMC,monoclonal
INY2-sorted-T-cells_S15_L007,TRBV2,0.000834935541444208,MIXCR,PBMC,monoclonal
INY2-sorted-T-cells_S15_L007,TRBV20,0.001325172923576587,MIXCR,PBMC,monoclonal
INY2-sorted-T-cells_S15_L007,TRBV21,0.0002297987728745529,MIXCR,PBMC,monoclonal
INY2-sorted-T-cells_S15_L007,TRBV23,0.00012255934553309484,MIXCR,PBMC,monoclonal
INY2-sorted-T-cells_S15_L007,TRBV24,0.0001838390182996423,MIXCR,PBMC,monoclonal
INY2-sorted-T-cells_S15_L007,TRBV25,0.00016851910010800544,MIXCR,PBMC,monoclonal
INY2-sorted-T-cells_S15_L007,TRBV27,0.0017311507556549632,MIXCR,PBMC,monoclonal
INY2-sorted-T-cells_S15_L007,TRBV28,0.00037533799569510287,MIXCR,PBMC,monoclonal
INY2-sorted-T-cells_S15_L007,TRBV29,0.0010723942734145791,MIXCR,PBMC,monoclonal
INY2-sorted-T-cells_S15_L007,TRBV3,0.0004366176684616502,MIXCR,PBMC,monoclonal
INY2-sorted-T-cells_S15_L007,TRBV30,0.00012255934553309484,MIXCR,PBMC,monoclonal
INY2-sorted-T-cells_S15_L007,TRBV4,0.001401772514534771,MIXCR,PBMC,monoclonal
INY2-sorted-T-cells_S15_L007,TRBV5,0.0017694505511340554,MIXCR,PBMC,monoclonal
INY2-sorted-T-cells_S15_L007,TRBV6,0.37684700763698004,MIXCR,PBMC,monoclonal
INY2-sorted-T-cells_S15_L007,TRBV7,0.005415591080743658,MIXCR,PBMC,monoclonal
INY2-sorted-T-cells_S15_L007,TRBV9,0.0008502554596358449,MIXCR,PBMC,monoclonal
JSSBaseline-RNA_GTGAAA,TRBV10,0.0001603720631865929,MIXCR,melanoma,polyclonal
JSSBaseline-RNA_GTGAAA,TRBV11,0.00038756581936759947,MIXCR,melanoma,polyclonal
JSSBaseline-RNA_GTGAAA,TRBV12,0.0002539224333787721,MIXCR,melanoma,polyclonal
JSSBaseline-RNA_GTGAAA,TRBV14,2.6728677197765484e-05,MIXCR,melanoma,polyclonal
JSSBaseline-RNA_GTGAAA,TRBV18,4.009301579664822e-05,MIXCR,melanoma,polyclonal
JSSBaseline-RNA_GTGAAA,TRBV19,5.345735439553097e-05,MIXCR,melanoma,polyclonal
JSSBaseline-RNA_GTGAAA,TRBV2,4.009301579664822e-05,MIXCR,melanoma,polyclonal
JSSBaseline-RNA_GTGAAA,TRBV20,0.00048111618955977865,MIXCR,melanoma,polyclonal
JSSBaseline-RNA_GTGAAA,TRBV21,9.35503701921792e-05,MIXCR,melanoma,polyclonal
JSSBaseline-RNA_GTGAAA,TRBV24,2.6728677197765484e-05,MIXCR,melanoma,polyclonal
JSSBaseline-RNA_GTGAAA,TRBV27,2.6728677197765484e-05,MIXCR,melanoma,polyclonal
JSSBaseline-RNA_GTGAAA,TRBV28,0.00013364338598882743,MIXCR,melanoma,polyclonal
JSSBaseline-RNA_GTGAAA,TRBV29,9.355037019217918e-05,MIXCR,melanoma,polyclonal
JSSBaseline-RNA_GTGAAA,TRBV3,5.345735439553097e-05,MIXCR,melanoma,polyclonal
JSSBaseline-RNA_GTGAAA,TRBV30,2.6728677197765484e-05,MIXCR,melanoma,polyclonal
JSSBaseline-RNA_GTGAAA,TRBV4,0.00010691470879106192,MIXCR,melanoma,polyclonal
JSSBaseline-RNA_GTGAAA,TRBV5,0.00012027904738994466,MIXCR,melanoma,polyclonal
JSSBaseline-RNA_GTGAAA,TRBV6,0.000414294496565365,MIXCR,melanoma,polyclonal
JSSBaseline-RNA_GTGAAA,TRBV7,0.0003474728035709513,MIXCR,melanoma,polyclonal
JSSBaseline-RNA_GTGAAA,TRBV9,2.6728677197765484e-05,MIXCR,melanoma,polyclonal
LEK-OT110712A_CCGTCC,TRBV11,0.0002947895939273344,MIXCR,melanoma,polyclonal
LEK-OT110712A_CCGTCC,TRBV12,0.000368486992409168,MIXCR,melanoma,polyclonal
LEK-OT110712A_CCGTCC,TRBV13,7.36973984818336e-05,MIXCR,melanoma,polyclonal
LEK-OT110712A_CCGTCC,TRBV15,0.00022109219544550078,MIXCR,melanoma,polyclonal
LEK-OT110712A_CCGTCC,TRBV18,0.00011054609772275039,MIXCR,melanoma,polyclonal
LEK-OT110712A_CCGTCC,TRBV2,0.00047903309013191833,MIXCR,melanoma,polyclonal
LEK-OT110712A_CCGTCC,TRBV20,0.00047903309013191833,MIXCR,melanoma,polyclonal
LEK-OT110712A_CCGTCC,TRBV24,0.0006264278870955856,MIXCR,melanoma,polyclonal
LEK-OT110712A_CCGTCC,TRBV27,0.0005527304886137519,MIXCR,melanoma,polyclonal
LEK-OT110712A_CCGTCC,TRBV28,7.36973984818336e-05,MIXCR,melanoma,polyclonal
LEK-OT110712A_CCGTCC,TRBV3,0.00014739479696366717,MIXCR,melanoma,polyclonal
LEK-OT110712A_CCGTCC,TRBV30,0.0013265531726730046,MIXCR,melanoma,polyclonal
LEK-OT110712A_CCGTCC,TRBV4,0.0007369739848183359,MIXCR,melanoma,polyclonal
LEK-OT110712A_CCGTCC,TRBV5,0.0009949148795047537,MIXCR,melanoma,polyclonal
LEK-OT110712A_CCGTCC,TRBV6,0.0025794089468641757,MIXCR,melanoma,polyclonal
LEK-OT110712A_CCGTCC,TRBV7,0.002800501142309677,MIXCR,melanoma,polyclonal
LEK-OT110712A_CCGTCC,TRBV9,0.00040533569165008475,MIXCR,melanoma,polyclonal
LEK-baseline_CGATGT,TRBV10,0.00019457776624724348,MIXCR,melanoma,polyclonal
LEK-baseline_CGATGT,TRBV11,6.485925541574782e-05,MIXCR,melanoma,polyclonal
LEK-baseline_CGATGT,TRBV18,6.485925541574782e-05,MIXCR,melanoma,polyclonal
LEK-baseline_CGATGT,TRBV19,6.485925541574782e-05,MIXCR,melanoma,polyclonal
LEK-baseline_CGATGT,TRBV20,0.0002594370216629913,MIXCR,melanoma,polyclonal
LEK-baseline_CGATGT,TRBV23,6.485925541574782e-05,MIXCR,melanoma,polyclonal
LEK-baseline_CGATGT,TRBV27,0.0002594370216629913,MIXCR,melanoma,polyclonal
LEK-baseline_CGATGT,TRBV29,6.485925541574782e-05,MIXCR,melanoma,polyclonal
LEK-baseline_CGATGT,TRBV4,9.728888312362174e-05,MIXCR,melanoma,polyclonal
LEK-baseline_CGATGT,TRBV5,6.485925541574782e-05,MIXCR,melanoma,polyclonal
LEK-baseline_CGATGT,TRBV6,0.00019457776624724348,MIXCR,melanoma,polyclonal
LEK-baseline_CGATGT,TRBV7,0.0007458814372811001,MIXCR,melanoma,polyclonal
MP-11-28-12RNA_S2,TRBV10,0.002687060768912774,MIXCR,PBMC,polyclonal
MP-11-28-12RNA_S2,TRBV11,0.0010334849111202976,MIXCR,PBMC,polyclonal
MP-11-28-12RNA_S2,TRBV14,0.00041339396444811904,MIXCR,PBMC,polyclonal
MP-11-28-12RNA_S2,TRBV19,0.00041339396444811904,MIXCR,PBMC,polyclonal
MP-11-28-12RNA_S2,TRBV2,0.00041339396444811904,MIXCR,PBMC,polyclonal
MP-11-28-12RNA_S2,TRBV20,0.00041339396444811904,MIXCR,PBMC,polyclonal
MP-11-28-12RNA_S2,TRBV24,0.00041339396444811904,MIXCR,PBMC,polyclonal
MP-11-28-12RNA_S2,TRBV27,0.00041339396444811904,MIXCR,PBMC,polyclonal
MP-11-28-12RNA_S2,TRBV29,0.00041339396444811904,MIXCR,PBMC,polyclonal
MP-11-28-12RNA_S2,TRBV4,0.0012401818933443572,MIXCR,PBMC,polyclonal
MP-11-28-12RNA_S2,TRBV5,0.0016535758577924762,MIXCR,PBMC,polyclonal
MP-11-28-12RNA_S2,TRBV6,0.0006200909466721786,MIXCR,PBMC,polyclonal
MP-11-28-12RNA_S2,TRBV7,0.0035138486978090124,MIXCR,PBMC,polyclonal
PT0112-B_S3,TRBV15,0.006289308176100629,MIXCR,melanoma,polyclonal
PT0112-B_S3,TRBV2,0.015723270440251572,MIXCR,melanoma,polyclonal
PT0112-B_S3,TRBV25,0.006289308176100629,MIXCR,melanoma,polyclonal
PT0112-B_S3,TRBV28,0.006289308176100629,MIXCR,melanoma,polyclonal
PT0112-B_S3,TRBV4,0.006289308176100629,MIXCR,melanoma,polyclonal
PT0112-B_S3,TRBV5,0.006289308176100629,MIXCR,melanoma,polyclonal
PT0112-B_S3,TRBV7,0.012578616352201259,MIXCR,melanoma,polyclonal
PT0285-B_S5,TRBV11,0.00014726456078344746,MIXCR,melanoma,polyclonal
PT0285-B_S5,TRBV28,0.00022089684117517118,MIXCR,melanoma,polyclonal
PT0285-B_S5,TRBV5,0.00022089684117517118,MIXCR,melanoma,polyclonal
PT0285-B_S5,TRBV7,0.0002945291215668949,MIXCR,melanoma,polyclonal
PT0285-B_S5,TRBV9,0.00014726456078344746,MIXCR,melanoma,polyclonal
PT0310_S9,TRBV10,0.0053583389149363695,MIXCR,melanoma,polyclonal
PT0310_S9,TRBV11,0.007535164099129269,MIXCR,melanoma,polyclonal
PT0310_S9,TRBV12,0.008874748827863361,MIXCR,melanoma,polyclonal
PT0310_S9,TRBV13,0.006865371734762224,MIXCR,melanoma,polyclonal
PT0310_S9,TRBV15,0.0021768251841929,MIXCR,melanoma,polyclonal
PT0310_S9,TRBV18,0.0020093770931011385,MIXCR,melanoma,polyclonal
PT0310_S9,TRBV19,0.004521098459477561,MIXCR,melanoma,polyclonal
PT0310_S9,TRBV2,0.03148024112525118,MIXCR,melanoma,polyclonal
PT0310_S9,TRBV20,0.004855994641661085,MIXCR,melanoma,polyclonal
PT0310_S9,TRBV24,0.003014065639651708,MIXCR,melanoma,polyclonal
PT0310_S9,TRBV25,0.0006697923643670463,MIXCR,melanoma,polyclonal
PT0310_S9,TRBV27,0.01808439383791025,MIXCR,melanoma,polyclonal
PT0310_S9,TRBV28,0.003683858004018754,MIXCR,melanoma,polyclonal
PT0310_S9,TRBV29,0.0023442732752846614,MIXCR,melanoma,polyclonal
PT0310_S9,TRBV3,0.010549229738780978,MIXCR,melanoma,polyclonal
PT0310_S9,TRBV30,0.00033489618218352315,MIXCR,melanoma,polyclonal
PT0310_S9,TRBV4,0.01172136637642331,MIXCR,melanoma,polyclonal
PT0310_S9,TRBV5,0.005023442732752846,MIXCR,melanoma,polyclonal
PT0310_S9,TRBV6,0.024447421299397188,MIXCR,melanoma,polyclonal
PT0310_S9,TRBV7,0.0349966510381782,MIXCR,melanoma,polyclonal
PT0310_S9,TRBV9,0.0013395847287340926,MIXCR,melanoma,polyclonal
RAS-baseline_TGACCA,TRBV11,0.00017814197915738846,MIXCR,melanoma,polyclonal
RAS-baseline_TGACCA,TRBV12,0.0006680324218402067,MIXCR,melanoma,polyclonal
RAS-baseline_TGACCA,TRBV19,0.00013360648436804132,MIXCR,melanoma,polyclonal
RAS-baseline_TGACCA,TRBV20,0.00013360648436804132,MIXCR,melanoma,polyclonal
RAS-baseline_TGACCA,TRBV27,0.0009797808853656367,MIXCR,melanoma,polyclonal
RAS-baseline_TGACCA,TRBV28,0.0004898904426828182,MIXCR,melanoma,polyclonal
RAS-baseline_TGACCA,TRBV29,0.00017814197915738846,MIXCR,melanoma,polyclonal
RAS-baseline_TGACCA,TRBV3,0.00017814197915738846,MIXCR,melanoma,polyclonal
RAS-baseline_TGACCA,TRBV30,0.00022267747394673555,MIXCR,melanoma,polyclonal
RAS-baseline_TGACCA,TRBV4,0.00013360648436804132,MIXCR,melanoma,polyclonal
RAS-baseline_TGACCA,TRBV5,0.0006234969270508595,MIXCR,melanoma,polyclonal
RAS-baseline_TGACCA,TRBV6,0.0004453549478934711,MIXCR,melanoma,polyclonal
RAS-baseline_TGACCA,TRBV7,0.0013806003384697605,MIXCR,melanoma,polyclonal
RAS-baseline_TGACCA,TRBV9,0.0005344259374721654,MIXCR,melanoma,polyclonal
SAR-11-14-12RNA_S1,TRBV11,0.0011266547741996054,MIXCR,PBMC,polyclonal
SAR-11-14-12RNA_S1,TRBV12,0.0007511031827997371,MIXCR,PBMC,polyclonal
SAR-11-14-12RNA_S1,TRBV14,0.00018777579569993427,MIXCR,PBMC,polyclonal
SAR-11-14-12RNA_S1,TRBV15,0.00018777579569993427,MIXCR,PBMC,polyclonal
SAR-11-14-12RNA_S1,TRBV18,0.0009388789784996713,MIXCR,PBMC,polyclonal
SAR-11-14-12RNA_S1,TRBV19,0.0011266547741996054,MIXCR,PBMC,polyclonal
SAR-11-14-12RNA_S1,TRBV20,0.0007511031827997371,MIXCR,PBMC,polyclonal
SAR-11-14-12RNA_S1,TRBV21,0.00018777579569993427,MIXCR,PBMC,polyclonal
SAR-11-14-12RNA_S1,TRBV24,0.00018777579569993427,MIXCR,PBMC,polyclonal
SAR-11-14-12RNA_S1,TRBV25,0.00018777579569993427,MIXCR,PBMC,polyclonal
SAR-11-14-12RNA_S1,TRBV27,0.0008449910806497042,MIXCR,PBMC,polyclonal
SAR-11-14-12RNA_S1,TRBV28,0.0027227490376490466,MIXCR,PBMC,polyclonal
SAR-11-14-12RNA_S1,TRBV29,0.0014083184677495066,MIXCR,PBMC,polyclonal
SAR-11-14-12RNA_S1,TRBV3,0.0005633273870998028,MIXCR,PBMC,polyclonal
SAR-11-14-12RNA_S1,TRBV4,0.0011266547741996054,MIXCR,PBMC,polyclonal
SAR-11-14-12RNA_S1,TRBV5,0.0009388789784996713,MIXCR,PBMC,polyclonal
SAR-11-14-12RNA_S1,TRBV6,0.0011266547741996056,MIXCR,PBMC,polyclonal
SAR-11-14-12RNA_S1,TRBV7,0.003192188526898881,MIXCR,PBMC,polyclonal
TR2-PBMC_S12,TRBV1,0.00036833126550868487,MIXCR,PBMC,polyclonal
TR2-PBMC_S12,TRBV10,0.0012988523573200992,MIXCR,PBMC,polyclonal
TR2-PBMC_S12,TRBV11,0.002597704714640196,MIXCR,PBMC,polyclonal
TR2-PBMC_S12,TRBV12,0.002733405707196027,MIXCR,PBMC,polyclonal
TR2-PBMC_S12,TRBV13,0.0007560483870967745,MIXCR,PBMC,polyclonal
TR2-PBMC_S12,TRBV14,0.0003683312655086848,MIXCR,PBMC,polyclonal
TR2-PBMC_S12,TRBV15,0.00042648883374689817,MIXCR,PBMC,polyclonal
TR2-PBMC_S12,TRBV18,0.0013570099255583125,MIXCR,PBMC,polyclonal
TR2-PBMC_S12,TRBV19,0.002869106699751858,MIXCR,PBMC,polyclonal
TR2-PBMC_S12,TRBV2,0.0021712158808932986,MIXCR,PBMC,polyclonal
TR2-PBMC_S12,TRBV20,0.0062228598014888534,MIXCR,PBMC,polyclonal
TR2-PBMC_S12,TRBV21,0.000504032258064516,MIXCR,PBMC,polyclonal
TR2-PBMC_S12,TRBV23,0.0003101736972704714,MIXCR,PBMC,polyclonal
TR2-PBMC_S12,TRBV24,0.0011049937965260548,MIXCR,PBMC,polyclonal
TR2-PBMC_S12,TRBV25,0.0002714019851116625,MIXCR,PBMC,polyclonal
TR2-PBMC_S12,TRBV27,0.0012794665012406947,MIXCR,PBMC,polyclonal
TR2-PBMC_S12,TRBV28,0.0010274503722084367,MIXCR,PBMC,polyclonal
TR2-PBMC_S12,TRBV29,0.0036057692307692284,MIXCR,PBMC,polyclonal
TR2-PBMC_S12,TRBV3,0.0014345533498759302,MIXCR,PBMC,polyclonal
TR2-PBMC_S12,TRBV30,0.0006397332506203475,MIXCR,PBMC,polyclonal
TR2-PBMC_S12,TRBV4,0.0027915632754342405,MIXCR,PBMC,polyclonal
TR2-PBMC_S12,TRBV5,0.004303660049627791,MIXCR,PBMC,polyclonal
TR2-PBMC_S12,TRBV6,0.0070176799007444475,MIXCR,PBMC,polyclonal
TR2-PBMC_S12,TRBV7,0.011883529776674983,MIXCR,PBMC,polyclonal
TR2-PBMC_S12,TRBV9,0.0013182382133995034,MIXCR,PBMC,polyclonal
CMT-baseline1C_CAGATC,TRBV10,0.013152424,TRUST4,melanoma,polyclonal
CMT-baseline1C_CAGATC,TRBV11,0.028001934,TRUST4,melanoma,polyclonal
CMT-baseline1C_CAGATC,TRBV12,0.024183490499999998,TRUST4,melanoma,polyclonal
CMT-baseline1C_CAGATC,TRBV14,0.009333978,TRUST4,melanoma,polyclonal
CMT-baseline1C_CAGATC,TRBV15,0.0008485435000000001,TRUST4,melanoma,polyclonal
CMT-baseline1C_CAGATC,TRBV18,0.0140009675,TRUST4,melanoma,polyclonal
CMT-baseline1C_CAGATC,TRBV19,0.027577659,TRUST4,melanoma,polyclonal
CMT-baseline1C_CAGATC,TRBV2,0.0067883480000000005,TRUST4,melanoma,polyclonal
CMT-baseline1C_CAGATC,TRBV20,0.0224864015,TRUST4,melanoma,polyclonal
CMT-baseline1C_CAGATC,TRBV24,0.0016970870000000001,TRUST4,melanoma,polyclonal
CMT-baseline1C_CAGATC,TRBV27,0.0152737825,TRUST4,melanoma,polyclonal
CMT-baseline1C_CAGATC,TRBV28,0.017819413,TRUST4,melanoma,polyclonal
CMT-baseline1C_CAGATC,TRBV29,0.0101825215,TRUST4,melanoma,polyclonal
CMT-baseline1C_CAGATC,TRBV3,0.0123038805,TRUST4,melanoma,polyclonal
CMT-baseline1C_CAGATC,TRBV30,0.031811897,TRUST4,melanoma,polyclonal
CMT-baseline1C_CAGATC,TRBV4,0.016546598,TRUST4,melanoma,polyclonal
CMT-baseline1C_CAGATC,TRBV5,0.023334945,TRUST4,melanoma,polyclonal
CMT-baseline1C_CAGATC,TRBV6,0.0152737825,TRUST4,melanoma,polyclonal
CMT-baseline1C_CAGATC,TRBV7,0.0780660030000001,TRUST4,melanoma,polyclonal
CMT-baseline1C_CAGATC,TRBV9,0.0080611625,TRUST4,melanoma,polyclonal
ESO1-sorted-T-cells_S13_L007,TRBV1,1.5943864e-05,TRUST4,PBMC,monoclonal
ESO1-sorted-T-cells_S13_L007,TRBV10,0.0010673300530000009,TRUST4,PBMC,monoclonal
ESO1-sorted-T-cells_S13_L007,TRBV11,0.0029787281359999977,TRUST4,PBMC,monoclonal
ESO1-sorted-T-cells_S13_L007,TRBV12,0.0021504445109999824,TRUST4,PBMC,monoclonal
ESO1-sorted-T-cells_S13_L007,TRBV13,0.00032206602999999986,TRUST4,PBMC,monoclonal
ESO1-sorted-T-cells_S13_L007,TRBV14,0.00027423443899999997,TRUST4,PBMC,monoclonal
ESO1-sorted-T-cells_S13_L007,TRBV15,0.0003481023609999999,TRUST4,PBMC,monoclonal
ESO1-sorted-T-cells_S13_L007,TRBV16,1.7538249999999998e-05,TRUST4,PBMC,monoclonal
ESO1-sorted-T-cells_S13_L007,TRBV18,0.0006728469740000014,TRUST4,PBMC,monoclonal
ESO1-sorted-T-cells_S13_L007,TRBV19,0.0012555792220000001,TRUST4,PBMC,monoclonal
ESO1-sorted-T-cells_S13_L007,TRBV2,0.0015369884029999977,TRUST4,PBMC,monoclonal
ESO1-sorted-T-cells_S13_L007,TRBV20,0.0049233533800000446,TRUST4,PBMC,monoclonal
ESO1-sorted-T-cells_S13_L007,TRBV21,7.812492799999999e-05,TRUST4,PBMC,monoclonal
ESO1-sorted-T-cells_S13_L007,TRBV23,2.710457e-05,TRUST4,PBMC,monoclonal
ESO1-sorted-T-cells_S13_L007,TRBV24,0.0010382323920000009,TRUST4,PBMC,monoclonal
ESO1-sorted-T-cells_S13_L007,TRBV25,0.00044005061599999997,TRUST4,PBMC,monoclonal
ESO1-sorted-T-cells_S13_L007,TRBV27,0.0014582894629999988,TRUST4,PBMC,monoclonal
ESO1-sorted-T-cells_S13_L007,TRBV28,0.0020063757079999927,TRUST4,PBMC,monoclonal
ESO1-sorted-T-cells_S13_L007,TRBV29,0.0019009230019999975,TRUST4,PBMC,monoclonal
ESO1-sorted-T-cells_S13_L007,TRBV3,0.0010905602390000014,TRUST4,PBMC,monoclonal
ESO1-sorted-T-cells_S13_L007,TRBV30,0.0008050375460000003,TRUST4,PBMC,monoclonal
ESO1-sorted-T-cells_S13_L007,TRBV4,0.002719720098999997,TRUST4,PBMC,monoclonal
ESO1-sorted-T-cells_S13_L007,TRBV5,0.005075122994000048,TRUST4,PBMC,monoclonal
ESO1-sorted-T-cells_S13_L007,TRBV6,0.3910666693039939,TRUST4,PBMC,monoclonal
ESO1-sorted-T-cells_S13_L007,TRBV7,0.0065444933500000925,TRUST4,PBMC,monoclonal
ESO1-sorted-T-cells_S13_L007,TRBV9,0.001581822595,TRUST4,PBMC,monoclonal
HM-baseline1C_CGATGT,TRBV2,0.254902,TRUST4,melanoma,polyclonal
HM-baseline1C_CGATGT,TRBV25,0.03921569,TRUST4,melanoma,polyclonal
HM-baseline1C_CGATGT,TRBV28,0.03921569,TRUST4,melanoma,polyclonal
HM-baseline1C_CGATGT,TRBV7,0.03921569,TRUST4,melanoma,polyclonal
INY1-sorted-T-cells_S14_L007,TRBV10,0.001971311966000004,TRUST4,PBMC,monoclonal
INY1-sorted-T-cells_S14_L007,TRBV11,0.004012383581999987,TRUST4,PBMC,monoclonal
INY1-sorted-T-cells_S14_L007,TRBV12,0.0035801623659999777,TRUST4,PBMC,monoclonal
INY1-sorted-T-cells_S14_L007,TRBV13,0.000692785669000001,TRUST4,PBMC,monoclonal
INY1-sorted-T-cells_S14_L007,TRBV14,0.0005628883160000004,TRUST4,PBMC,monoclonal
INY1-sorted-T-cells_S14_L007,TRBV15,0.0004137469799999999,TRUST4,PBMC,monoclonal
INY1-sorted-T-cells_S14_L007,TRBV16,4.8110119e-05,TRUST4,PBMC,monoclonal
INY1-sorted-T-cells_S14_L007,TRBV18,0.0013807603290000032,TRUST4,PBMC,monoclonal
INY1-sorted-T-cells_S14_L007,TRBV19,0.002694166506999992,TRUST4,PBMC,monoclonal
INY1-sorted-T-cells_S14_L007,TRBV2,0.0023168869349999978,TRUST4,PBMC,monoclonal
INY1-sorted-T-cells_S14_L007,TRBV20,0.007377060824000075,TRUST4,PBMC,monoclonal
INY1-sorted-T-cells_S14_L007,TRBV21,0.00039450293400000003,TRUST4,PBMC,monoclonal
INY1-sorted-T-cells_S14_L007,TRBV23,0.000389691925,TRUST4,PBMC,monoclonal
INY1-sorted-T-cells_S14_L007,TRBV24,0.0015295649380000025,TRUST4,PBMC,monoclonal
INY1-sorted-T-cells_S14_L007,TRBV25,0.0006398645100000008,TRUST4,PBMC,monoclonal
INY1-sorted-T-cells_S14_L007,TRBV26,1.9244046e-05,TRUST4,PBMC,monoclonal
INY1-sorted-T-cells_S14_L007,TRBV27,0.008038767271000084,TRUST4,PBMC,monoclonal
INY1-sorted-T-cells_S14_L007,TRBV28,0.005031500168000034,TRUST4,PBMC,monoclonal
INY1-sorted-T-cells_S14_L007,TRBV29,0.003309350458999985,TRUST4,PBMC,monoclonal
INY1-sorted-T-cells_S14_L007,TRBV3,0.001269625959000003,TRUST4,PBMC,monoclonal
INY1-sorted-T-cells_S14_L007,TRBV30,0.0008539064010000018,TRUST4,PBMC,monoclonal
INY1-sorted-T-cells_S14_L007,TRBV4,0.005463769564000048,TRUST4,PBMC,monoclonal
INY1-sorted-T-cells_S14_L007,TRBV5,0.008546713726000067,TRUST4,PBMC,monoclonal
INY1-sorted-T-cells_S14_L007,TRBV6,0.36652696110699096,TRUST4,PBMC,monoclonal
INY1-sorted-T-cells_S14_L007,TRBV7,0.01998066020199949,TRUST4,PBMC,monoclonal
INY1-sorted-T-cells_S14_L007,TRBV9,0.0039848165859999885,TRUST4,PBMC,monoclonal
INY2-sorted-T-cells_S15_L007,TRBV1,1.1939489999999999e-05,TRUST4,PBMC,monoclonal
INY2-sorted-T-cells_S15_L007,TRBV10,0.0010148566499999976,TRUST4,PBMC,monoclonal
INY2-sorted-T-cells_S15_L007,TRBV11,0.003016989738000005,TRUST4,PBMC,monoclonal
INY2-sorted-T-cells_S15_L007,TRBV12,0.005911559940000004,TRUST4,PBMC,monoclonal
INY2-sorted-T-cells_S15_L007,TRBV13,0.001311712120000001,TRUST4,PBMC,monoclonal
INY2-sorted-T-cells_S15_L007,TRBV14,0.0004537006199999999,TRUST4,PBMC,monoclonal
INY2-sorted-T-cells_S15_L007,TRBV15,0.00040594266000000003,TRUST4,PBMC,monoclonal
INY2-sorted-T-cells_S15_L007,TRBV16,4.377813e-05,TRUST4,PBMC,monoclonal
INY2-sorted-T-cells_S15_L007,TRBV18,0.0010800462999999987,TRUST4,PBMC,monoclonal
INY2-sorted-T-cells_S15_L007,TRBV19,0.0034887984960000084,TRUST4,PBMC,monoclonal
INY2-sorted-T-cells_S15_L007,TRBV2,0.001524274880000003,TRUST4,PBMC,monoclonal
INY2-sorted-T-cells_S15_L007,TRBV20,0.0026656901000000105,TRUST4,PBMC,monoclonal
INY2-sorted-T-cells_S15_L007,TRBV21,0.000966939509999999,TRUST4,PBMC,monoclonal
INY2-sorted-T-cells_S15_L007,TRBV23,0.00026664861000000003,TRUST4,PBMC,monoclonal
INY2-sorted-T-cells_S15_L007,TRBV24,0.0005929946399999991,TRUST4,PBMC,monoclonal
INY2-sorted-T-cells_S15_L007,TRBV25,0.00042186198000000003,TRUST4,PBMC,monoclonal
INY2-sorted-T-cells_S15_L007,TRBV27,0.0041925121140000115,TRUST4,PBMC,monoclonal
INY2-sorted-T-cells_S15_L007,TRBV28,0.0006526921199999988,TRUST4,PBMC,monoclonal
INY2-sorted-T-cells_S15_L007,TRBV29,0.0026720578140000057,TRUST4,PBMC,monoclonal
INY2-sorted-T-cells_S15_L007,TRBV3,0.0009352600459999969,TRUST4,PBMC,monoclonal
INY2-sorted-T-cells_S15_L007,TRBV30,0.0005452367099999996,TRUST4,PBMC,monoclonal
INY2-sorted-T-cells_S15_L007,TRBV4,0.0029119222210000086,TRUST4,PBMC,monoclonal
INY2-sorted-T-cells_S15_L007,TRBV5,0.00391253114000001,TRUST4,PBMC,monoclonal
INY2-sorted-T-cells_S15_L007,TRBV6,0.36048319397300094,TRUST4,PBMC,monoclonal
INY2-sorted-T-cells_S15_L007,TRBV7,0.017291883026999928,TRUST4,PBMC,monoclonal
INY2-sorted-T-cells_S15_L007,TRBV9,0.0031990268090000083,TRUST4,PBMC,monoclonal
JSSBaseline-RNA_GTGAAA,TRBV10,0.016476552000000002,TRUST4,melanoma,polyclonal
JSSBaseline-RNA_GTGAAA,TRBV11,0.074144489,TRUST4,melanoma,polyclonal
JSSBaseline-RNA_GTGAAA,TRBV12,0.04372623700000001,TRUST4,melanoma,polyclonal
JSSBaseline-RNA_GTGAAA,TRBV13,0.005069708,TRUST4,melanoma,polyclonal
JSSBaseline-RNA_GTGAAA,TRBV14,0.0038022810000000002,TRUST4,melanoma,polyclonal
JSSBaseline-RNA_GTGAAA,TRBV15,0.002534854,TRUST4,melanoma,polyclonal
JSSBaseline-RNA_GTGAAA,TRBV18,0.008238276000000001,TRUST4,melanoma,polyclonal
JSSBaseline-RNA_GTGAAA,TRBV19,0.012040558000000002,TRUST4,melanoma,polyclonal
JSSBaseline-RNA_GTGAAA,TRBV2,0.010139417,TRUST4,melanoma,polyclonal
JSSBaseline-RNA_GTGAAA,TRBV20,0.09822559500000004,TRUST4,melanoma,polyclonal
JSSBaseline-RNA_GTGAAA,TRBV21,0.00887199,TRUST4,melanoma,polyclonal
JSSBaseline-RNA_GTGAAA,TRBV24,0.001267427,TRUST4,melanoma,polyclonal
JSSBaseline-RNA_GTGAAA,TRBV27,0.003168568,TRUST4,melanoma,polyclonal
JSSBaseline-RNA_GTGAAA,TRBV28,0.020278835999999998,TRUST4,melanoma,polyclonal
JSSBaseline-RNA_GTGAAA,TRBV29,0.006970849,TRUST4,melanoma,polyclonal
JSSBaseline-RNA_GTGAAA,TRBV3,0.004435995,TRUST4,melanoma,polyclonal
JSSBaseline-RNA_GTGAAA,TRBV30,0.017110266,TRUST4,melanoma,polyclonal
JSSBaseline-RNA_GTGAAA,TRBV4,0.020912547,TRUST4,melanoma,polyclonal
JSSBaseline-RNA_GTGAAA,TRBV5,0.025982256000000002,TRUST4,melanoma,polyclonal
JSSBaseline-RNA_GTGAAA,TRBV6,0.06965779200000001,TRUST4,melanoma,polyclonal
JSSBaseline-RNA_GTGAAA,TRBV7,0.05069708500000001,TRUST4,melanoma,polyclonal
JSSBaseline-RNA_GTGAAA,TRBV9,0.013941700999999999,TRUST4,melanoma,polyclonal
LEK-OT110712A_CCGTCC,TRBV11,0.013790348000000001,TRUST4,melanoma,polyclonal
LEK-OT110712A_CCGTCC,TRBV12,0.011412702500000003,TRUST4,melanoma,polyclonal
LEK-OT110712A_CCGTCC,TRBV13,0.0076084685,TRUST4,melanoma,polyclonal
LEK-OT110712A_CCGTCC,TRBV14,0.001426588,TRUST4,melanoma,polyclonal
LEK-OT110712A_CCGTCC,TRBV15,0.012363761000000001,TRUST4,melanoma,polyclonal
LEK-OT110712A_CCGTCC,TRBV18,0.010937173000000001,TRUST4,melanoma,polyclonal
LEK-OT110712A_CCGTCC,TRBV2,0.015216936500000004,TRUST4,melanoma,polyclonal
LEK-OT110712A_CCGTCC,TRBV20,0.021303710500000007,TRUST4,melanoma,polyclonal
LEK-OT110712A_CCGTCC,TRBV23,0.0009510585,TRUST4,melanoma,polyclonal
LEK-OT110712A_CCGTCC,TRBV24,0.022088336,TRUST4,melanoma,polyclonal
LEK-OT110712A_CCGTCC,TRBV27,0.017119054,TRUST4,melanoma,polyclonal
LEK-OT110712A_CCGTCC,TRBV28,0.002853176,TRUST4,melanoma,polyclonal
LEK-OT110712A_CCGTCC,TRBV3,0.005230822,TRUST4,melanoma,polyclonal
LEK-OT110712A_CCGTCC,TRBV30,0.0537348105,TRUST4,melanoma,polyclonal
LEK-OT110712A_CCGTCC,TRBV4,0.03328704749999999,TRUST4,melanoma,polyclonal
LEK-OT110712A_CCGTCC,TRBV5,0.067525155,TRUST4,melanoma,polyclonal
LEK-OT110712A_CCGTCC,TRBV6,0.08680310900000003,TRUST4,melanoma,polyclonal
LEK-OT110712A_CCGTCC,TRBV7,0.12335229150000006,TRUST4,melanoma,polyclonal
LEK-OT110712A_CCGTCC,TRBV9,0.029877503000000003,TRUST4,melanoma,polyclonal
LEK-baseline_CGATGT,TRBV10,0.023937257000000003,TRUST4,melanoma,polyclonal
LEK-baseline_CGATGT,TRBV11,0.046466442,TRUST4,melanoma,polyclonal
LEK-baseline_CGATGT,TRBV12,0.08448443300000001,TRUST4,melanoma,polyclonal
LEK-baseline_CGATGT,TRBV15,0.005632296,TRUST4,melanoma,polyclonal
LEK-baseline_CGATGT,TRBV18,0.009856518,TRUST4,melanoma,polyclonal
LEK-baseline_CGATGT,TRBV19,0.00704037,TRUST4,melanoma,polyclonal
LEK-baseline_CGATGT,TRBV2,0.002816148,TRUST4,melanoma,polyclonal
LEK-baseline_CGATGT,TRBV20,0.030977632,TRUST4,melanoma,polyclonal
LEK-baseline_CGATGT,TRBV23,0.01830496,TRUST4,melanoma,polyclonal
LEK-baseline_CGATGT,TRBV24,0.01126459,TRUST4,melanoma,polyclonal
LEK-baseline_CGATGT,TRBV26,0.004224222,TRUST4,melanoma,polyclonal
LEK-baseline_CGATGT,TRBV27,0.039426066999999995,TRUST4,melanoma,polyclonal
LEK-baseline_CGATGT,TRBV28,0.002816148,TRUST4,melanoma,polyclonal
LEK-baseline_CGATGT,TRBV29,0.012672665999999999,TRUST4,melanoma,polyclonal
LEK-baseline_CGATGT,TRBV3,0.00704037,TRUST4,melanoma,polyclonal
LEK-baseline_CGATGT,TRBV30,0.004224222,TRUST4,melanoma,polyclonal
LEK-baseline_CGATGT,TRBV4,0.04646643999999999,TRUST4,melanoma,polyclonal
LEK-baseline_CGATGT,TRBV5,0.018304961,TRUST4,melanoma,polyclonal
LEK-baseline_CGATGT,TRBV6,0.028161480000000003,TRUST4,melanoma,polyclonal
LEK-baseline_CGATGT,TRBV7,0.11150537199999999,TRUST4,melanoma,polyclonal
LEK-baseline_CGATGT,TRBV9,0.002816148,TRUST4,melanoma,polyclonal
MP-11-28-12RNA_S2,TRBV10,0.044005003,TRUST4,PBMC,polyclonal
MP-11-28-12RNA_S2,TRBV11,0.016501878,TRUST4,PBMC,polyclonal
MP-11-28-12RNA_S2,TRBV14,0.005500626,TRUST4,PBMC,polyclonal
MP-11-28-12RNA_S2,TRBV19,0.05088079,TRUST4,PBMC,polyclonal
MP-11-28-12RNA_S2,TRBV2,0.005500626,TRUST4,PBMC,polyclonal
MP-11-28-12RNA_S2,TRBV20,0.012376408000000002,TRUST4,PBMC,polyclonal
MP-11-28-12RNA_S2,TRBV24,0.005500626,TRUST4,PBMC,polyclonal
MP-11-28-12RNA_S2,TRBV27,0.013751565,TRUST4,PBMC,polyclonal
MP-11-28-12RNA_S2,TRBV28,0.008250939,TRUST4,PBMC,polyclonal
MP-11-28-12RNA_S2,TRBV29,0.012376408000000002,TRUST4,PBMC,polyclonal
MP-11-28-12RNA_S2,TRBV30,0.008250938999999999,TRUST4,PBMC,polyclonal
MP-11-28-12RNA_S2,TRBV4,0.020627347000000004,TRUST4,PBMC,polyclonal
MP-11-28-12RNA_S2,TRBV5,0.028878287000000002,TRUST4,PBMC,polyclonal
MP-11-28-12RNA_S2,TRBV6,0.016501876000000002,TRUST4,PBMC,polyclonal
MP-11-28-12RNA_S2,TRBV7,0.072333229,TRUST4,PBMC,polyclonal
MP-11-28-12RNA_S2,TRBV9,0.005500626,TRUST4,PBMC,polyclonal
PT0112-B_S3,TRBV12,0.0242915,TRUST4,melanoma,polyclonal
PT0112-B_S3,TRBV15,0.008097166,TRUST4,melanoma,polyclonal
PT0112-B_S3,TRBV18,0.01619433,TRUST4,melanoma,polyclonal
PT0112-B_S3,TRBV2,0.040485826,TRUST4,melanoma,polyclonal
PT0112-B_S3,TRBV20,0.12145746600000001,TRUST4,melanoma,polyclonal
PT0112-B_S3,TRBV25,0.01619433,TRUST4,melanoma,polyclonal
PT0112-B_S3,TRBV28,0.008097166,TRUST4,melanoma,polyclonal
PT0112-B_S3,TRBV29,0.008097166,TRUST4,melanoma,polyclonal
PT0112-B_S3,TRBV4,0.08097166,TRUST4,melanoma,polyclonal
PT0112-B_S3,TRBV5,0.01619433,TRUST4,melanoma,polyclonal
PT0112-B_S3,TRBV6,0.008097166,TRUST4,melanoma,polyclonal
PT0112-B_S3,TRBV7,0.056680155999999995,TRUST4,melanoma,polyclonal
PT0285-B_S5,TRBV11,0.064,TRUST4,melanoma,polyclonal
PT0285-B_S5,TRBV18,0.016,TRUST4,melanoma,polyclonal
PT0285-B_S5,TRBV26,0.016,TRUST4,melanoma,polyclonal
PT0285-B_S5,TRBV28,0.032,TRUST4,melanoma,polyclonal
PT0285-B_S5,TRBV4,0.016,TRUST4,melanoma,polyclonal
PT0285-B_S5,TRBV5,0.064,TRUST4,melanoma,polyclonal
PT0285-B_S5,TRBV6,0.016,TRUST4,melanoma,polyclonal
PT0285-B_S5,TRBV7,0.08800000000000001,TRUST4,melanoma,polyclonal
PT0285-B_S5,TRBV9,0.032,TRUST4,melanoma,polyclonal
PT0310_S9,TRBV10,0.0105487396,TRUST4,melanoma,polyclonal
PT0310_S9,TRBV11,0.012333584900000001,TRUST4,melanoma,polyclonal
PT0310_S9,TRBV12,0.026045007499999998,TRUST4,melanoma,polyclonal
PT0310_S9,TRBV13,0.0186430971,TRUST4,melanoma,polyclonal
PT0310_S9,TRBV15,0.0052787744,TRUST4,melanoma,polyclonal
PT0310_S9,TRBV18,0.0054620163,TRUST4,melanoma,polyclonal
PT0310_S9,TRBV19,0.017443212899999998,TRUST4,melanoma,polyclonal
PT0310_S9,TRBV2,0.09863167940000002,TRUST4,melanoma,polyclonal
PT0310_S9,TRBV20,0.023081421300000002,TRUST4,melanoma,polyclonal
PT0310_S9,TRBV24,0.015505081399999999,TRUST4,melanoma,polyclonal
PT0310_S9,TRBV25,0.0007047763,TRUST4,melanoma,polyclonal
PT0310_S9,TRBV27,0.039948475400000016,TRUST4,melanoma,polyclonal
PT0310_S9,TRBV28,0.020262318,TRUST4,melanoma,polyclonal
PT0310_S9,TRBV29,0.0045810456999999995,TRUST4,melanoma,polyclonal
PT0310_S9,TRBV3,0.0207292357,TRUST4,melanoma,polyclonal
PT0310_S9,TRBV30,0.0081049272,TRUST4,melanoma,polyclonal
PT0310_S9,TRBV4,0.024801081899999997,TRUST4,melanoma,polyclonal
PT0310_S9,TRBV5,0.016209853700000002,TRUST4,melanoma,polyclonal
PT0310_S9,TRBV6,0.06317967270000002,TRUST4,melanoma,polyclonal
PT0310_S9,TRBV7,0.08258745150000003,TRUST4,melanoma,polyclonal
PT0310_S9,TRBV9,0.0044048511,TRUST4,melanoma,polyclonal
RAS-baseline_TGACCA,TRBV11,0.005154639,TRUST4,melanoma,polyclonal
RAS-baseline_TGACCA,TRBV12,0.041237116000000004,TRUST4,melanoma,polyclonal
RAS-baseline_TGACCA,TRBV18,0.00257732,TRUST4,melanoma,polyclonal
RAS-baseline_TGACCA,TRBV19,0.007731959,TRUST4,melanoma,polyclonal
RAS-baseline_TGACCA,TRBV2,0.012886600000000002,TRUST4,melanoma,polyclonal
RAS-baseline_TGACCA,TRBV20,0.019329899000000005,TRUST4,melanoma,polyclonal
RAS-baseline_TGACCA,TRBV27,0.09922680899999999,TRUST4,melanoma,polyclonal
RAS-baseline_TGACCA,TRBV28,0.030927835,TRUST4,melanoma,polyclonal
RAS-baseline_TGACCA,TRBV29,0.010309279000000001,TRUST4,melanoma,polyclonal
RAS-baseline_TGACCA,TRBV3,0.023195878,TRUST4,melanoma,polyclonal
RAS-baseline_TGACCA,TRBV30,0.0193299,TRUST4,melanoma,polyclonal
RAS-baseline_TGACCA,TRBV4,0.019329898,TRUST4,melanoma,polyclonal
RAS-baseline_TGACCA,TRBV5,0.041237118,TRUST4,melanoma,polyclonal
RAS-baseline_TGACCA,TRBV6,0.041237118,TRUST4,melanoma,polyclonal
RAS-baseline_TGACCA,TRBV7,0.136597955,TRUST4,melanoma,polyclonal
RAS-baseline_TGACCA,TRBV9,0.025773199,TRUST4,melanoma,polyclonal
SAR-11-14-12RNA_S1,TRBV10,0.0125899284,TRUST4,PBMC,polyclonal
SAR-11-14-12RNA_S1,TRBV11,0.0125899289,TRUST4,PBMC,polyclonal
SAR-11-14-12RNA_S1,TRBV12,0.023980817300000002,TRUST4,PBMC,polyclonal
SAR-11-14-12RNA_S1,TRBV13,0.0007993605999999999,TRUST4,PBMC,polyclonal
SAR-11-14-12RNA_S1,TRBV14,0.007194244200000001,TRUST4,PBMC,polyclonal
SAR-11-14-12RNA_S1,TRBV15,0.0043964830000000005,TRUST4,PBMC,polyclonal
SAR-11-14-12RNA_S1,TRBV18,0.016586731,TRUST4,PBMC,polyclonal
SAR-11-14-12RNA_S1,TRBV19,0.03816946129999994,TRUST4,PBMC,polyclonal
SAR-11-14-12RNA_S1,TRBV2,0.0125899289,TRUST4,PBMC,polyclonal
SAR-11-14-12RNA_S1,TRBV20,0.029376499999999996,TRUST4,PBMC,polyclonal
SAR-11-14-12RNA_S1,TRBV21,0.0031974423,TRUST4,PBMC,polyclonal
SAR-11-14-12RNA_S1,TRBV23,0.0027977620999999997,TRUST4,PBMC,polyclonal
SAR-11-14-12RNA_S1,TRBV24,0.008792966,TRUST4,PBMC,polyclonal
SAR-11-14-12RNA_S1,TRBV25,0.0021982416,TRUST4,PBMC,polyclonal
SAR-11-14-12RNA_S1,TRBV27,0.0163868913,TRUST4,PBMC,polyclonal
SAR-11-14-12RNA_S1,TRBV28,0.0301758606,TRUST4,PBMC,polyclonal
SAR-11-14-12RNA_S1,TRBV29,0.029176659799999997,TRUST4,PBMC,polyclonal
SAR-11-14-12RNA_S1,TRBV3,0.0091926465,TRUST4,PBMC,polyclonal
SAR-11-14-12RNA_S1,TRBV30,0.0135891289,TRUST4,PBMC,polyclonal
SAR-11-14-12RNA_S1,TRBV4,0.022382095499999997,TRUST4,PBMC,polyclonal
SAR-11-14-12RNA_S1,TRBV5,0.04483213779999988,TRUST4,PBMC,polyclonal
SAR-11-14-12RNA_S1,TRBV6,0.05115907689999983,TRUST4,PBMC,polyclonal
SAR-11-14-12RNA_S1,TRBV7,0.07573941319999962,TRUST4,PBMC,polyclonal
SAR-11-14-12RNA_S1,TRBV9,0.0053956839999999995,TRUST4,PBMC,polyclonal
TR2-PBMC_S12,TRBV1,0.001172569,TRUST4,PBMC,polyclonal
TR2-PBMC_S12,TRBV10,0.00737816557000001,TRUST4,PBMC,polyclonal
TR2-PBMC_S12,TRBV11,0.016566898099999953,TRUST4,PBMC,polyclonal
TR2-PBMC_S12,TRBV12,0.022907190160000084,TRUST4,PBMC,polyclonal
TR2-PBMC_S12,TRBV13,0.003175557630000004,TRUST4,PBMC,polyclonal
TR2-PBMC_S12,TRBV14,0.004088958850000006,TRUST4,PBMC,polyclonal
TR2-PBMC_S12,TRBV15,0.0037883001700000037,TRUST4,PBMC,polyclonal
TR2-PBMC_S12,TRBV16,0.00015032937,TRUST4,PBMC,polyclonal
TR2-PBMC_S12,TRBV18,0.009887463399999989,TRUST4,PBMC,polyclonal
TR2-PBMC_S12,TRBV19,0.019534700290000012,TRUST4,PBMC,polyclonal
TR2-PBMC_S12,TRBV2,0.014252727249999942,TRUST4,PBMC,polyclonal
TR2-PBMC_S12,TRBV20,0.03163140517000016,TRUST4,PBMC,polyclonal
TR2-PBMC_S12,TRBV21,0.003998761270000004,TRUST4,PBMC,polyclonal
TR2-PBMC_S12,TRBV23,0.002345138200000001,TRUST4,PBMC,polyclonal
TR2-PBMC_S12,TRBV24,0.00794250183000001,TRUST4,PBMC,polyclonal
TR2-PBMC_S12,TRBV25,0.0027961262800000023,TRUST4,PBMC,polyclonal
TR2-PBMC_S12,TRBV26,6.013175e-05,TRUST4,PBMC,polyclonal
TR2-PBMC_S12,TRBV27,0.011239826949999972,TRUST4,PBMC,polyclonal
TR2-PBMC_S12,TRBV28,0.004381800330000002,TRUST4,PBMC,polyclonal
TR2-PBMC_S12,TRBV29,0.025899945950000187,TRUST4,PBMC,polyclonal
TR2-PBMC_S12,TRBV3,0.008497216900000005,TRUST4,PBMC,polyclonal
TR2-PBMC_S12,TRBV30,0.015063303639999968,TRUST4,PBMC,polyclonal
TR2-PBMC_S12,TRBV4,0.02014413605000003,TRUST4,PBMC,polyclonal
TR2-PBMC_S12,TRBV5,0.03574020754000005,TRUST4,PBMC,polyclonal
TR2-PBMC_S12,TRBV6,0.04566194466999948,TRUST4,PBMC,polyclonal
TR2-PBMC_S12,TRBV7,0.10388029838999856,TRUST4,PBMC,polyclonal
TR2-PBMC_S12,TRBV9,0.010155951599999985,TRUST4,PBMC,polyclonal
CMT-baseline1C_CAGATC,TRBV10,5.632438338881285e-06,IMREP,melanoma,polyclonal
CMT-baseline1C_CAGATC,TRBV12,2.5345972524965784e-05,IMREP,melanoma,polyclonal
CMT-baseline1C_CAGATC,TRBV14,5.632438338881285e-06,IMREP,melanoma,polyclonal
CMT-baseline1C_CAGATC,TRBV18,8.448657508321927e-06,IMREP,melanoma,polyclonal
CMT-baseline1C_CAGATC,TRBV19,2.8162191694406424e-05,IMREP,melanoma,polyclonal
CMT-baseline1C_CAGATC,TRBV2,5.632438338881285e-06,IMREP,melanoma,polyclonal
CMT-baseline1C_CAGATC,TRBV27,1.97135341860845e-05,IMREP,melanoma,polyclonal
CMT-baseline1C_CAGATC,TRBV28,1.126487667776257e-05,IMREP,melanoma,polyclonal
CMT-baseline1C_CAGATC,TRBV3,5.632438338881285e-06,IMREP,melanoma,polyclonal
CMT-baseline1C_CAGATC,TRBV4,2.8162191694406424e-05,IMREP,melanoma,polyclonal
CMT-baseline1C_CAGATC,TRBV5,1.6897315016643855e-05,IMREP,melanoma,polyclonal
CMT-baseline1C_CAGATC,TRBV7,3.9427068372169e-05,IMREP,melanoma,polyclonal
ESO1-sorted-T-cells_S13_L007,TRBV10,0.0003013354511301487,IMREP,PBMC,monoclonal
ESO1-sorted-T-cells_S13_L007,TRBV11,0.0021600401029609737,IMREP,PBMC,monoclonal
ESO1-sorted-T-cells_S13_L007,TRBV12,0.0020558399936916687,IMREP,PBMC,monoclonal
ESO1-sorted-T-cells_S13_L007,TRBV14,0.0001464433968109134,IMREP,PBMC,monoclonal
ESO1-sorted-T-cells_S13_L007,TRBV15,7.040547923601607e-05,IMREP,PBMC,monoclonal
ESO1-sorted-T-cells_S13_L007,TRBV18,0.0005153681080076377,IMREP,PBMC,monoclonal
ESO1-sorted-T-cells_S13_L007,TRBV19,0.00149822859814242,IMREP,PBMC,monoclonal
ESO1-sorted-T-cells_S13_L007,TRBV2,0.0011912607086733916,IMREP,PBMC,monoclonal
ESO1-sorted-T-cells_S13_L007,TRBV20,1.126487667776257e-05,IMREP,PBMC,monoclonal
ESO1-sorted-T-cells_S13_L007,TRBV25,0.00031823276614679265,IMREP,PBMC,monoclonal
ESO1-sorted-T-cells_S13_L007,TRBV27,0.0013658662971787116,IMREP,PBMC,monoclonal
ESO1-sorted-T-cells_S13_L007,TRBV28,0.001253217530401086,IMREP,PBMC,monoclonal
ESO1-sorted-T-cells_S13_L007,TRBV29,6.195682172769414e-05,IMREP,PBMC,monoclonal
ESO1-sorted-T-cells_S13_L007,TRBV3,0.0009209036684070898,IMREP,PBMC,monoclonal
ESO1-sorted-T-cells_S13_L007,TRBV30,0.00031823276614679265,IMREP,PBMC,monoclonal
ESO1-sorted-T-cells_S13_L007,TRBV4,0.0014137420230592025,IMREP,PBMC,monoclonal
ESO1-sorted-T-cells_S13_L007,TRBV5,0.003052781579673658,IMREP,PBMC,monoclonal
ESO1-sorted-T-cells_S13_L007,TRBV6,0.5662374748652438,IMREP,PBMC,monoclonal
ESO1-sorted-T-cells_S13_L007,TRBV7,0.004551010177816087,IMREP,PBMC,monoclonal
INY1-sorted-T-cells_S14_L007,TRBV10,0.0005097356696687563,IMREP,PBMC,monoclonal
INY1-sorted-T-cells_S14_L007,TRBV11,0.0008195197783072265,IMREP,PBMC,monoclonal
INY1-sorted-T-cells_S14_L007,TRBV12,0.0012757472837566098,IMREP,PBMC,monoclonal
INY1-sorted-T-cells_S14_L007,TRBV14,0.00020840021853860756,IMREP,PBMC,monoclonal
INY1-sorted-T-cells_S14_L007,TRBV15,6.477304089713477e-05,IMREP,PBMC,monoclonal
INY1-sorted-T-cells_S14_L007,TRBV18,0.0004843896971437908,IMREP,PBMC,monoclonal
INY1-sorted-T-cells_S14_L007,TRBV19,0.0010842443802346457,IMREP,PBMC,monoclonal
INY1-sorted-T-cells_S14_L007,TRBV2,0.0005970384639214166,IMREP,PBMC,monoclonal
INY1-sorted-T-cells_S14_L007,TRBV20,8.448657508321927e-06,IMREP,PBMC,monoclonal
INY1-sorted-T-cells_S14_L007,TRBV23,5.632438338881285e-06,IMREP,PBMC,monoclonal
INY1-sorted-T-cells_S14_L007,TRBV25,0.00022248131438581083,IMREP,PBMC,monoclonal
INY1-sorted-T-cells_S14_L007,TRBV27,0.002309299718941328,IMREP,PBMC,monoclonal
INY1-sorted-T-cells_S14_L007,TRBV28,0.000949065860101496,IMREP,PBMC,monoclonal
INY1-sorted-T-cells_S14_L007,TRBV29,3.097841086384707e-05,IMREP,PBMC,monoclonal
INY1-sorted-T-cells_S14_L007,TRBV3,0.00034076251950231783,IMREP,PBMC,monoclonal
INY1-sorted-T-cells_S14_L007,TRBV30,0.00040553556039945286,IMREP,PBMC,monoclonal
INY1-sorted-T-cells_S14_L007,TRBV4,0.0007913575866128192,IMREP,PBMC,monoclonal
INY1-sorted-T-cells_S14_L007,TRBV5,0.002050207555352784,IMREP,PBMC,monoclonal
INY1-sorted-T-cells_S14_L007,TRBV6,0.1284421238798479,IMREP,PBMC,monoclonal
INY1-sorted-T-cells_S14_L007,TRBV7,0.005384611051970485,IMREP,PBMC,monoclonal
INY1-sorted-T-cells_S14_L007,TRBV9,5.632438338881285e-06,IMREP,PBMC,monoclonal
INY2-sorted-T-cells_S15_L007,TRBV10,0.00018868668435252306,IMREP,PBMC,monoclonal
INY2-sorted-T-cells_S15_L007,TRBV11,0.00083360087415443,IMREP,PBMC,monoclonal
INY2-sorted-T-cells_S15_L007,TRBV12,0.0032245709490095415,IMREP,PBMC,monoclonal
INY2-sorted-T-cells_S15_L007,TRBV14,0.00014081095847203213,IMREP,PBMC,monoclonal
INY2-sorted-T-cells_S15_L007,TRBV15,1.6897315016643855e-05,IMREP,PBMC,monoclonal
INY2-sorted-T-cells_S15_L007,TRBV16,5.632438338881285e-06,IMREP,PBMC,monoclonal
INY2-sorted-T-cells_S15_L007,TRBV18,0.00036329227285784296,IMREP,PBMC,monoclonal
INY2-sorted-T-cells_S15_L007,TRBV19,0.0012025255853511517,IMREP,PBMC,monoclonal
INY2-sorted-T-cells_S15_L007,TRBV2,0.0005210005463465191,IMREP,PBMC,monoclonal
INY2-sorted-T-cells_S15_L007,TRBV21,1.126487667776257e-05,IMREP,PBMC,monoclonal
INY2-sorted-T-cells_S15_L007,TRBV25,9.856767093042246e-05,IMREP,PBMC,monoclonal
INY2-sorted-T-cells_S15_L007,TRBV27,0.0012729310645871678,IMREP,PBMC,monoclonal
INY2-sorted-T-cells_S15_L007,TRBV28,0.00020276778019972624,IMREP,PBMC,monoclonal
INY2-sorted-T-cells_S15_L007,TRBV29,3.097841086384707e-05,IMREP,PBMC,monoclonal
INY2-sorted-T-cells_S15_L007,TRBV3,0.0002759894786051831,IMREP,PBMC,monoclonal
INY2-sorted-T-cells_S15_L007,TRBV30,0.00025909216358853925,IMREP,PBMC,monoclonal
INY2-sorted-T-cells_S15_L007,TRBV4,0.0006308330939547034,IMREP,PBMC,monoclonal
INY2-sorted-T-cells_S15_L007,TRBV5,0.001337704105484302,IMREP,PBMC,monoclonal
INY2-sorted-T-cells_S15_L007,TRBV6,0.15347267985783616,IMREP,PBMC,monoclonal
INY2-sorted-T-cells_S15_L007,TRBV7,0.003908912207183637,IMREP,PBMC,monoclonal
JSSBaseline-RNA_GTGAAA,TRBV12,6.477304089713478e-05,IMREP,melanoma,polyclonal
JSSBaseline-RNA_GTGAAA,TRBV19,5.632438338881285e-06,IMREP,melanoma,polyclonal
JSSBaseline-RNA_GTGAAA,TRBV6,5.632438338881285e-06,IMREP,melanoma,polyclonal
JSSBaseline-RNA_GTGAAA,TRBV7,5.632438338881285e-05,IMREP,melanoma,polyclonal
LEK-OT110712A_CCGTCC,TRBV10,5.632438338881285e-06,IMREP,melanoma,polyclonal
LEK-OT110712A_CCGTCC,TRBV12,1.126487667776257e-05,IMREP,melanoma,polyclonal
LEK-OT110712A_CCGTCC,TRBV2,5.632438338881285e-06,IMREP,melanoma,polyclonal
LEK-OT110712A_CCGTCC,TRBV27,1.6897315016643855e-05,IMREP,melanoma,polyclonal
LEK-OT110712A_CCGTCC,TRBV30,5.9140602558253496e-05,IMREP,melanoma,polyclonal
LEK-OT110712A_CCGTCC,TRBV4,1.6897315016643855e-05,IMREP,melanoma,polyclonal
LEK-OT110712A_CCGTCC,TRBV5,4.224328754160964e-05,IMREP,melanoma,polyclonal
LEK-OT110712A_CCGTCC,TRBV6,0.00016897315016643855,IMREP,melanoma,polyclonal
LEK-OT110712A_CCGTCC,TRBV7,0.00016334071182755726,IMREP,melanoma,polyclonal
LEK-baseline_CGATGT,TRBV10,5.632438338881285e-06,IMREP,melanoma,polyclonal
LEK-baseline_CGATGT,TRBV12,5.632438338881285e-06,IMREP,melanoma,polyclonal
LEK-baseline_CGATGT,TRBV5,1.126487667776257e-05,IMREP,melanoma,polyclonal
MP-11-28-12RNA_S2,TRBV10,3.379463003328771e-05,IMREP,PBMC,polyclonal
MP-11-28-12RNA_S2,TRBV11,8.448657508321927e-06,IMREP,PBMC,polyclonal
MP-11-28-12RNA_S2,TRBV14,5.632438338881285e-06,IMREP,PBMC,polyclonal
MP-11-28-12RNA_S2,TRBV19,1.126487667776257e-05,IMREP,PBMC,polyclonal
MP-11-28-12RNA_S2,TRBV27,5.632438338881285e-06,IMREP,PBMC,polyclonal
MP-11-28-12RNA_S2,TRBV5,4.787572588049091e-05,IMREP,PBMC,polyclonal
MP-11-28-12RNA_S2,TRBV6,8.448657508321927e-06,IMREP,PBMC,polyclonal
MP-11-28-12RNA_S2,TRBV7,7.885413674433798e-05,IMREP,PBMC,polyclonal
PT0112-B_S3,TRBV25,1.126487667776257e-05,IMREP,melanoma,polyclonal
PT0285-B_S5,TRBV28,1.126487667776257e-05,IMREP,melanoma,polyclonal
PT0285-B_S5,TRBV4,1.126487667776257e-05,IMREP,melanoma,polyclonal
PT0285-B_S5,TRBV7,5.632438338881285e-06,IMREP,melanoma,polyclonal
PT0310_S9,TRBV10,2.8162191694406424e-05,IMREP,melanoma,polyclonal
PT0310_S9,TRBV11,0.00010138389009986313,IMREP,melanoma,polyclonal
PT0310_S9,TRBV12,0.00011828120511650699,IMREP,melanoma,polyclonal
PT0310_S9,TRBV15,5.069194504993156e-05,IMREP,melanoma,polyclonal
PT0310_S9,TRBV18,5.632438338881285e-06,IMREP,melanoma,polyclonal
PT0310_S9,TRBV19,4.505950671105028e-05,IMREP,melanoma,polyclonal
PT0310_S9,TRBV2,0.00027317325943574235,IMREP,melanoma,polyclonal
PT0310_S9,TRBV25,1.6897315016643855e-05,IMREP,melanoma,polyclonal
PT0310_S9,TRBV27,0.00019150290352196365,IMREP,melanoma,polyclonal
PT0310_S9,TRBV28,1.6897315016643855e-05,IMREP,melanoma,polyclonal
PT0310_S9,TRBV3,5.6324383388812855e-05,IMREP,melanoma,polyclonal
PT0310_S9,TRBV30,5.632438338881285e-06,IMREP,melanoma,polyclonal
PT0310_S9,TRBV4,0.000157708273488676,IMREP,melanoma,polyclonal
PT0310_S9,TRBV5,3.9427068372169e-05,IMREP,melanoma,polyclonal
PT0310_S9,TRBV6,4.7875725880490926e-05,IMREP,melanoma,polyclonal
PT0310_S9,TRBV7,0.0003182327661467926,IMREP,melanoma,polyclonal
RAS-baseline_TGACCA,TRBV12,3.661084920272835e-05,IMREP,melanoma,polyclonal
RAS-baseline_TGACCA,TRBV27,4.505950671105028e-05,IMREP,melanoma,polyclonal
RAS-baseline_TGACCA,TRBV6,5.632438338881285e-06,IMREP,melanoma,polyclonal
RAS-baseline_TGACCA,TRBV7,1.126487667776257e-05,IMREP,melanoma,polyclonal
SAR-11-14-12RNA_S1,TRBV10,3.097841086384707e-05,IMREP,PBMC,polyclonal
SAR-11-14-12RNA_S1,TRBV11,5.069194504993156e-05,IMREP,PBMC,polyclonal
SAR-11-14-12RNA_S1,TRBV12,0.000245011067741336,IMREP,PBMC,polyclonal
SAR-11-14-12RNA_S1,TRBV14,3.9427068372169e-05,IMREP,PBMC,polyclonal
SAR-11-14-12RNA_S1,TRBV15,8.448657508321927e-06,IMREP,PBMC,polyclonal
SAR-11-14-12RNA_S1,TRBV18,0.00013236230096371016,IMREP,PBMC,polyclonal
SAR-11-14-12RNA_S1,TRBV19,0.00012954608179426951,IMREP,PBMC,polyclonal
SAR-11-14-12RNA_S1,TRBV2,4.7875725880490926e-05,IMREP,PBMC,polyclonal
SAR-11-14-12RNA_S1,TRBV25,5.632438338881285e-06,IMREP,PBMC,polyclonal
SAR-11-14-12RNA_S1,TRBV27,0.00010983254760818506,IMREP,PBMC,polyclonal
SAR-11-14-12RNA_S1,TRBV28,0.00010138389009986312,IMREP,PBMC,polyclonal
SAR-11-14-12RNA_S1,TRBV3,5.3508164219372194e-05,IMREP,PBMC,polyclonal
SAR-11-14-12RNA_S1,TRBV30,5.350816421937221e-05,IMREP,PBMC,polyclonal
SAR-11-14-12RNA_S1,TRBV4,6.195682172769414e-05,IMREP,PBMC,polyclonal
SAR-11-14-12RNA_S1,TRBV5,0.00018023802684420114,IMREP,PBMC,polyclonal
SAR-11-14-12RNA_S1,TRBV6,0.00014081095847203208,IMREP,PBMC,polyclonal
SAR-11-14-12RNA_S1,TRBV7,0.0005041032313298754,IMREP,PBMC,polyclonal
TR2-PBMC_S12,TRBV1,5.632438338881285e-05,IMREP,PBMC,polyclonal
TR2-PBMC_S12,TRBV10,0.0003294976428245554,IMREP,PBMC,polyclonal
TR2-PBMC_S12,TRBV11,0.0005435302997020442,IMREP,PBMC,polyclonal
TR2-PBMC_S12,TRBV12,0.0015827151732256384,IMREP,PBMC,polyclonal
TR2-PBMC_S12,TRBV14,0.00018023802684420112,IMREP,PBMC,polyclonal
TR2-PBMC_S12,TRBV15,7.885413674433797e-05,IMREP,PBMC,polyclonal
TR2-PBMC_S12,TRBV18,0.0005153681080076378,IMREP,PBMC,polyclonal
TR2-PBMC_S12,TRBV19,0.0015630016390395533,IMREP,PBMC,polyclonal
TR2-PBMC_S12,TRBV2,0.00045341128627994357,IMREP,PBMC,polyclonal
TR2-PBMC_S12,TRBV23,1.6897315016643855e-05,IMREP,PBMC,polyclonal
TR2-PBMC_S12,TRBV25,0.00012954608179426951,IMREP,PBMC,polyclonal
TR2-PBMC_S12,TRBV27,0.0005210005463465191,IMREP,PBMC,polyclonal
TR2-PBMC_S12,TRBV28,0.00029851923196070815,IMREP,PBMC,polyclonal
TR2-PBMC_S12,TRBV29,0.00011828120511650698,IMREP,PBMC,polyclonal
TR2-PBMC_S12,TRBV3,0.0003773733687050462,IMREP,PBMC,polyclonal
TR2-PBMC_S12,TRBV30,0.0004731248204660282,IMREP,PBMC,polyclonal
TR2-PBMC_S12,TRBV4,0.0005604276147186879,IMREP,PBMC,polyclonal
TR2-PBMC_S12,TRBV5,0.0017319747892059914,IMREP,PBMC,polyclonal
TR2-PBMC_S12,TRBV6,0.0011095903527596114,IMREP,PBMC,polyclonal
TR2-PBMC_S12,TRBV7,0.004184901685788804,IMREP,PBMC,polyclonal
