#count	frequency	CDR3nt	CDR3aa	V	D	J	C	cid
1945	2.096357e-01	TGTGCGAGAGATCCCTTTCCCCAGCGGAATCCTTTGACGGCTACTTACGGTATGGACGTCTGG	CARDPFPQRNPLTATYGMDVW	IGHV3-66*02	IGHD2-21*02	IGHJ6*02	IGHG3	assemble3248
1051	1.133305e-01	TGTGCGAGAGATCGTAACTGGAACGACGGGGGGAACTGGTTCGACCCCTGG	CARDRNWNDGGNWFDPW	IGHV1-3*01	IGHD1-20*01	IGHJ5*02	IGHG1	assemble3252
951	1.025005e-01	TGTGTGAGAGAGGGGGGTTCGGGGACTTACTCCTTCTTTGACTACTGG	CVREGGSGTYSFFDYW	IGHV3-11*05	IGHD3-10*01	IGHJ4*02	IGHG1	assemble0
715	7.706402e-02	TGTGCGAAAGATCTTCAGGATTACTATGATAGTAGTGGTTATCAACTCTTTGACTACTGG	CAKDLQDYYDSSGYQLFDYW	IGHV3-30-3*01	IGHD3-22*01	IGHJ4*02	.	assemble3247
588	6.337573e-02	TGTGCGAAAGATCAAGCCTCTACGATTTTTGGGTTCGACCCCTGG	CAKDQASTIFGFDPW	IGHV3-23*01	IGHD3-3*01	IGHJ5*02	IGHG1	assemble3263
505	5.442983e-02	TGTGCGAAAGCGGAGGATAGTAGTGGTTATTACTTTGACTACTGG	CAKAEDSSGYYFDYW	IGHV3-23*04	IGHD3-22*01	IGHJ4*02	IGHM	assemble3259
325	3.502910e-02	TGTGCGAGCATAGGGACCCCTATGATAGTAGACTGG	CASIGTPMIVDW	IGHV1-69*05	IGHD3-22*01	IGHJ4*02	IGHG1	assemble3249
296	3.190343e-02	TGTGCGAGAGATCGTGAATGGAACGACGGGGGGAACTGGTTTGACCCCTGG	CARDREWNDGGNWFDPW	IGHV1-69*04	IGHD4-23*01	IGHJ5*02	IGHG1	assemble3286
200	2.155637e-02	TGTGCGAGAGCCCGTCGGAGTGGGACCTACCATGATGCTTTTGATATCTGG	CARARRSGTYHDAFDIW	IGHV4-59*01	IGHD1-26*01	IGHJ3*02	IGHG2	assemble3255
200	2.155637e-02	TGTGCGAGAGCGAGTCTCGGGGATTTCCATTTTTTGAGTACTTATTACTACTCCTACTACGGTCTGGACGTCTGG	CARASLGDFHFLSTYYYSYYGLDVW	IGHV3-30-3*01	IGHD3-3*02	IGHJ6*02	IGHA1	assemble3298
185	1.993964e-02	TGTGCGAAAGAAGACTGGGATTACTATGATAGTAGTGGTTATTACTACGAAGGTGACTACTGG	CAKEDWDYYDSSGYYYEGDYW	IGHV3-23*04	IGHD3-22*01	IGHJ4*02	IGHG1	assemble3295
151	1.284014e-01	TGTCAAGTGTGGGATAGTCGTAGTAATCATGTGGTATTC	CQVWDSRSNHVVF	.	.	IGLJ2*01	IGLC	assemble3285
148	1.595171e-02	TGTGCGAAACAGCGTGTTCACTACTACTACTTCTACATGGACGTCTGG	CAKQRVHYYYFYMDVW	IGHV3-23*04	IGHD1-26*01	IGHJ6*04	IGHG1	assemble3274
127	1.079932e-01	TGCATGCAAAGTATACAGCTTCCTATCACCTTC	CMQSIQLPITF	IGKV2-29*01	.	IGKJ5*01	IGKC	assemble5877
124	1.336495e-02	TGTGCGAGAAATCAGCGACGGATAAGCGGGTGGCTCGGGGAGTTAAGGGCCAAACAGCCTCACCACTACAACGGTCTGGACGTCTGG	CARNQRRISGWLGELRAKQPHHYNGLDVW	IGHV4-61*08	IGHD3-10*01	IGHJ6*02	IGHG1	assemble3339
121	1.304160e-02	TGTGCGAGACTGCCAACGGTGATAACTCCAATTGACTACTGG	CARLPTVITPIDYW	IGHV5-51*01	IGHD4-23*01	IGHJ4*02	IGHG1	assemble3311
120	1.293382e-02	TGTGCGAGACGTCAATATAACAGCAGCTGGCACGCATTTGACTACTGG	CARRQYNSSWHAFDYW	IGHV5-51*01	IGHD6-13*01	IGHJ4*02	IGHG1	assemble3251
99	1.067040e-02	TGTGCGAGAGATAACGTCTACCAGCTGCTGAACCGAAAATACTTCCACTACGGTATGGACGTCTGG	CARDNVYQLLNRKYFHYGMDVW	IGHV1-46*01	IGHD2-2*01	IGHJ6*02	IGHG1	assemble3332
85	7.292517e-02	TGCAGCTCATATGCAGGCAGCAACAATTATGTCTTC	CSSYAGSNNYVF	IGLV2-8*01	.	IGLJ1*01	IGLC	assemble3299
84	9.109722e-03	TGTGCGAGAGATCGTGAGTGGAACGACGGGGGGAACTGGTTCGACCCCTGG	CARDREWNDGGNWFDPW	IGHV1-3*01	IGHD1-20*01	IGHJ5*02	IGHG1	assemble3252
71	6.037415e-02	TGTCAGCAATATTATAGGACTCCCTCGTTC	CQQYYRTPSF	IGKV4-1*01	.	IGKJ1*01	IGKC	assemble3317
71	7.652511e-03	TGTGCGAGAGGGATAGTTCCAACTGTTAGGGGGGCCTATTACTACTTTGACTACTGG	CARGIVPTVRGAYYYFDYW	IGHV4-31*03	IGHD2-2*01	IGHJ4*02	IGHG1	assemble3304
70	7.544729e-03	TGTGCGAGAGCCCGTCGGAGTGGGACCTACCATGATGCTTTTGATATCTGG	CARARRSGTYHDAFDIW	IGHV4-59*01	IGHD1-26*01	IGHJ3*02	IGHG1	assemble3267
67	5.697279e-02	TGCAGCTCATATGCAGGCAGCAACAGTTATGTCTTC	CSSYAGSNSYVF	IGLV2-8*01	.	IGLJ1*01	IGLC	assemble4319
66	7.113602e-03	TGTGCGAAAGATCTCCTCCATGACTACGGTGACTACGAGCATGACTACTGG	CAKDLLHDYGDYEHDYW	IGHV3-23*01	IGHD4-17*01	IGHJ4*02	IGHG1	assemble3354
56	6.035784e-03	TGTGCGAGAGCTCGGGGTGACTACCCTGACTACGTAAACTACTGG	CARARGDYPDYVNYW	IGHV1-18*01	IGHD4-17*01	IGHJ5*01	IGHG1	assemble3319
56	6.035784e-03	TGTGCGAGAGATGGTGCGGTGTCTACGCGGGAGTACTACCTTGACTACTGG	CARDGAVSTREYYLDYW	IGHV3-69-1*01	IGHD4-17*01	IGHJ4*02	.	assemble3256
54	5.820220e-03	TGTACCACAGCCCTCGCAGATTTTTGGAGTGATTACTATATCTTGGACTATTGG	CTTALADFWSDYYILDYW	IGHV3-15*01	IGHD3-3*01	IGHJ4*02	.	assemble3697
54	5.820220e-03	TGTGCGAGAGAGCACTATGACAGAAGTGGTGATCCTGGAGACTGGTACTTCGATCTCTGG	CAREHYDRSGDPGDWYFDLW	IGHV1-46*01	IGHD3-22*01	IGHJ2*01	IGHG1	assemble3351
54	5.820220e-03	TGTGCGAGCCCTAAGGATATTGTAGTACGACCAAATAGGGCCCGGGGCTACTACTACTACGGTATGGACGTCTGG	CASPKDIVVRPNRARGYYYYGMDVW	IGHV1-69*01	IGHD2-2*01	IGHJ6*02	IGHG1	assemble3283
52	5.604656e-03	TGTGCGAGACATAGCGGGAGAAGTGGTCGCGGAGGCTTTGACTACTGG	CARHSGRSGRGGFDYW	IGHV5-51*01	IGHD1-26*01	IGHJ4*02	IGHG1	assemble3307
50	5.389092e-03	TGTGCGAGAGGCCTGTCCGTTTGGGGGACTTATGCATATCAATTGACCGAATACTCCTACAACTACATGGACGTCTGG	CARGLSVWGTYAYQLTEYSYNYMDVW	IGHV4-39*02	IGHD3-16*01	IGHJ6*03	IGHG1	assemble3337
47	5.065747e-03	TGTGCGAGGGGACGTGGTGGTTATTTGTCGACATACCTTGACTGCTGG	CARGRGGYLSTYLDCW	IGHV3-48*03	IGHD2-21*01	IGHJ4*02	IGHG1	assemble3356
44	4.742401e-03	TGCGCGAGTTTGGGGTGTTGTAGTAGTAGCAGCTCCTCCCCCTTTGACCACTGG	CASLGCCSSSSSSPFDHW	IGHV3-30*01	IGHD2-15*01	IGHJ4*02	IGHG1	assemble3420
43	3.656463e-02	TGTCAATCAGCAGACAGCAGTGGTACTTATCATTGGGTGTTC	CQSADSSGTYHWVF	IGLV3-25*01	.	IGLJ3*02	IGLC	assemble3424
41	4.419056e-03	TGTGCGAGGGAACCAGTGGCTGGTACCCGGAGCGCTCTTGACTACTGG	CAREPVAGTRSALDYW	IGHV3-53*03	IGHD6-19*01	IGHJ4*02	IGHG1	assemble3411
40	4.311274e-03	TGTGCGAGAGCTCGGGGAGTGCCAGCTGTTCTCGGGCTGAACTGGTTCGACCCCTGG	CARARGVPAVLGLNWFDPW	IGHV1-18*01	IGHD1-1*01	IGHJ5*02	IGHG1	assemble3475
40	4.311274e-03	TGTGCGAGAGGAATAAGAAGTACCAGCCGGCTTTACTACTACATGGACGTCTGG	CARGIRSTSRLYYYMDVW	IGHV3-30*01	IGHD2-2*01	IGHJ6*03	IGHG3	assemble3476
39	4.203492e-03	TGTGCGAGAGGGGGGTTACGTTTTGCTGACAACTGG	CARGGLRFADNW	IGHV3-21*01	IGHD1-1*01	IGHJ4*02	IGHM	assemble3272
37	3.146259e-02	TGTCAATCAGCAGACAGCAGTGATACTTTTTGGGTGTTC	CQSADSSDTFWVF	IGLV3-25*03	.	IGLJ3*02	IGLC	assemble3410
36	3.061224e-02	TGTCAACAGGCTAACAGTTTCCCGATCACCTTC	CQQANSFPITF	IGKV1-12*01	.	IGKJ5*01	IGKC	assemble3309
35	3.772365e-03	TGTTCCGCGTTCGGGGAATTAGGGTCCGACTACTTTGACTACTGG	CSAFGELGSDYFDYW	IGHV3-11*03	IGHD4-17*01	IGHJ4*02	IGHG1	assemble3430
34	3.664583e-03	TGTGCGAGACATTCCTCCTCCTATGATAGTAGTGGTTATAGGGTCTGG	CARHSSSYDSSGYRVW	IGHV5-51*01	IGHD3-22*01	IGHJ3*01	IGHG1	assemble3519
33	2.806122e-02	TGTCAGCAATATTATAGTACTCCTCCGTACACTTTT	CQQYYSTPPYTF	IGKV4-1*01	.	IGKJ2*01	IGKC	assemble3265
32	3.449019e-03	TGTGCGAGAGGTCGCGTTACGCAGATCGCCCTAATTTACTACTATTACTACTACATGGACGTCTGG	CARGRVTQIALIYYYYYYMDVW	IGHV4-34*01	IGHD2-8*01	IGHJ6*03	IGHG1	assemble3522
31	3.341237e-03	TGTGCGAATAGGGGAAGGGTGACATATAATTACTACTACGGTATGGACGTCTGG	CANRGRVTYNYYYGMDVW	IGHV3-23*01	IGHD3-16*01	IGHJ6*02	IGHG1	assemble3452
31	3.341237e-03	TGTACCGAAGAGACAGAACAAGGCTTTGACTTCTGG	CTEETEQGFDFW	IGHV3-15*01	IGHD2-21*02	IGHJ4*02	IGHG1	assemble3477
29	3.125674e-03	TGTGCGAGAGAACTAGTTGGGAGCCTGCACTACTTTGACTACTGG	CARELVGSLHYFDYW	IGHV3-23*01	IGHD4-17*01	IGHJ4*02	IGHA1	assemble3384
29	2.465986e-02	TGTCAGGCGTGGGACACCAGCACTGTGATATTC	CQAWDTSTVIF	IGLV3-1*01	.	IGLJ2*01	IGLC	assemble4096
27	2.295918e-02	TGTCAATCAGCAGACAACAGTGATACTTATCGGGAGGTATTC	CQSADNSDTYREVF	IGLV3-25*01	.	IGLJ2*01	IGLC	assemble3441
27	2.910110e-03	TGTGCGAAGGGCAGCACCCCCTATCAATTCTGCTACTTTGACTACTGG	CAKGSTPYQFCYFDYW	IGHV3-30*03	IGHD2-15*01	IGHJ4*03	IGHA1	assemble3436
27	2.910110e-03	TGTGCGAGACTGCCTACGGTGATGACTCCAATTGACTACTGG	CARLPTVMTPIDYW	IGHV5-51*01	IGHD4-23*01	IGHJ4*01	IGHG1	assemble3493
25	2.125850e-02	TGTCAACAGAGTCACACTACCCCGTACACTTTT	CQQSHTTPYTF	IGKV1-39*01	.	IGKJ2*01	IGKC	assemble161
23	2.478983e-03	TGTGCGAAACTGGAAACGATATATCATTCTCGCTACTTTGACTACTGG	CAKLETIYHSRYFDYW	IGHV3-23*01	IGHD1-1*01	IGHJ4*02	IGHA1	assemble3515
23	1.955782e-02	TGTCAGGCGTGGGACAGCAGCACTGTGGTTTTC	CQAWDSSTVVF	IGLV3-1*01	.	IGLJ2*01	IGLC	assemble3350
22	1.870748e-02	TGTCATCAGTATGGTAGCTCAGACACTTTT	CHQYGSSDTF	IGKV3-20*01	.	IGKJ2*01	IGKC	assemble370
22	2.371201e-03	TGTACCACACCCGACCAGGGGGCCTTTGACTACTGG	CTTPDQGAFDYW	IGHV3-15*01	IGHD2-21*02	IGHJ4*02	IGHG1	assemble3464
21	2.263419e-03	TGTGCGAGAGGGATAGAGGATACTAGTGGTTATTATATGCAATATTTTGACTACTGG	CARGIEDTSGYYMQYFDYW	IGHV3-48*03	IGHD3-22*01	IGHJ4*02	IGHA1	assemble3691
21	2.263419e-03	TGTGCGAAAGACATCCTGTGGTGGTCCTTCGATTTCTGG	CAKDILWWSFDFW	IGHV3-23*01	IGHD2-21*01	IGHJ2*01	IGHA1	assemble3596
21	1.785714e-02	TGTCAGACCTGGGTCACTGGCATTCAGGTGTTC	CQTWVTGIQVF	IGLV4-69*01	.	IGLJ3*02	IGLC	assemble3791
21	2.263419e-03	TGTGCGAGGACTCGGGGTGACTACGGTGACTACTTAAACTACTGG	CARTRGDYGDYLNYW	IGHV1-18*01	IGHD4-17*01	IGHJ5*01	IGHG1	assemble3552
20	2.155637e-03	TGTGCGAGGGGCAGCAGCCGGTACCAATTCTGCTACTTTGACTCCTGG	CARGSSRYQFCYFDSW	IGHV3-66*02	IGHD6-13*01	IGHJ4*02	IGHG1	assemble3630
19	2.047855e-03	TGCACCACAGATGTTATTATGACTCGGATAGATGTCATATTGGGGTCTAATCACTGG	CTTDVIMTRIDVILGSNHW	IGHV3-15*01	IGHD2-21*01	IGHJ4*02	IGHG1	assemble3487
18	1.940073e-03	TGTGCGAGAGAACCTATCCATTTCGATATTTTGACTGGTTATTATGGGGATTTTTTTGATATCTGG	CAREPIHFDILTGYYGDFFDIW	IGHV3-11*04	IGHD3-9*01	IGHJ3*02	IGHG1	assemble3687
18	1.940073e-03	TGTACCACAGCCCTCGCAGATTTTTGGAGTGGCGATTATATCTTGGACTACTGG	CTTALADFWSGDYILDYW	IGHV3-15*01	IGHD3-3*01	IGHJ4*02	IGHA1	assemble3722
18	1.530612e-02	TGTGCAGCATGGGATGACAGCCTGAATGCCTATGTGGTATTC	CAAWDDSLNAYVVF	IGLV1-36*01	.	IGLJ2*01	IGLC	assemble78
18	1.530612e-02	TGCATGCAAGCTACACAATTTCCGTGGACGTTC	CMQATQFPWTF	IGKV2-24*01	.	IGKJ1*01	IGKC	assemble4900
17	1.832291e-03	TGTGCCAGCTGGAACGACGGCCTCTACTTTGACTACTGG	CASWNDGLYFDYW	IGHV3-38*01	IGHD1-1*01	IGHJ4*02	IGHG1	assemble3548
16	1.410714e-02	TGCAGCTCATATGCAGGCAGCAACAAATATGTCTTC	CSSYAGSNKYVF	IGLV2-8*01	.	IGLJ1*01	IGLC	assemble3299
16	1.724510e-03	TGTGCGAAAGAGATCTGGCCTAATGCCTACTGG	CAKEIWPNAYW	IGHV3-23*01	IGHD2-8*01	IGHJ4*02	IGHA1	assemble3458
16	1.360544e-02	TGTCAGCACTTTGGTAGCCCGTGGACGTTC	CQHFGSPWTF	IGKV3-20*01	.	IGKJ1*01	IGKC	assemble3584
16	1.360544e-02	TGTCAACACCTTAATAGTTACCTTTTCACTTTC	CQHLNSYLFTF	.	.	IGKJ3*01	IGKC	assemble3480
15	1.616728e-03	TGTGTCCACGACTCAGTTTACTATGATAGTAGTGGTTATTACTACTTTGACTACTGG	CVHDSVYYDSSGYYYFDYW	IGHV3-15*05	IGHD3-22*01	IGHJ4*02	.	assemble3629
15	1.616728e-03	TGTGCGAGAGACCTATACTTCGGGGAGGGAGACGCTTTTGATATCTGG	CARDLYFGEGDAFDIW	IGHV3-30*04	IGHD3-10*01	IGHJ3*02	IGHA2	assemble3613
14	1.508946e-03	TGTGCGAGAAATCTTCTTAACTACGGTGACCACGACCCCTTTGACTATTGG	CARNLLNYGDHDPFDYW	IGHV4-4*08	IGHD4-17*01	IGHJ4*02	.	assemble3655
14	1.190476e-02	TGTCAGGTGTGGGATAGTAGTAGTGATCATGTGGTCTTC	CQVWDSSSDHVVF	IGLV3-21*02	.	IGLJ2*01	IGLC	assemble3660
14	1.508946e-03	TGTGCGAGAGGACGTCTGG	out_of_frame	IGHV3-11*04	IGHD3-16*01	IGHJ6*03	.	assemble905
14	1.190476e-02	TGTCAACAGGCTGACAGTTTCCCTGGAACGTTC	CQQADSFPGTF	IGKV1-12*01	.	IGKJ1*01	IGKC	assemble53
14	1.508946e-03	TGTACCACTGAAGCCCTCAGGGAGTTTGCCTACTGG	CTTEALREFAYW	IGHV3-15*01	IGHD1-1*01	IGHJ4*02	.	assemble3787
14	1.190476e-02	TGTCAACAAGATTACAGTTACCCGCTCACTTTC	CQQDYSYPLTF	IGKV1-6*01	.	IGKJ4*01	IGKC	assemble3419
12	1.020408e-02	TGCATGCAAGCTCAACAAACTCCTCTCACTTTC	CMQAQQTPLTF	IGKV2-28*01	.	IGKJ4*01	IGKC	assemble4209
12	1.020408e-02	TGCTGCTCGTATGCAGGCACCTACATTTGGATATTT	CCSYAGTYIWIF	IGLV1-40*01	.	.	.	assemble4155
12	1.293382e-03	TGTGCGAAAGATCTTCTTTTTTGGAGTGCTTGTGACTACTGG	CAKDLLFWSACDYW	IGHV3-23*01	IGHD3-3*01	IGHJ4*02	IGHA1	assemble3496
12	1.293382e-03	TGTGCAAGAGTGGATGTACACGGGGACAGTGGCTGGCGACCCTTTGACTATTGG	CARVDVHGDSGWRPFDYW	IGHV1-18*01	IGHD6-19*01	IGHJ4*02	.	assemble4069
12	1.293382e-03	TGTGCGAGAGGGGGCAATGCCTGGTACGGGTACTTCGATCTCTGG	CARGGNAWYGYFDLW	IGHV1-18*01	IGHD6-19*01	IGHJ2*01	IGHA1	assemble3802
12	1.293382e-03	TGTGCGAGTGAGGGGCATTGTAGTAGAACCAGCTGCAACTCTTTTGACTACTGG	CASEGHCSRTSCNSFDYW	IGHV3-23*01	IGHD2-2*01	IGHJ4*02	IGHA1	assemble3624
11	1.185600e-03	TGTGTGAGAGGAAACTTTGGACCGGCCAATGTCCTTTTCGACTTCTGG	CVRGNFGPANVLFDFW	IGHV3-11*01	IGHD3-9*01	IGHJ4*02	IGHG1	assemble3593
11	1.185600e-03	TGTGCGAGACGTTCAGTGGGAGCTATTAGGTGGTTCGACCCCTGG	CARRSVGAIRWFDPW	IGHV5-51*01	IGHD1-26*01	IGHJ5*02	IGHG1	assemble3848
11	9.353741e-03	TGTCAGCAGTATGGTAGCTCACCATTCACTTTC	CQQYGSSPFTF	IGKV3-20*01	.	IGKJ3*01	IGKC	assemble3969
11	9.353741e-03	TGCTGCTCATATGCAGGTAGTAATACTGTCATGTTC	CCSYAGSNTVMF	IGLV2-23*01	.	IGLJ3*02	IGLC	assemble57
11	1.185600e-03	TGTGCGAGAGATTTTTCGACAGCAGCTGGGAACCACTTTGACCACTGG	CARDFSTAAGNHFDHW	IGHV4-39*06	IGHD6-13*01	IGHJ4*02	.	assemble3648
11	1.185600e-03	TGTGCGAGAGAGCACTATGACAGAAGTGGTGATCGGGGACAGTGGTTCTTCGATCTCTGG	CAREHYDRSGDRGQWFFDLW	IGHV1-18*01	IGHD3-22*01	IGHJ2*01	.	assemble3815
10	1.077818e-03	TGTACCACAGCCCTCGCAGATTTTTGGAGTGATTACTATATCTTGGACTATTGG	CTTALADFWSDYYILDYW	IGHV3-15*01	IGHD3-3*01	IGHJ4*02	IGHG1	assemble3836
10	1.077818e-03	TGTACGACTTCCTATAGTGGGACCTACCGACGCTACTTTGACTACTGG	CTTSYSGTYRRYFDYW	IGHV1-69*02	IGHD1-26*01	IGHJ4*02	.	assemble3275
10	8.503401e-03	TGCGGAACATGGGATACCAGTCTGAGTGCTTATGTCTTC	CGTWDTSLSAYVF	IGLV1-51*01	.	IGLJ1*01	IGLC	assemble97
10	1.077818e-03	TGTGCGAGACGTCCCATTACTATGGGTCGGGGAAAGTACTTTGACCACTGG	CARRPITMGRGKYFDHW	IGHV5-51*01	IGHD3-10*01	IGHJ4*02	.	assemble3889
10	8.503401e-03	TGTCAGCAATATTATAGTATTCCTCCCACTTTC	CQQYYSIPPTF	IGKV4-1*01	.	IGKJ4*01	IGKC	assemble3947
10	1.077818e-03	TGTGCGAAAGGGACATACACCTATGGTGTATACTACTTTGACTACTGG	CAKGTYTYGVYYFDYW	IGHV3-23*01	IGHD2-8*01	IGHJ4*02	IGHA1	assemble4456
10	8.503401e-03	TGTCAGGACCGTAGCAACTGGTGGACGTTC	CQDRSNWWTF	.	.	IGKJ1*01	IGKC	assemble3554
9	8.205782e-03	TGCAGCTCATATGCAGGCAGCCACAATTATGTCTTC	CSSYAGSHNYVF	IGLV2-8*01	.	IGLJ1*01	IGLC	assemble3299
9	7.653061e-03	TGCCAGTCCTATGACAGCAGCCTGAGTGGTTCTGTCTTC	CQSYDSSLSGSVF	IGLV1-40*01	.	IGLJ1*01	IGLC	assemble100
8	8.622548e-04	TGTGCGAAAGATCCCCACGTTTTCCACTACTGG	CAKDPHVFHYW	IGHV3-23*01	IGHD2-8*01	IGHJ4*02	.	assemble536
8	6.802721e-03	TGTCAGCAATATAATGACTGGCCTCCTCCGATCACCTTC	CQQYNDWPPPITF	IGKV3-15*01	.	IGKJ5*01	IGKC	assemble4239
8	6.802721e-03	TGTCAGCTTTATGATAACTCAGGGGTCTTCACTTTC	CQLYDNSGVFTF	IGKV1-33*01	.	IGKJ3*01	IGKC	assemble4542
8	6.802721e-03	TGTCAGCAATATTATAGTACTCCTCTGACGTTC	CQQYYSTPLTF	IGKV4-1*01	.	IGKJ1*01	IGKC	assemble30
8	6.802721e-03	TGCCAGTCCTATGACAGCGGCCTGAGCGCTTATGTCTTC	CQSYDSGLSAYVF	IGLV1-40*01	.	IGLJ1*01	IGLC	assemble987
7	7.544729e-04	TGTGCGAGTTATGATAGTACTGCCCCAATGGGCTACTGG	CASYDSTAPMGYW	IGHV3-47*02	IGHD3-22*01	IGHJ4*02	.	assemble3625
7	5.952381e-03	TGTCAGCAGTATAATCACTGGCCTCGGACGTTC	CQQYNHWPRTF	IGKV3-15*01	.	IGKJ1*01	IGKC	assemble4001
6	6.466911e-04	TGTGCCAGAGCCCTCGACTACTATGGTTCGGGGTATTATTTTGGACTGGGGGCCTACTGG	CARALDYYGSGYYFGLGAYW	IGHV1-46*01	IGHD3-10*01	IGHJ4*02	.	assemble3850
6	6.466911e-04	TGTGTGAGAGGTCCGACGGGCTACCCGAACTGGTTCGACCCCTGG	CVRGPTGYPNWFDPW	IGHV3-53*01	IGHD1-1*01	IGHJ5*02	.	assemble3618
6	5.102041e-03	TGTCAAGAGAGTTACAATACCCCTTTCACTTTC	CQESYNTPFTF	IGKV1-39*01	.	IGKJ3*01	IGKC	assemble5384
6	5.102041e-03	TGTCAACAGTATTACAGTCTCCCGATCACTTTC	CQQYYSLPITF	IGKV1D-8*03	.	IGKJ5*01	IGKC	assemble4970
6	6.466911e-04	TGTGCGAAAGTGGGTTCACTGGGGCCCTACGGTATGGACGTCTGG	CAKVGSLGPYGMDVW	IGHV1-46*01	IGHD3-16*01	IGHJ6*02	.	assemble4531
6	6.466911e-04	CGTGCACACAGCTGTACGGGATGGACATCTGG	out_of_frame	IGHV2-70*12	IGHD1-1*01	IGHJ6*02	IGHG1	assemble4409
6	5.102041e-03	TGTCAACAGACTTACAGTGCCCCCCTCACTTTC	CQQTYSAPLTF	IGKV1-39*01	.	IGKJ4*01	IGKC	assemble178
6	6.466911e-04	TGTGCCAAAGGGAGAGGTCCCGCCTGG	CAKGRGPAW	IGHV3-23*01	IGHD3-3*01	.	IGHA1	assemble3893
6	5.102041e-03	TGTCAGCAATATTATAGTATTCCTCGTACGTTC	CQQYYSIPRTF	IGKV4-1*01	.	IGKJ1*01	IGKC	assemble4346
5	5.389092e-04	TGTGCGAGTTATGGTTCGAGGAGTCCCTTTGACTACTGG	CASYGSRSPFDYW	IGHV1-3*01	IGHD3-10*01	IGHJ4*02	.	assemble1155
5	5.389092e-04	TGTGCGAGAGGCGAGGTGCAGTGGTCCAACTGGTTCGACCCCTGG	CARGEVQWSNWFDPW	IGHV4-34*01	IGHD1-1*01	IGHJ5*02	IGHA2	assemble4478
5	5.389092e-04	TGTGCGAGAGAGGCACCCGCATCCTGGTTTTTTGACTACTGG	CAREAPASWFFDYW	IGHV1-18*01	IGHD3-9*01	IGHJ4*02	IGHA1	assemble4037
5	4.251701e-03	TGTCAACACTATAATCACTGGTTGTGGACGTTC	CQHYNHWLWTF	IGKV3-15*01	.	IGKJ1*01	IGKC	assemble5310
5	4.251701e-03	TGTCAGCAGTATAATAACTGGTTGTGGACGTTC	CQQYNNWLWTF	IGKV3-15*01	.	IGKJ1*01	IGKC	assemble334
5	4.251701e-03	TGTCAGCAATATTATAGTCCTCCATACACTTTT	CQQYYSPPYTF	IGKV4-1*01	.	IGKJ2*01	IGKC	assemble4198
4	3.401361e-03	TGTCAGCAATATTATACTAGTCCTCTCACTTTC	CQQYYTSPLTF	IGKV4-1*01	.	IGKJ4*01	IGKC	assemble4599
4	3.401361e-03	TGCTCATATGCAGGTACTTGGGTGTTC	CSYAGTWVF	IGLV2-23*01	.	IGLJ3*02	IGLC	assemble1002
4	4.311274e-04	TGTGCGAGAGATCTTGGCAGTGCCTGGTACGACCCCTACTGG	CARDLGSAWYDPYW	IGHV3-64*03	IGHD6-19*01	IGHJ4*01	.	assemble4933
4	4.311274e-04	TGTGCGAAGCTGGAAACGGCGGCTCACTCTCGCTACTTTGACTACTGG	CAKLETAAHSRYFDYW	IGHV7-34-1*01	IGHD2-21*02	IGHJ4*02	IGHA1	assemble5012
4	3.401361e-03	TGTCTTCAAGATTACGGATACCCTCGGACGTTC	CLQDYGYPRTF	IGKV1-6*01	.	IGKJ1*01	IGKC	assemble485
4	3.401361e-03	TGCCAACATTATAGTAGTTATTCTCCGACGTTC	CQHYSSYSPTF	IGKV1-5*01	.	IGKJ1*01	IGKC	assemble411
4	4.311274e-04	TGTGCGAAAGATCTTCAGGATTACTATGATAGTAGTGGTTATCAACTCTTTGACTACTGG	CAKDLQDYYDSSGYQLFDYW	IGHV3-23*01	IGHD3-22*01	IGHJ4*02	.	assemble3376
4	2.857143e-01	TGTGCCGTGAACGTTCATGGTGGTACTAGCTATGGAAAGCTGACATTT	CAVNVHGGTSYGKLTF	TRAV12-2*01	.	TRAJ52*01	.	assemble4577
4	4.311274e-04	TGTGCGGTGGAGTGGTTCGCCCTTGACTATTGG	CAVEWFALDYW	IGHV3-48*03	IGHD3-3*01	IGHJ5*02	.	assemble299
4	2.857143e-01	TGTGTGAGAGGTGCTGACGGACTCACCTTT	CVRGADGLTF	TRAV12-1*01	.	TRAJ45*01	.	assemble445
4	3.401361e-03	TGTGGGATAGTAGTAGTGATCATGTGGTATTC	out_of_frame	IGLV3-21*02	.	IGLJ2*01	IGLC	assemble584
4	3.401361e-03	TGCAGCTCATATGCGGCAGCCACAATTATGTCTTC	out_of_frame	IGLV2-8*01	.	IGLJ1*01	IGLC	assemble415
4	4.311274e-04	TGTGCAAGAGACCTCAGTGGCCGGGATGACTACTGG	CARDLSGRDDYW	IGHV3-13*01	IGHD6-19*01	IGHJ4*02	.	assemble663
4	3.401361e-03	TGTCAACAGAGTTACGGTACGCCGCTCACTTTC	CQQSYGTPLTF	IGKV1-39*01	.	IGKJ4*01	IGKC	assemble5228
4	4.311274e-04	TGTGTAAGAGACGCAGGGGGCCCACTTGACTCCTGG	CVRDAGGPLDSW	IGHV4-30-2*01	IGHD2-21*02	IGHJ5*01	.	assemble407
4	1.000000e+00	TGCGCCAGCAGCTTGGGACAGACCTACGAGCAGTACTTC	CASSLGQTYEQYF	TRBV5-1*01	TRBD1*01	TRBJ2-7*01	TRBC	assemble490
3	3.233455e-04	TGTGCGAGAGCCCGTCGGAGTGGGACCTACCATGATGCTTTTGATATCTGG	CARARRSGTYHDAFDIW	IGHV4-39*07	IGHD1-26*01	IGHJ3*02	IGHG1	assemble4308
3	2.551020e-03	TGTCAGCAATATTATAGTACTCCGTACACTTTT	CQQYYSTPYTF	IGKV4-1*01	.	IGKJ2*01	IGKC	assemble5043
3	3.233455e-04	TGTGCGAGAGATCCCTTTTCCCCAGCGGAATCCTTTGACGGCTACTTACGGTATGGACGTCTGG	out_of_frame	IGHV3-30*01	IGHD2-21*02	IGHJ6*01	.	assemble4427
3	2.551020e-03	TGCTGCTCATTTGCAGGCAGCAACAATTATGTCTTC	CCSFAGSNNYVF	IGLV2-11*01	.	IGLJ1*01	IGLC	assemble3534
3	3.233455e-04	TGCGCGGGGAGCGACAACCTCAACTGGTTCGACCCCTGG	CAGSDNLNWFDPW	IGHV3-66*01	IGHD1-1*01	IGHJ5*02	.	assemble3579
3	2.551020e-03	TGCAGCTCACACTCAAGCAATACCGCTGGGGTCTTC	CSSHSSNTAGVF	IGLV2-14*01	.	IGLJ1*01	IGLC	assemble5046
3	3.233455e-04	TGTGCGACAATGACTACAGGGTTCGGAAGCAACTGGTTCGACCCCTGG	CATMTTGFGSNWFDPW	IGHV1-24*01	IGHD1-1*01	IGHJ5*02	.	assemble1267
3	3.233455e-04	TGTGCGAAAGAAGACTGGGAGTACTATGATAGTAGTGGTTATTACTACGAAGGTGACTACTGG	CAKEDWEYYDSSGYYYEGDYW	IGHV3-23*01	IGHD3-22*01	IGHJ4*02	.	assemble3373
3	2.551020e-03	TGTCAACAGAGTTACCGTCGTCCCTGGACGTTC	CQQSYRRPWTF	IGKV1-39*01	.	IGKJ1*01	IGKC	assemble5035
3	2.551020e-03	TGCATGCAAACTCTACAAACTCCGTACACTTTT	CMQTLQTPYTF	IGKV2-28*01	.	IGKJ2*01	IGKC	assemble2095
3	2.551020e-03	TGTCAGCAGCGTAGTGACTGGCGGTGGACGTTC	CQQRSDWRWTF	IGKV3-11*01	.	IGKJ1*01	IGKC	assemble5116
2	2.125850e-03	TGTCAGCAATATTATAGTTTTCCTCCTACCTTC	CQQYYSFPPTF	IGKV1D-8*03	.	IGKJ4*01	IGKC	assemble226
2	2.125850e-03	TGTCAGCAATATTATAGTTTTCCTCCTACTTTC	CQQYYSFPPTF	IGKV1D-8*03	.	IGKJ4*01	IGKC	assemble226
2	1.700680e-03	TGTCAACAGAATTACATTACCCCGTGGACGTTC	CQQNYITPWTF	IGKV1-13*01	.	IGKJ1*01	IGKC	assemble2468
2	1.700680e-03	TGCTGCTCATATGCAGGCAGCAACAATTATGTCTTC	CCSYAGSNNYVF	IGLV2-8*01	.	IGLJ1*01	IGLC	assemble3536
2	1.700680e-03	TGCTGCTCATATGCCGGGACTAATACTTATGTCTTC	CCSYAGTNTYVF	IGLV2-11*01	.	IGLJ1*01	IGLC	assemble1490
2	1.428571e-01	TGTGTGGTGAGCGCGAGAGCTGCAGGCAACAAGCTAACTTTT	CVVSARAAGNKLTF	TRAV10*01	.	TRAJ17*01	.	assemble1711
2	1.700680e-03	TGTCAACAGAGTTTCGGTAAGCCGTATACTTTT	CQQSFGKPYTF	IGKV1-39*01	.	IGKJ2*01	IGKC	assemble1702
2	1.700680e-03	TGTCAGCAGTATACTACCTGGCTCACTTTC	CQQYTTWLTF	IGKV3-15*01	.	IGKJ4*01	IGKC	assemble3782
2	1.700680e-03	TGTCAACAGTATAATAGTTGGCCGACGTTC	CQQYNSWPTF	IGKV3-15*01	.	IGKJ1*01	IGKC	assemble1804
2	1.700680e-03	TGCATGCAACCTCTACAAACTCCCTTCACTTTC	CMQPLQTPFTF	IGKV2-28*01	.	IGKJ3*01	IGKC	assemble1763
2	1.428571e-01	TGTGCCGTGAATGCGGGCGGTAACCAGTTCTATTTT	CAVNAGGNQFYF	TRAV8-1*01	.	TRAJ49*01	TRAC	assemble5369
2	2.155637e-04	TGTGCGAGAGTAGGCCTCGACCACTGG	CARVGLDHW	IGHV1-18*01	IGHD1-1*01	IGHJ4*02	.	assemble2127
2	2.155637e-04	TGTGCGGGAGATGGTTTATACTTGGGCCCCCTCGACCCCTGG	CAGDGLYLGPLDPW	IGHV1-58*01	IGHD2-8*01	IGHJ5*02	.	assemble513
2	2.155637e-04	TGTGCGAGAGAGTGGTTCGACCCCTGG	CAREWFDPW	IGHV1-18*01	IGHD3-3*01	IGHJ5*02	.	assemble1428
2	1.700680e-03	TGTCAACAGGGTTACAGTAGTCCTTGGACGTTC	CQQGYSSPWTF	IGKV1-39*01	.	IGKJ1*01	IGKC	assemble1735
2	1.700680e-03	TGCTTGCAAAGTATACAGCTTCCTCTCACTTTC	CLQSIQLPLTF	IGKV2D-29*02	.	IGKJ4*01	IGKC	assemble1811
2	2.155637e-04	TGTGCGAGACAACGTTATCCCCACTTTGACTATTGG	CARQRYPHFDYW	IGHV4-39*01	IGHD3-16*02	IGHJ4*02	.	assemble2145
2	1.700680e-03	TGCAGCTCATATGCAGGCTGCAACAGTTATGTCTTC	CSSYAGCNSYVF	IGLV2-8*01	.	IGLJ1*01	IGLC	assemble4319
2	1.700680e-03	TGTCAATCAGCAGACAGCAGTGATACTTATGAGGTATTC	CQSADSSDTYEVF	IGLV3-25*01	.	IGLJ2*01	IGLC	assemble1540
2	1.700680e-03	TGTCAACAACTTAATAGTTACCCTAGAACGTTC	CQQLNSYPRTF	IGKV1-9*01	.	IGKJ1*01	IGKC	assemble1294
1	1.077818e-04	TGTGCGAGACGTCAATATAACAGCAGCTGGCACGCATTTGACTACTGG	CARRQYNSSWHAFDYW	IGHV5-51*01	IGHD6-13*01	IGHJ4*01	.	assemble3395
1	8.503401e-04	TGTCAACAGAGTTACAGCACCCCGCTCACTTTC	CQQSYSTPLTF	IGKV1-39*01	.	IGKJ4*01	IGKC	assemble2587
1	8.503401e-04	TGCATGCAAGCTCTAGAAACTCCTCAGACGTTC	CMQALETPQTF	IGKV2-28*01	.	IGKJ1*01	IGKC	assemble2091
1	1.077818e-04	TGTGTGAGAGAGGGGGGTTCGGGGACTTACTCCTTCTTTGACTACTGG	CVREGGSGTYSFFDYW	IGHV3-7*03	IGHD3-10*01	IGHJ4*02	IGHG1	assemble3318
1	1.077818e-04	TGTGCGAAAGCGGAGGATAGTAGTGGTTATTACTTTGACTACTGG	CAKAEDSSGYYFDYW	IGHV3-23*01	IGHD3-22*01	IGHJ4*02	.	assemble3269
1	1.077818e-04	TGTGCGAGAGATCCCTTTCCCCAGCGGAATCCTTTGACGGCTACTTACGGTATGGACGTCTGG	CARDPFPQRNPLTATYGMDVW	IGHV3-30*02	IGHD2-21*02	IGHJ6*02	.	assemble3890
1	8.503401e-04	TGTCAACAACTTAATACTTACCCTCCCCCTTTC	CQQLNTYPPPF	IGKV1-9*01	.	IGKJ4*01	IGKC	assemble4176
1	1.077818e-04	TGTGCGAGAGATCGTGAATGGAACGACGGGGGGAACTGGTTTGACCCCTGG	CARDREWNDGGNWFDPW	IGHV1-69*04	IGHD4-23*01	IGHJ5*02	.	assemble4713
1	7.142857e-02	TGTGTGGTTTCTGGGGGTTACCAGAAAGTTACCTTT	CVVSGGYQKVTF	TRAV10*01	.	TRAJ13*01	.	assemble2647
1	1.077818e-04	TGTGTGAGAGAGGGGGGTTCGGGGACTTACTCCTTCTTTGACTACTGG	CVREGGSGTYSFFDYW	IGHV3-21*04	IGHD3-10*01	IGHJ4*02	IGHG1	assemble4039
1	1.077818e-04	TGTGCGAGAGATCCCTTTCCCCAGCGGAATCCTTTGACGGCTACTTACGGTATGGACGTCTGG	CARDPFPQRNPLTATYGMDVW	IGHV3-33*02	IGHD2-21*02	IGHJ6*02	IGHG1	assemble4023
1	1.077818e-04	TGTGCGAGAGATCCCTTTCCCCAGCGGAATCCTTTGACGGCTACTTACGGTATGGACGTCTGG	CARDPFPQRNPLTATYGMDVW	IGHV3-30*01	IGHD2-21*02	IGHJ6*02	IGHG1	assemble4024
1	7.142857e-02	TGTGCAGCAAGTAGGAACACAGGCTTTCAGAAACTTGTATTT	CAASRNTGFQKLVF	TRAV13-1*01	.	TRAJ8*01	.	assemble3115
1	8.503401e-04	TGTCAACAACTTAATACTTACCCTCCCCCTTTC	CQQLNTYPPPF	IGKV1-17*02	.	IGKJ4*01	IGKC	assemble4398
1	1.077818e-04	TGTGTGAGAGAGGGGGGTTCGGGGACTTACTCCTTCTTTGACTACTGG	CVREGGSGTYSFFDYW	IGHV3-53*01	IGHD3-10*01	IGHJ4*02	.	assemble5449
1	1.077818e-04	TGTGTGAGAGAGGGGGGTTCGGGGACTTACTCCTTCTTTGACTACTGG	CVREGGSGTYSFFDYW	.	IGHD3-10*01	IGHJ4*02	IGHG1	assemble4093
1	1.077818e-04	TGTGCGAGACTGCCTACGGTGATGACTCCAATTGACTACTGG	CARLPTVMTPIDYW	IGHV5-51*01	IGHD4-23*01	IGHJ4*02	.	assemble5534
1	1.077818e-04	TGTGCGAGAGATCCCTTTCCCCAGCGGAATCCTTTGACGGCTACTTACGGTATGGACGTCTGG	CARDPFPQRNPLTATYGMDVW	IGHV3-64*04	IGHD2-21*02	IGHJ6*02	IGHG2	assemble4040
1	1.077818e-04	TGTGCGAGAGGCCTGTCCGTTTGGGGGACTTATGCATATCAATTGACCGAATACTCCTACAACTACATGGACGTCTGG	CARGLSVWGTYAYQLTEYSYNYMDVW	IGHV4-34*01	IGHD3-16*01	IGHJ6*03	.	assemble3414
