AAseq,NNseq,Prob,Vregion,Jregion,Dregion,Frequency
CTSFSVKLTLFF,TGCACCAGCTTCAGTGTTAAGCTCACCCTGTTCTTT,0.0,TRBVC*01,None,None,300
CSVGPGAAPPPSPPFF,TGCTCTGTGGGGCCTGGAGCGGCCCCTCCGCCCTCACCACCTTTCTTT,0.0,None,TRBJ1-1*01,None,85
CSVGPGAAPPPSPPFF,TGCTCTGTGGGGCCTGGAGCGGCCCCTCCGCCCTCACCACCTTTCTTT,0.0,None,TRBJ2-2*01,None,83
CGILNVYTF,TGTGGAATACTCAATGTGTACACCTTT,0.0,TRBV11-1*01,None,None,81
CGILNVYTF,TGTGGAATACTCAATGTGTACACCTTT,0.0,TRBV7-9*03,None,None,75
CGILNVYTF,TGTGGAATACTCAATGTGTACACCTTT,0.0,TRBV7-9*04,None,None,73
CGILNVYTF,TGTGGAATACTCAATGTGTACACCTTT,0.0,TRBV7-9*07,None,None,71
CGILNVYTF,TGTGGAATACTCAATGTGTACACCTTT,0.0,TRBV7-9*06,None,None,69
CGILNVYTF,TGTGGAATACTCAATGTGTACACCTTT,0.0,TRBV7-9*02,None,None,68
CGILNVYTF,TGTGGAATACTCAATGTGTACACCTTT,0.0,TRBV7-9*01,None,None,65
CGILNVYTF,TGTGGAATACTCAATGTGTACACCTTT,0.0,TRBV7-9*05,None,None,64
CGILNVYTF,TGTGGAATACTCAATGTGTACACCTTT,0.0,TRBV11-3*03,None,None,56
CATKHLPVWFPLHF,TGTGCTACCAAACATTTGCCAGTCTGGTTCCCTCTGCATTTC,0.0,TRBV6-9*01,None,None,35
CASKDGTGSYNEQFF,TGTGCCAGCAAGGACGGGACCGGGTCCTACAATGAGCAGTTCTTC,0.00074,None,TRBJ2-1*01,TRBD2*02,30
CASSFRGDRNEQFF,TGTGCCAGCTCTTTCCGAGGTGACCGAAATGAGCAGTTCTTC,0.05309,None,TRBJ2-1*01,None,30
CASQGDTGELFF,TGTGCCTCCCAGGGGGACACCGGGGAGCTGTTTTTT,0.0001,None,TRBJ2-2*01,TRBD2*01,25
CVYASFFCDDCAYFETGLLILLHF,TGTGTTTATGCTTCTTTTTTTTGTGACGACTGTGCTTATTTTGAGACTGGTCTTCTGATACTTCTCCATTTT,0.0,TRBV6-7*01,None,TRBD2*02,23
CSVLRSPFLPPHSQCIIPRHFF,TGCTCTGTTCTACGGTCTCCATTTCTTCCTCCTCATAGTCAATGTATAATTCCCCGCCACTTCTTC,0.0,None,TRBJ2-1*01,None,19
CTHSPFYLVLRNKILFF,TGCACCCACTCACCTTTTTACCTTGTTCTGAGAAATAAAATACTATTTTTC,0.0,TRBVC*01,None,None,19
CPSFENSQFF,TGCCCAAGCTTTGAGAACAGCCAGTTTTTC,0.0,TRBV29/OR9-2*02,None,None,17
CGRKPDHKNGQHF,TGTGGCAGGAAACCAGATCACAAAAATGGACAGCACTTT,0.0,TRBV19*03,None,None,12
CGRKPDHKNGQHF,TGTGGCAGGAAACCAGATCACAAAAATGGACAGCACTTT,0.0,TRBV19*02,None,None,11
CATSAGRGSGANVLTF,TGTGCCACCAGTGCCGGCAGGGGCTCTGGGGCCAACGTCCTGACTTTC,0.0,None,TRBJ2-6*01,TRBD2*01,11
CGRKPDHKNGQHF,TGTGGCAGGAAACCAGATCACAAAAATGGACAGCACTTT,0.0,TRBV19*01,None,None,11
CPSFENSQFF,TGCCCAAGCTTTGAGAACAGCCAGTTTTTC,0.0,TRBV29/OR9-2*01,None,None,10
CASQGDTGELFF,TGTGCCTCCCAGGGGGACACCGGGGAGCTGTTTTTT,0.0001,TRBV30*05,None,TRBD2*01,8
CASSFRGDRNEQFF,TGTGCCAGCTCTTTCCGAGGTGACCGAAATGAGCAGTTCTTC,0.05309,TRBV6-5*01,None,None,8
CGLFFLYTF,TGTGGGCTTTTCTTCCTTTACACTTTC,0.0,TRBV14*02,None,None,8
CTCPFFIPQKYFLSTVLTF,TGCACCTGCCCTTTTTTCATACCACAAAAGTATTTTTTGAGTACTGTACTGACTTTT,0.0,TRBV20/OR9-2*03,None,None,8
CTCPFFIPQKYFLSTVLTF,TGCACCTGCCCTTTTTTCATACCACAAAAGTATTTTTTGAGTACTGTACTGACTTTT,0.0,TRBV20/OR9-2*01,None,None,7
CASKDGTGSYNEQFF,TGTGCCAGCAAGGACGGGACCGGGTCCTACAATGAGCAGTTCTTC,0.00074,TRBV7-9*04,None,TRBD2*02,7
CDREVLEFFVLFLFF,TGTGACAGAGAGGTGTTGGAGTTTTTTGTTTTGTTTTTGTTTTTT,0.0,TRBV6-9*01,None,TRBD2*02,6
CATRIIHIYF,TGTGCCACTCGTATAATTCACATCTATTTT,0.0,TRBV16*03,None,None,6
CASKDGTGSYNEQFF,TGTGCCAGCAAGGACGGGACCGGGTCCTACAATGAGCAGTTCTTC,0.00074,TRBV7-9*02,None,TRBD2*02,6
CTCPFFIPQKYFLSTVLTF,TGCACCTGCCCTTTTTTCATACCACAAAAGTATTTTTTGAGTACTGTACTGACTTTT,0.0,TRBV20-1*03,None,None,6
CVCIYMYVCIYF,TGTGTGTGTATATATATGTATGTATGTATCTATTTT,0.0,TRBV7-4*01,None,None,6
CASSFRGDRNEQFF,TGTGCCAGCTCTTTCCGAGGTGACCGAAATGAGCAGTTCTTC,0.05309,TRBV6-6*03,None,None,6
CASSYSGVSNQPQHF,TGTGCCAGCAGTTACAGCGGGGTTAGCAATCAGCCCCAGCATTTT,0.0057,None,TRBJ1-5*01,TRBD2*01,6
CASSLRPSGVTGELFF,TGTGCCAGCAGCTTACGTCCCAGCGGGGTCACCGGGGAGCTGTTTTTT,0.01707,None,TRBJ2-2*01,TRBD2*01,5
CATSAGRGSGANVLTF,TGTGCCACCAGTGCCGGCAGGGGCTCTGGGGCCAACGTCCTGACTTTC,0.0,TRBV24/OR9-2*01,None,TRBD2*01,5
CPGNHPDTSCRDTYQFF,TGTCCTGGGAATCACCCTGACACTAGCTGTCGAGATACTTACCAGTTTTTC,0.0,TRBV22/OR9-2*01,None,TRBD2*02,5
CASSLGSSSYEQYF,TGTGCCAGCAGCTTAGGTAGCAGCTCCTACGAGCAGTACTTC,0.04517,None,TRBJ2-7*01,None,5
CASKDGTGSYNEQFF,TGTGCCAGCAAGGACGGGACCGGGTCCTACAATGAGCAGTTCTTC,0.00074,TRBV5-2*01,None,TRBD2*02,5
CTCPFFIPQKYFLSTVLTF,TGCACCTGCCCTTTTTTCATACCACAAAAGTATTTTTTGAGTACTGTACTGACTTTT,0.0,TRBV20-1*01,None,None,5
CPGNHPDTSCRDTYQFF,TGTCCTGGGAATCACCCTGACACTAGCTGTCGAGATACTTACCAGTTTTTC,0.0,TRBV22-1*01,None,TRBD2*02,5
CASKDGTGSYNEQFF,TGTGCCAGCAAGGACGGGACCGGGTCCTACAATGAGCAGTTCTTC,0.00074,TRBV7-9*03,None,TRBD2*02,5
CTCPFFIPQKYFLSTVLTF,TGCACCTGCCCTTTTTTCATACCACAAAAGTATTTTTTGAGTACTGTACTGACTTTT,0.0,TRBV20-1*06,None,None,5
CASSSNRAGVGGYTEAFF,TGTGCCAGCAGCTCCAACCGGGCAGGGGTTGGGGGGTACACTGAAGCTTTCTTT,0.01464,None,TRBJ1-1*01,TRBD2*01,5
CTCPFFIPQKYFLSTVLTF,TGCACCTGCCCTTTTTTCATACCACAAAAGTATTTTTTGAGTACTGTACTGACTTTT,0.0,TRBV20-1*07,None,None,5
CASKDGTGSYNEQFF,TGTGCCAGCAAGGACGGGACCGGGTCCTACAATGAGCAGTTCTTC,0.00074,TRBV7-9*06,None,TRBD2*02,5
CAWIGTSGEQFF,TGTGCCTGGATTGGGACCTCCGGTGAGCAGTTCTTC,1.0e-5,None,TRBJ2-1*01,TRBD2*02,5
CASSLGDRSEAFF,TGCGCCAGCAGCTTGGGGGACAGATCTGAGGCTTTCTTT,0.01464,None,TRBJ1-1*01,TRBD2*01,4
CATYYCQQLNNYPPLFTF,TGTGCAACTTATTACTGTCAACAGCTTAATAATTACCCCCCCTTATTCACTTTC,0.0,TRBV23/OR9-2*02,None,None,4
CASSPTGSTEAFF,TGTGCCAGCAGCCCAACAGGGTCCACTGAAGCTTTCTTT,0.01464,TRBV5-4*03,None,TRBD1*01,4
CASYATDGSYEQYF,TGTGCCAGCTACGCGACAGATGGGTCCTACGAGCAGTACTTC,6.0e-5,None,TRBJ2-7*01,TRBD2*01,4
CASSSLRAGGFMNTEAFF,TGTGCCAGCAGTTCTTTGAGGGCCGGGGGATTCATGAACACTGAAGCTTTCTTT,0.01464,None,TRBJ1-1*01,TRBD2*01,4
CVKKARYKTTCGRIVQFF,TGTGTGAAAAAAGCAAGGTACAAAACAACATGTGGTAGAATAGTGCAATTCTTT,0.0,TRBV14*02,None,None,4
CTCPFFIPQKYFLSTVLTF,TGCACCTGCCCTTTTTTCATACCACAAAAGTATTTTTTGAGTACTGTACTGACTTTT,0.0,TRBV20-1*02,None,None,4
CASSFRGDRNEQFF,TGTGCCAGCTCTTTCCGAGGTGACCGAAATGAGCAGTTCTTC,0.05309,TRBV6-1*01,None,None,4
CASAASQVFIWGQRGNFFF,TGTGCCTCTGCTGCCAGCCAAGTCTTCATTTGGGGCCAAAGGGGAAACTTTTTTTTT,0.0,None,TRBJ2-2*01,TRBD2*01,4
CASKDGTGSYNEQFF,TGTGCCAGCAAGGACGGGACCGGGTCCTACAATGAGCAGTTCTTC,0.00074,TRBV7-9*05,None,TRBD2*02,4
CALKKINAGKSTF,TGTGCTCTGAAAAAAATCAATGCAGGCAAATCAACCTTT,0.0,None,TRBJ1-6*01,None,4
CTCPFFIPQKYFLSTVLTF,TGCACCTGCCCTTTTTTCATACCACAAAAGTATTTTTTGAGTACTGTACTGACTTTT,0.0,TRBV20/OR9-2*02,None,None,4
CASSQDNRGWGDTQYF,TGTGCCAGCAGCCAAGATAACAGGGGCTGGGGCGATACGCAGTATTTT,0.02133,TRBV4-2*01,None,TRBD2*01,4
CATSAGRGSGANVLTF,TGTGCCACCAGTGCCGGCAGGGGCTCTGGGGCCAACGTCCTGACTTTC,0.0,TRBV24-1*01,None,TRBD2*01,4
CASQGDTGELFF,TGTGCCTCCCAGGGGGACACCGGGGAGCTGTTTTTT,0.0001,TRBV30*03,None,TRBD2*01,4
CASSLDLAGGMNTGELFF,TGTGCCAGCAGCTTAGACCTAGCGGGGGGAATGAACACCGGGGAGCTGTTTTTT,0.01707,None,TRBJ2-2*01,TRBD2*01,4
CVTSKSFLLRSSIIASCDFFMSSLTF,TGTGTTACATCTAAAAGCTTTCTATTAAGATCATCAATAATTGCATCATGTGACTTTTTCATGTCTTCACTTACTTTT,0.0,TRBV12-5*01,None,None,4
CSVAQFPDSFF,TGTTCTGTAGCTCAGTTCCCAGACAGCTTTTTT,0.0,None,TRBJ1-4*01,None,3
CVYSMLHF,TGTGTATATTCCATGCTCCATTTC,0.0,TRBV10-1*01,None,None,3
CASSLRDSQETQYF,TGTGCCAGCAGCTTAAGGGACAGCCAAGAGACCCAGTACTTC,0.02133,TRBV11-3*01,None,TRBD1*01,3
CSARAPNRGNTEAFF,TGCAGTGCTAGAGCCCCTAACAGGGGAAACACTGAAGCTTTCTTT,4.0e-5,None,TRBJ1-1*01,TRBD2*01,3
CASSRWGGGEAFF,TGCGCCAGCAGCCGATGGGGTGGCGGTGAAGCTTTCTTT,0.01464,None,TRBJ1-1*01,TRBD2*01,3
CATSRMAGESYEQYF,TGTGCCACCAGCAGAATGGCAGGGGAATCCTACGAGCAGTACTTC,0.00073,None,TRBJ2-7*01,TRBD2*01,3
CASSVGTVPLHF,TGTGCCAGCAGCGTCGGGACAGTACCCCTCCACTTT,0.00183,TRBV9*01,None,None,3
CASQGDTGELFF,TGTGCCTCCCAGGGGGACACCGGGGAGCTGTTTTTT,0.0001,TRBV30*01,None,TRBD2*01,3
CASRQGRVWQPQHF,TGTGCCAGCAGGCAAGGAAGGGTCTGGCAGCCCCAGCATTTT,0.00106,None,TRBJ1-5*01,TRBD2*01,3
CTCPFFIPQKYFLSTVLTF,TGCACCTGCCCTTTTTTCATACCACAAAAGTATTTTTTGAGTACTGTACTGACTTTT,0.0,TRBV20-1*04,None,None,3
CASSLNRAGGNTIYF,TGTGCCAGCAGCTTAAACAGGGCAGGGGGAAACACCATATATTTT,0.0009,TRBV7-3*01,None,TRBD2*01,3
CASQGDTGELFF,TGTGCCTCCCAGGGGGACACCGGGGAGCTGTTTTTT,0.0001,TRBV30*02,None,TRBD2*01,3
CASKDGTGSYNEQFF,TGTGCCAGCAAGGACGGGACCGGGTCCTACAATGAGCAGTTCTTC,0.00074,TRBV7-9*01,None,TRBD2*02,3
CASSRWGGGEAFF,TGCGCCAGCAGCCGATGGGGTGGCGGTGAAGCTTTCTTT,0.01464,TRBV4-3*01,None,TRBD2*01,3
CRASLNFQDKVNQFF,TGCAGGGCTTCCCTTAACTTTCAGGATAAAGTAAATCAATTCTTT,0.0,TRBV29-1*01,None,None,3
CATRIIHIYF,TGTGCCACTCGTATAATTCACATCTATTTT,0.0,TRBV16*01,None,None,3
CASSSPGAGDPYEQYF,TGTGCCAGCAGTTCCCCCGGAGCGGGGGACCCCTACGAGCAGTACTTC,0.04517,TRBV27*01,None,TRBD2*01,3
CPIPQYF,TGTCCCATCCCACAGTACTTC,0.0,TRBV18*01,None,None,3
CTCPFFIPQKYFLSTVLTF,TGCACCTGCCCTTTTTTCATACCACAAAAGTATTTTTTGAGTACTGTACTGACTTTT,0.0,TRBV20-1*05,None,None,3
CATSRMAGESYEQYF,TGTGCCACCAGCAGAATGGCAGGGGAATCCTACGAGCAGTACTTC,0.00073,TRBV15*02,None,TRBD2*01,3
CVCIYMYVCIYF,TGTGTGTGTATATATATGTATGTATGTATCTATTTT,0.0,TRBV11-3*03,None,None,3
CASSLDDSYGYTF,TGCGCCAGCAGCTTGGATGACAGCTATGGCTACACCTTC,0.00098,None,TRBJ1-2*01,None,3
CASSPTGSTEAFF,TGTGCCAGCAGCCCAACAGGGTCCACTGAAGCTTTCTTT,0.01464,None,TRBJ1-1*01,TRBD1*01,3
CASSFRGDRNEQFF,TGTGCCAGCTCTTTCCGAGGTGACCGAAATGAGCAGTTCTTC,0.05309,TRBV6-6*04,None,None,3
CAKGKGLQFF,TGTGCCAAGGGGAAAGGCCTCCAATTTTTT,0.0,TRBV28*01,None,None,3
CAYLTAGTSYGKLTF,TGTGCTTATCTTACGGCTGGTACTAGCTATGGAAAGCTGACATTT,0.0,None,TRBJ1-1*01,TRBD2*02,2
CAASLDGAGSYQLTF,TGTGCAGCAAGCCTAGACGGGGCTGGGAGTTACCAACTCACTTTC,0.0,TRBV2*02,None,TRBD2*01,2
CAVQGVTGGGNKLTF,TGTGCTGTGCAGGGGGTCACGGGAGGAGGAAACAAACTCACCTTT,0.0,TRBV4-2*01,None,TRBD2*02,2
CVCIYMYVCIYF,TGTGTGTGTATATATATGTATGTATGTATCTATTTT,0.0,TRBV7-9*05,None,None,2
CSARDSVGNGYTF,TGCAGTGCTAGAGATTCTGTTGGGAATGGCTACACCTTC,0.0,None,TRBJ1-2*01,TRBD2*01,2
CGISGDIPFIIFYGVYLILLFF,TGTGGGATCAGTGGTGATATTCCCTTCATCATTTTTTATGGTGTCTATTTGATTCTTCTCTTTTTT,0.0,TRBV9*03,None,TRBD2*02,2
CARQPTCNFF,TGCGCCCGGCAGCCTACCTGTAACTTCTTT,0.0,None,TRBJ1-1*01,None,2
CASSQGEGPGQPQHF,TGTGCCAGCAGCCAAGGAGAGGGGCCGGGACAGCCCCAGCATTTT,0.0057,None,TRBJ1-5*01,TRBD2*01,2
CASSLGDRSEAFF,TGCGCCAGCAGCTTGGGGGACAGATCTGAGGCTTTCTTT,0.01464,TRBV5-1*01,None,TRBD2*01,2
CASSPRLAGYNYNEQFF,TGTGCCAGCAGCCCGCGACTAGCGGGCTATAACTACAATGAGCAGTTCTTC,0.05309,None,TRBJ2-1*01,TRBD2*01,2
CAGLGGRDQETQYF,TGTGCGGGGCTCGGGGGCCGTGACCAAGAGACCCAGTACTTC,0.0,None,TRBJ2-5*01,TRBD2*01,2
CASSAGPTIYGYTF,TGCGCCAGCAGCGCCGGACCGACCATCTATGGCTACACCTTC,0.00098,TRBV5-1*01,None,TRBD2*02,2
CVCIYMYVCIYF,TGTGTGTGTATATATATGTATGTATGTATCTATTTT,0.0,TRBV7-9*06,None,None,2
CASSVGTGGGYTF,TGTGCCAGCAGTGTGGGGACAGGGGGCGGCTACACCTTC,0.00098,TRBV2*03,None,TRBD1*01,2
CALNSDNFGNEKLTF,TGTGCTCTGAATTCAGATAACTTTGGAAATGAGAAATTAACCTTT,0.0,TRBV12-3*01,None,None,2
CALKKINAGKSTF,TGTGCTCTGAAAAAAATCAATGCAGGCAAATCAACCTTT,0.0,TRBV12-3*01,None,None,2
CALNSDNFGNEKLTF,TGTGCTCTGAATTCAGATAACTTTGGAAATGAGAAATTAACCTTT,0.0,TRBV12-4*02,None,None,2
CGIGGDILFIIFYCVYLILLFF,TGTGGGATCGGTGGTGATATCCTCTTTATCATTTTTTATTGCGTCTATTTGATTCTTCTCTTTTTT,0.0,TRBV9*03,None,None,2
CASSLDDSYGYTF,TGCGCCAGCAGCTTGGATGACAGCTATGGCTACACCTTC,0.00098,TRBV5-1*01,None,None,2
CASSPMGGWAAGAFF,TGTGCCAGCAGCCCCATGGGCGGGTGGGCAGCCGGAGCTTTCTTT,0.00377,None,TRBJ1-1*01,TRBD2*01,2
CGISCNAIFVISNYIYLDLLFF,TGTGGGATCAGCTGTAATGCCATCTTTGTCATTTCCAATTATATTTATTTGGATCTTCTCTTTTTT,0.0,TRBV9*01,None,TRBD2*02,2
CASSLAQGNEQFF,TGCGCCAGCAGCTTGGCCCAGGGGAATGAGCAGTTCTTC,0.05309,TRBV5-1*01,None,TRBD2*01,2
CASSTLAGPTETQYF,TGTGCCAGCAGTACCTTGGCGGGTCCAACCGAGACCCAGTACTTC,0.02133,None,TRBJ2-5*01,TRBD2*01,2
CASSRWGGGEAFF,TGCGCCAGCAGCCGATGGGGTGGCGGTGAAGCTTTCTTT,0.01464,TRBV4-1*01,None,TRBD2*01,2
CVCIYMYVCIYF,TGTGTGTGTATATATATGTATGTATGTATCTATTTT,0.0,TRBV7-9*07,None,None,2
CSARDSVGNGYTF,TGCAGTGCTAGAGATTCTGTTGGGAATGGCTACACCTTC,0.0,TRBV20-1*01,None,TRBD2*01,2
CSARDMGGPTYEQYF,TGCAGTGCTAGAGATATGGGGGGGCCGACCTACGAGCAGTACTTC,0.00014,None,TRBJ2-7*01,TRBD2*01,2
CGVSGDIPFIISDCVGFFSLFF,TGTGGGGTCAGTGGTGATATCCCCTTTATCATTTCTGATTGTGTTGGATTCTTCTCTCTTTTCTTC,0.0,TRBV9*03,None,TRBD2*02,2
CASSFRGDRNEQFF,TGTGCCAGCTCTTTCCGAGGTGACCGAAATGAGCAGTTCTTC,0.05309,TRBV6-6*01,None,None,2
CASNPGQGRTEAFF,TGTGCCAGCAACCCTGGACAGGGTAGGACTGAAGCTTTCTTT,0.00014,TRBV6-5*01,None,TRBD1*01,2
CASSFTVDQPQHF,TGTGCCAGCAGTTTTACAGTCGATCAGCCCCAGCATTTT,0.0057,None,TRBJ1-5*01,None,2
CSVLRSPFLPPHSQCIIPRHFF,TGCTCTGTTCTACGGTCTCCATTTCTTCCTCCTCATAGTCAATGTATAATCCCCCGCCACTTCTTC,0.0,None,TRBJ2-1*01,None,2
CVYAYSVLWTIYF,TGTGTGTATGCATATTCTGTTCTCTGGACTATTTATTTT,0.0,TRBV5-4*02,None,None,2
CASSRPGGNTEAFF,TGTGCCAGCAGTCGCCCCGGAGGGAACACTGAAGCTTTCTTT,0.01464,TRBV27*01,None,TRBD2*02,2
CASSAGGGDPYNEQFF,TGTGCCAGCAGCGCAGGCGGGGGGGACCCCTACAATGAGCAGTTCTTC,0.05309,TRBV9*02,None,TRBD2*01,2
CASSFGGQSYNEQFF,TGTGCCAGCAGCTTCGGGGGGCAATCCTACAATGAGCAGTTCTTC,0.05309,None,TRBJ2-1*01,TRBD2*01,2
CASYATDGSYEQYF,TGTGCCAGCTACGCGACAGATGGGTCCTACGAGCAGTACTTC,6.0e-5,TRBV5-5*02,None,TRBD2*01,2
CASLACPYTF,TGTGCCAGCCTTGCATGTCCATATACCTTT,1.0e-5,TRBV6-7*01,None,None,2
CASNPGQGRTEAFF,TGTGCCAGCAACCCTGGACAGGGTAGGACTGAAGCTTTCTTT,0.00014,None,TRBJ1-1*01,TRBD1*01,2
CSKMKRTSWVFGYCLLSLHF,TGCAGTAAAATGAAAAGAACCAGCTGGGTGTTTGGCTACTGCCTCCTGTCTCTTCACTTT,0.0,TRBV29-1*01,None,TRBD2*01,2
CTSFSVKLTLFF,TGCACCAGCTTCAGTGTTAAGCTCACCCTGTTCTTC,0.0,TRBVC*01,None,None,2
CDISFFSSDYIYLSLLFF,TGTGACATCTCCTTTTTTAGCTCTGATTATATTTATTTGAGTCTTCTCTTTTTT,0.0,TRBV9*02,None,None,2
CAILVLNFHVVTSVNLFF,TGTGCCATACTGGTTTTAAACTTTCATGTTGTCACATCTGTTAATCTTTTCTTT,0.0,TRBV16*02,None,None,2
CALKKINAGKSTF,TGTGCTCTGAAAAAAATCAATGCAGGCAAATCAACCTTT,0.0,TRBV12-4*02,None,None,2
CSASKGQGALSQPQHF,TGCAGTGCTAGCAAGGGCCAGGGGGCGTTAAGTCAGCCCCAGCATTTT,9.0e-5,None,TRBJ1-5*01,TRBD2*01,2
CAKGKGLQFF,TGTGCCAAGGGGAAAGGCCTCCAATTTTTT,0.0,TRBV25/OR9-2*01,None,None,2
CRASLNFQDKVNQFF,TGCAGGGCTTCCCTTAACTTTCAGGATAAAGTAAATCAATTCTTT,0.0,TRBV29-1*03,None,None,2
CASSLRDSQETQYF,TGTGCCAGCAGCTTAAGGGACAGCCAAGAGACCCAGTACTTC,0.02133,None,TRBJ2-5*01,TRBD1*01,2
CVVDAAFF,TGTGTGGTTGATGCAGCCTTTTTT,0.0,TRBV12-2*01,None,None,2
CASSLDLAGGMNTGELFF,TGTGCCAGCAGCTTAGACCTAGCGGGGGGAATGAACACCGGGGAGCTGTTTTTT,0.01707,TRBV11-2*01,None,TRBD2*01,2
CGISCNAIFVISNYIYLDLLFF,TGTGGGATCAGCTGTAATGCCATCTTTGTCATTTCCAATTATATTTATTTGGATCTTCTCTTTTTT,0.0,TRBV9*03,None,TRBD2*02,2
CAVQGVTGGGNKLTF,TGTGCTGTGCAGGGGGTCACGGGAGGAGGAAACAAACTCACCTTT,0.0,TRBV7-9*03,None,TRBD2*02,2
CVHFFFFFFF,TGTGTTCATTTTTTTTTTTTTTTTTTTTTT,0.0,TRBV6-6*05,None,None,2
CASSRPGGNTEAFF,TGTGCCAGCAGTCGCCCCGGAGGGAACACTGAAGCTTTCTTT,0.01464,None,TRBJ1-1*01,TRBD2*02,2
CSGCFCHKFF,TGCTCTGGGTGTTTCTGTCACAAGTTCTTC,0.0,None,TRBJ2-1*01,None,2
CASKGLGEETQYF,TGCGCCAGCAAAGGACTAGGGGAAGAGACCCAGTACTTC,0.0003,None,TRBJ2-5*01,TRBD2*02,2
CSARDMGGPTYEQYF,TGCAGTGCTAGAGATATGGGGGGGCCGACCTACGAGCAGTACTTC,0.00014,TRBV20/OR9-2*01,None,TRBD2*01,2
CVCIYMYVCIYF,TGTGTGTGTATATATATGTATGTATGTATCTATTTT,0.0,TRBV7-9*04,None,None,2
CRAQSLTINTIGKLHKLYPKQICTNVKKLFF,TGCAGGGCACAATCACTTACAATCAATACGATTGGTAAATTACACAAGCTCTATCCCAAGCAAATATGCACCAATGTTAAAAAGTTATTTTTT,0.0,TRBV29/OR9-2*02,None,TRBD2*02,2
CVFSMLHF,TGTGTATTTTCCATGCTCCATTTC,0.0,TRBV10-2*01,None,None,2
CRGRVSLFF,TGTAGAGGCAGGGTCTCGCTATTTTTC,0.0,TRBV15*02,None,None,2
CPGNHPDASCRDTYQFF,TGTCCTGGGAATCACCCTGACGCTAGCTGTCGAGATACTTATCAGTTTTTC,0.0,TRBV22/OR9-2*01,None,TRBD2*02,2
CSARARGVHNTGELFF,TGCAGTGCTAGAGCCCGAGGGGTCCACAACACCGGGGAGCTGTTTTTT,5.0e-5,None,TRBJ2-2*01,TRBD2*01,2
CAVQGVTGGGNKLTF,TGTGCTGTGCAGGGGGTCACGGGAGGAGGAAACAAACTCACCTTT,0.0,TRBV5-2*01,None,TRBD2*02,2
CASKTSGGGLDEQFF,TGTGCCAGCAAAACTAGCGGGGGGGGCCTCGATGAGCAGTTCTTC,0.00074,TRBV12-4*02,None,TRBD2*01,2
CASKTSGGGLDEQFF,TGTGCCAGCAAAACTAGCGGGGGGGGCCTCGATGAGCAGTTCTTC,0.00074,None,TRBJ2-1*01,TRBD2*01,2
CATSDSGVDGYTF,TGTGCCACCAGTGATTCAGGGGTCGATGGCTACACCTTC,2.0e-5,None,TRBJ1-2*01,TRBD2*01,2
CSAPACSEGNSDCYF,TGCAGCGCCCCTGCCTGCTCTGAGGGAAACAGTGACTGCTACTTT,0.0,None,TRBJ1-6*01,None,2
CASSFGTEAFF,TGTGCCAGCAGCTTTGGGACTGAAGCTTTCTTT,0.01464,None,TRBJ1-1*01,None,2
CATRIIHIYF,TGTGCCACTCGTATAATTCACATCTATTTT,0.0,TRBV16*02,None,None,2
CTTSEFYTF,TGCACTACCAGTGAGTTTTACACTTTT,0.0,TRBV10-2*02,None,None,2
CASSLQGETYEQYF,TGTGCCAGCAGTTTACAGGGCGAAACCTACGAGCAGTACTTC,0.04517,TRBV27*01,None,TRBD1*01,2
CSARDMGGPTYEQYF,TGCAGTGCTAGAGATATGGGGGGGCCGACCTACGAGCAGTACTTC,0.00014,TRBV20/OR9-2*03,None,TRBD2*01,2
CASNHRGLGETQYF,TGTGCCAGCAACCACAGGGGGCTCGGTGAGACCCAGTACTTC,0.0002,None,TRBJ2-5*01,TRBD2*01,2
CASSLSATASFSPYQETQYF,TGTGCCAGCAGCTTAAGCGCGACGGCGAGTTTTTCACCGTACCAAGAGACCCAGTACTTC,0.02133,None,TRBJ2-5*01,TRBD2*02,2
CASSQDNRGWGDTQYF,TGTGCCAGCAGCCAAGATAACAGGGGCTGGGGCGATACGCAGTATTTT,0.02133,None,TRBJ2-3*01,TRBD2*01,2
CASSREDRFLHF,TGTGCCAGCAGCAGGGAGGACAGGTTCCTCCACTTT,0.0,None,TRBJ1-6*02,TRBD2*02,1
CAVGPNAGGTSYGKLTF,TGTGCTGTGGGGCCTAATGCTGGTGGTACTAGCTATGGAAAGCTGACATTT,0.0,None,TRBJ1-1*01,TRBD2*01,1
CAMSAGVGAGSYQLTF,TGTGCAATGAGCGCGGGGGTCGGGGCTGGGAGTTACCAACTCACTTTC,0.0,TRBV2*01,None,TRBD2*01,1
CAVQGVTGGGNKLTF,TGTGCTGTGCAGGGGGTCACGGGAGGAGGAAACAAACTCACCTTT,0.0,TRBV1*01,None,TRBD2*02,1
CPSLLLLFF,TGTCCTTCTCTGCTCCTCCTCTTCTTT,0.0,TRBV22-1*01,None,None,1
CASSRTVQNTGELFF,TGTGCCAGCAGCCGGACAGTGCAGAACACCGGGGAGCTGTTTTTT,0.01707,None,TRBJ2-2*01,TRBD2*01,1
CSANSFF,TGCTCAGCTAATTCTTTTTTT,0.0,TRBV15*02,None,None,1
CVGSLLYNFNKFYF,TGTGTGGGGAGCTTATTATACAACTTCAACAAATTTTACTTT,0.0,TRBV30*04,None,None,1
CALAYTGRRALTF,TGTGCTCTGGCCTACACGGGCAGGAGAGCACTTACTTTT,0.0,TRBV12-3*01,None,TRBD2*02,1
CVFSSKLFF,TGTGTATTTTCTTCTAAACTCTTCTTT,0.0,TRBV6-8*01,None,None,1
CVYSMLHF,TGTGTATATTCCATGCTCCATTTC,0.0,TRBV10-1*02,None,None,1
CSARARGVHNTGELFF,TGCAGTGCTAGAGCCCGAGGGGTCCACAACACCGGGGAGCTGTTTTTT,5.0e-5,TRBV20-1*01,None,TRBD2*01,1
CSFFSFLFF,TGTTCTTTTTTTTCTTTTCTTTTCTTT,0.0,TRBV29-1*01,None,None,1
CAVKEAGSYQLTF,TGTGCCGTGAAGGAGGCTGGGAGTTACCAACTCACTTTC,0.0,TRBV12-3*01,None,None,1
CPICPRILTF,TGCCCCATTTGCCCGCGGATCTTGACTTTT,0.0,TRBV20-1*07,None,None,1
CAVVSGNKLTF,TGTGCTGTGGTCTCAGGCAACAAGCTAACTTTT,0.0,TRBV2*02,None,None,1
CSATSGQTSGNTIYF,TGCAGTGCCACTTCCGGACAGACCTCTGGAAACACCATATATTTT,0.0,TRBV20-1*05,None,None,1
CGFPQTWPQYF,TGTGGGTTCCCTCAGACCTGGCCCCAGTACTTT,0.0,TRBV15*02,None,None,1
CASSQGGGTDTQYF,TGTGCCAGCAGCCAGGGCGGGGGCACAGATACGCAGTATTTT,0.02133,TRBV4-2*01,None,TRBD2*01,1
CGVTGNIPFVISNCVCLDLLTF,TGTGGAGTCACTGGTAATATCCCTTTTGTCATTTCTAATTGTGTTTGTTTGGACCTTCTCACTTTT,0.0,TRBV9*03,None,None,1
CAFFFFFFLDKILLFF,TGTGCCTTTTTTTTTTTTTTTTTTTTGGACAAAATTTTGCTCTTTTTT,0.0,TRBV12-5*01,None,None,1
CGVSGNIYF,TGTGGGGTCAGTGGTAATATCTACTTT,0.0,TRBV9*03,None,None,1
CAQIKLLQLHF,TGTGCACAAATAAAGCTCCTCCAGCTCCATTTT,0.0,TRBV7-2*04,None,None,1
CASSFRGDRNEQFF,TGTGCCAGCTCTTTCCGAGGTGACCGAAATGAGCAGTTCTTC,0.05309,TRBV13*02,None,None,1
CGIFHTFFLFF,TGTGGGATATTTCATACTTTCTTTTTATTTTTT,0.0,TRBV14*02,None,None,1
CAYLTAGTSYGKLTF,TGTGCTTATCTTACGGCTGGTACTAGCTATGGAAAGCTGACATTT,0.0,TRBV3-2*03,None,TRBD2*02,1
CASSPLGSGGAEETQYF,TGTGCCAGCTCACCACTAGGTAGCGGGGGGGCAGAGGAGACCCAGTACTTC,0.02133,TRBV18*01,None,TRBD2*01,1
CASSPNRGRGENTEAFF,TGTGCCAGCAGTCCAAACAGGGGGCGCGGTGAGAACACTGAAGCTTTCTTT,0.01464,None,TRBJ1-1*01,TRBD2*01,1
CASSLGTSPLHF,TGTGCCAGCAGCTTAGGTACTTCACCCCTCCACTTT,0.00183,TRBV7-6*01,None,None,1
CATSAGRGSGANVLTF,TGTGCCACCAGTGCCGGCAGTGGCTCTGGGGCCAACGTCCTGACTTTC,0.0,None,TRBJ2-6*01,TRBD2*01,1
CATSRTRGDGSSYNEQFF,TGTGCCACCAGCAGAACACGTGGGGACGGGAGCTCCTACAATGAGCAGTTCTTC,0.00085,None,TRBJ2-1*01,TRBD2*01,1
CPGPEGGIRRCQEHQCPLFPNELLHF,TGTCCTGGTCCTGAAGGAGGTATCAGGAGGTGCCAAGAGCACCAATGTCCCTTATTTCCAAATGAGCTATTACATTTT,0.0,TRBV22-1*01,None,TRBD2*02,1
CASSAYEQYF,TGTGCCAGCAGCGCCTACGAGCAGTACTTC,0.04517,None,TRBJ2-7*01,None,1
CVHFFFFFFF,TGTGTTCATTTTTTTTTTTTTTTTTTTTTT,0.0,TRBV2*02,None,None,1
CGISGDFPFIIFYCVYLILLSFFSTLFF,TGTGGGATCAGTGGTGATTTCCCATTTATCATTTTTTATTGTGTCTATTTGATTCTTCTCTCTTTTTTTTCTACTCTTTTTTTT,0.0,TRBV9*01,None,TRBD2*02,1
CASSPGQGAGYTF,TGTGCCAGCAGTCCCGGACAGGGGGCCGGCTACACCTTC,0.00098,TRBV12-3*01,None,TRBD1*01,1
CAVQGVTGGGNKLTF,TGTGCTGTGCAGGGGGTCACGGGAGGAGGAAACAAACTCACCTTT,0.0,TRBV4-2*02,None,TRBD2*02,1
CSVGFVFLFCFFFFFFFLFF,TGCTCTGTTGGTTTTGTTTTTTTGTTTTGCTTTTTTTTTTTTTTTTTTTTTTTGTTTTTT,0.0,None,TRBJ1-5*01,None,1
CSVCAFFF,TGCAGTGTTTGTGCCTTTTTTTTT,0.0,None,TRBJ1-3*01,None,1
CASSFRGDRNEQFF,TGTGCCAGCTCTTTCCGAGGTGACCGAAATGAGCAGTTCTTC,0.05309,TRBV6-3*01,None,None,1
CASSYSGVSNQPQHF,TGTGCCAGCAGTTACAGCGGGGTTAGCAATCAGCCCCAGCATTTT,0.0057,TRBV27*01,None,TRBD2*01,1
CAKANSCQHF,TGTGCAAAAGCAAACTCATGTCAACATTTT,0.0,TRBV6-9*01,None,None,1
CASSQDLASGGKLNEQFF,TGTGCCAGCAGCCAAGATTTGGCTAGCGGGGGCAAACTCAATGAGCAGTTCTTC,0.05309,TRBV3-2*01,None,TRBD2*01,1
CATALTF,TGTGCCACAGCCCTAACGTTT,0.0,TRBV16*02,None,None,1
CASKDGTGSYNEQFF,TGTTCCAGCAAGGACGGGACCGGGTCCTACAATGAGCAGTTCTTC,0.00074,TRBV7-9*02,None,TRBD2*02,1
CSASLLCFF,TGCTCCGCTTCTCTTCTCTGCTTTTTT,0.0,None,TRBJ2-2*01,None,1
CVFLSFFLFFFF,TGTGTCTTTCTTTCTTTCTTTCTTTTTTTTTTTTTT,0.0,None,TRBJ1-3*01,None,1
CPFFKYDAVSLFILFF,TGTCCATTTTTTAAATATGATGCTGTTTCTCTTTTCATACTTTTTTTC,0.0,TRBV19*03,None,None,1
CASSYSGVSNQPQHF,TGTGCCAGCAGTTACAGCGGGGTTAGCAATCAGCCCCAGCATTTT,0.0057,TRBV6-5*01,None,TRBD2*01,1
CASRGTGGTYEQYF,TGTGCCAGCAGAGGGACAGGGGGGACCTACGAGCAGTACTTC,0.00839,None,TRBJ2-7*01,TRBD1*01,1
CAMRETGANNLFF,TGTGCAATGAGAGAAACTGGGGCAAACAACCTCTTCTTT,0.0,TRBV2*02,None,TRBD1*01,1
CASNPGGAGHSYNEQFF,TGTGCCAGCAACCCCGGGGGAGCCGGGCACTCCTACAATGAGCAGTTCTTC,0.00051,TRBV7-9*02,None,TRBD2*01,1
CASQGDTGELFF,TGTGCCTCCCAGGGGGACACCGGGGAGCTGTTTTTT,0.0001,TRBV30*04,None,TRBD2*01,1
CDKKVPICHLDQEPELQYF,TGTGACAAGAAAGTTCCTATCTGCCATCTAGATCAAGAGCCTGAACTACAGTATTTT,0.0,TRBV16*03,None,TRBD2*02,1
CVHFFFFFFF,TGTGTTCATTTTTTTTTTTTTTTTTTTTTT,0.0,None,TRBJ2-2*01,None,1
CVCITQYVHIYF,TGTGTCTGCATCACACAATATGTTCACATTTACTTC,0.0,TRBV7-5*02,None,None,1
CAQIKLLQLHF,TGTGCACAAATAAAGCTCCTGCAGCTCCATTTT,0.0,TRBV7-8*03,None,None,1
CSARDSGASSYEQYF,TGCAGTGCTAGAGATAGCGGGGCGAGCTCCTACGAGCAGTACTTC,0.00014,TRBV20/OR9-2*01,None,TRBD2*01,1
CASSLVGRGLYEQYF,TGTGCCAGCAGCTTAGTTGGCAGGGGGCTCTACGAGCAGTACTTC,0.04517,None,TRBJ2-7*01,TRBD2*01,1
CASSLGRYEQYF,TGTGCCAGCAGCTTAGGCCGCTACGAGCAGTACTTC,0.04517,TRBV11-3*04,None,None,1
CASSIIDYGYTF,TGTGCCAGTAGTATAATCGACTATGGCTACACCTTC,0.00098,None,TRBJ1-2*01,None,1
CSASKGQGALSQPQHF,TGCAGTGCTAGCAAGGGCCAGGGGGCGTTAAGTCAGCCCCAGCATTTT,9.0e-5,TRBV20-1*01,None,TRBD2*01,1
CASYATDGSYEQYF,TGTGCCAGCTACGCGACAGATGGGTCCTACGAGCAGTACTTC,6.0e-5,TRBV5-8*01,None,TRBD2*01,1
CTRCESGIQLHPLCMSYYSVFLYFFLFF,TGTACACGATGTGAATCAGGAATCCAATTACATCCTTTGTGCATGTCATACTACAGTGTTTTCCTTTACTTTTTTTTGTTTTTT,0.0,TRBV14*02,None,None,1
CSADVGQGKRGQFF,TGCAGTGCTGACGTCGGACAGGGCAAAAGGGGGCAGTTCTTC,0.0,TRBV20/OR9-2*02,None,TRBD2*01,1
CSHSSLMTLFIILFPFLYILFF,TGCAGCCACAGCTCTCTGATGACTCTCTTCATAATCCTCTTTCCCTTTCTTTATATACTCTTCTTT,0.0,TRBV29/OR9-2*01,None,None,1
CGTQCLVNNKPFGESFSEQYF,TGTGGCACCCAATGCTTGGTCAACAACAAGCCCTTTGGGGAATCCTTTTCAGAGCAATATTTT,0.0,TRBV20-1*03,None,TRBD2*01,1
CALSEPAPPSGSRLTF,TGTGCTCTGAGTGAGCCCGCCCCCCCCAGTGGCTCTAGGTTGACCTTT,0.0,TRBV10-3*02,None,TRBD2*02,1
CAGAVIIGFRSKIKNALAHFF,TGCGCGGGCGCAGTGATTATAGGCTTTCGCTCTAAGATTAAAAATGCCCTAGCCCACTTCTTT,0.0,None,TRBJ1-1*01,None,1
CAGLLYNFNKFYF,TGTGCTGGGCTACTATACAACTTCAACAAATTTTACTTT,0.0,TRBV6-7*01,None,None,1
CGVTGNIPFVISNCVCLDLLTF,TGTGGAGTCACTGGTAATATCCCTTTTGTCATTTCTAATTGTGTTTGTTTGGACCTTCTCACTTTT,0.0,TRBV9*02,None,None,1
CVQGFLMGIYF,TGTGTACAAGGTTTTTTAATGGGTATATATTTT,0.0,TRBV16*03,None,None,1
CATSRTRGDGSSYNEQFF,TGTGCCACCAGCAGAACACGTGGGGACGGGAGCTCCTACAATGAGCAGTTCTTC,0.00085,TRBV15*01,None,TRBD2*01,1
CATSDSGVDGYTF,TGTGCCACCAGTGATTCAGGGGTCGATGGCTACACCTTC,2.0e-5,TRBV24-1*02,None,TRBD2*01,1
CATRGDSTAGEMFF,TGTGCCACCAGAGGGGACAGTACCGCCGGGGAGATGTTTTTT,0.0,TRBV24-1*01,None,TRBD2*01,1
CVQGFLMGIYF,TGTGTACAAGGTTTTTTAATGGGTATATATTTT,0.0,TRBV12-5*01,None,None,1
CDICCNVFFFISDCVYLDLLFF,TGTGATATATGTTGTAATGTTTTCTTTTTCATTTCTGATTGTGTTTATTTGGATCTTCTCTTCTTT,0.0,TRBV9*01,None,None,1
CASSPTGQLNEKLFF,TGCGCCAGCAGTCCAACGGGACAGCTCAATGAAAAACTGTTTTTT,0.00188,TRBV4-1*02,None,None,1
CAIWKQSFFF,TGTGCTATTTGGAAGCAAAGCTTTTTTTTT,0.0,None,TRBJ1-4*01,None,1
CSYGYSGNLPLHF,TGTTCTTATGGTTATAGTGGCAATTTACCTTTACATTTT,0.0,TRBV12-5*01,None,None,1
CRVGPRRGEQYF,TGCAGGGTGGGACCACGACGGGGGGAGCAGTACTTC,0.0,TRBV20-1*06,None,TRBD2*01,1
CVRYVVLFF,TGTGTGCGTTATGTGGTGCTGTTTTTT,0.0,TRBV14*02,None,None,1
CSGIRIHISQSKRFF,TGTTCAGGCATCCGCATCCACATTTCCCAATCCAAGAGATTTTTT,0.0,None,TRBJ2-2*01,None,1
CASSAGGGDPYNEQFF,TGTGCCAGCAGCGCAGGCGGGGGGGACCCCTACAATGAGCAGTTCTTC,0.05309,None,TRBJ2-1*01,TRBD2*01,1
CVYAYSVLWTIYF,TGTGTGTATGCATATTCTGTTCTCTGGACTATTTATTTT,0.0,TRBV5-4*03,None,None,1
CASSLGLQGVNTEAFF,TGTGCCAGCAGCTTGGGTTTACAGGGGGTGAACACTGAAGCTTTCTTT,0.01464,TRBV5-5*01,None,TRBD1*01,1
CSARDSGASSYEQYF,TGCAGTGCTAGAGATAGCGGGGCGAGCTCCTACGAGCAGTACTTC,0.00014,None,TRBJ2-7*01,TRBD2*01,1
CGLGDYTF,TGTGGACTGGGTGACTATACTTTT,0.0,TRBV13*02,None,None,1
CVYAYSVLWTIYF,TGTGTGTATGCATATTCTGTTCTCTGGACTATTTATTTT,0.0,TRBV5-4*04,None,None,1
CGNGGDIPFIIFYRVYLIFSLFF,TGTGGGAATGGTGGTGATATCCCCTTTATCATTTTTTATCGTGTCTATTTGATTTTCTCTCTTTTCTTC,0.0,TRBV9*03,None,TRBD2*02,1
CPFLSQGPCHSPPELDYLGPFLFF,TGTCCCTTTCTCTCACAGGGTCCTTGTCATTCTCCACCGGAACTTGATTATCTTGGTCCCTTTCTTTTTTTC,0.0,TRBV30*03,None,TRBD2*02,1
CALPPCFFCLCVYFSLVLCPSHSLHF,TGTGCCCTTCCTCCCTGCTTTTTCTGTCTCTGTGTTTACTTTTCTCTCGTTCTTTGTCCTTCTCATAGTCTTCACTTT,0.0,TRBV5-1*01,None,None,1
CSARDSVGNGYTF,TGCAGTGCTAGAGATTCTGTTGGGAATGGCTACACCTTC,0.0,TRBV20/OR9-2*01,None,TRBD2*01,1
CAVQGVTGGGNKLTF,TGTGCTGTGCAGGGGGTCACGGGAGGAGGAAACAAACTCACCTTT,0.0,TRBV7-3*05,None,TRBD2*02,1
CASSPTGSTEAFF,TGTGCCAGCAGCCCAACAGGGTCCACTGAAGCTTTCTTT,0.01464,TRBV5-4*04,None,TRBD1*01,1
CASSFRGDRNEQFF,TGTGCCAGCTCTTTCCGAGGTGACCGAAATGAGCAGTTCTTC,0.05309,TRBV6-4*01,None,None,1
CASSFRGDRNEQFF,TGTGCCAGCTCTTTCCGAGGTGACCGAAATGAGCAGTTCTTC,0.05309,TRBV18*01,None,None,1
CAVQGVTGGGNKLTF,TGTGCTGTGCAGGGGGTCACGGGAGGAGGAAACAAACTCACCTTT,0.0,TRBV7-7*01,None,TRBD2*02,1
CSALLHLQLFFFLFFFFF,TGCTCAGCCCTCCTGCATTTGCAGCTTTTTTTTTTCCTTTTTTTTTTTTTTTTT,0.0,None,TRBJ2-2*01,None,1
CASSQPVSFRSYEQYF,TGTGCCAGCTCTCAGCCCGTATCTTTTCGGTCCTACGAGCAGTACTTC,0.04517,TRBV18*01,None,TRBD2*02,1
CASYATDGSYEQYF,TGTGCCAGCTACGCGACAGATGGGTCCTACGAGCAGTACTTC,6.0e-5,TRBV5-8*02,None,TRBD2*01,1
CAVRDLRGGADGLTF,TGTGCTGTGAGAGACCTCCGGGGAGGTGCTGACGGACTCACCTTT,0.0,TRBV9*03,None,TRBD2*01,1
CGLSCYAFF,TGTGGTCTCAGTTGTTATGCCTTCTTT,0.0,TRBV9*03,None,None,1
CATSAGRGSGANVLTF,TGTGCCACCAGTGCCGGCAGGGGCTCTGGGGCCAACGTCCTGACTTTC,0.0,TRBV24-1*02,None,TRBD2*01,1
CVHFFFFFFF,TGTGTTCATTTTTTTTTTTTTTTTTTTTTT,0.0,TRBV6-6*03,None,None,1
CASSRWGGGEAFF,TGCGCCAGCAGCCGATGGGGTGGCGGTGAAGCTTTCTTT,0.01464,TRBV4-3*02,None,TRBD2*01,1
CASKDGTGSYNEQFF,TGTTCCAGCAAGGACGGGACCGGGTCCTACAATGAGCAGTTCTTC,0.00074,TRBV7-9*04,None,TRBD2*02,1
CVAQAGLTSSDPPALASKKLLTF,TGTGTTGCCCAAGCTGGTCTCACCTCAAGTGATCCTCCTGCCTTGGCGTCGAAGAAACTTTTAACGTTT,0.0,TRBV7-5*02,None,TRBD2*02,1
CASSPGQGAGYTF,TGTGCCAGCAGTCCCGGACAGGGGGCCGGCTACACCTTC,0.00098,None,TRBJ1-2*01,TRBD1*01,1
CASSQGQFTQETQYF,TGCGCCAGCAGCCAGGGACAGTTTACCCAAGAGACCCAGTACTTC,0.02133,None,TRBJ2-5*01,TRBD1*01,1
CASSFRGDRNEQFF,TGTGCCAGCTCTTTCCGAGGTGACCGAAATGAGCAGTTCTTC,0.05309,TRBV2*03,None,None,1
CSAIPAGGADTQYF,TGCAGTGCTATCCCTGCGGGGGGGGCCGATACGCAGTATTTT,0.0,TRBV20/OR9-2*01,None,TRBD2*01,1
CASSLGTSPLHF,TGTGCCAGCAGCTTAGGTACTTCACCCCTCCACTTT,0.00183,None,TRBJ1-6*02,None,1
CGISGDFPFIIFYCVYLILLSFFSTLFF,TGTGGGATCAGTGGTGATTTCCCATTTATCATTTTTTATTGTGTCTATTTGATTCTTCTCTCTTTTTTTTCTACTCTTTTTTTT,0.0,TRBV9*02,None,TRBD2*02,1
CASSINRNTEAFF,TGTGCCAGCAGCATCAACAGGAACACTGAAGCTTTCTTT,0.01464,TRBV7-9*07,None,None,1
CASSPRLAGYNYNEQFF,TGTGCCAGCAGCCCGCGACTAGCGGGCTATAACTACAATGAGCAGTTCTTC,0.05309,TRBV7-7*01,None,TRBD2*01,1
CATRRLCCWGIYF,TGTGCGACCAGGCGGCTTTGCTGCTGGGGAATTTACTTC,0.0,TRBV24-1*02,None,TRBD2*01,1
CSARRLAGASYNEQFF,TGCAGTGCTAGACGACTAGCGGGGGCCTCCTACAATGAGCAGTTCTTC,0.00016,TRBV20-1*01,None,TRBD2*01,1
CAAPRLANFFFFFFFPFF,TGTGCAGCACCACGCCTGGCTAATTTTTTTTTTTTTTTTTTTTTTCCTTTTTTT,0.0,None,TRBJ2-2*01,None,1
CASSLALSQNQPQHF,TGTGCCAGCAGTTTAGCGCTCTCCCAAAATCAGCCCCAGCATTTT,0.0057,TRBV12-3*01,None,None,1
CASRGTGGTYEQYF,TGTGCCAGCAGAGGGACAGGGGGGACCTACGAGCAGTACTTC,0.00839,TRBV6-6*01,None,TRBD1*01,1
CASSPEGSQLPLHF,TGTGCCAGCTCACCAGAAGGGAGCCAGCTCCCCCTCCACTTT,0.00183,TRBV18*01,None,None,1
CASSAYEQYF,TGTGCCAGCAGCGCCTACGAGCAGTACTTC,0.04517,TRBV6-6*04,None,None,1
CAGGSGPGGFGALGANVGAGTQHF,TGTGCCGGTGGTTCCGGGCCTGGGGGCTTCGGGGCTCTTGGAGCCAATGTAGGGGCTGGGACTCAGCACTTC,0.0,TRBV15*03,None,TRBD2*01,1
CASKDATGSYNELFF,TGTGCCAGCAAGGACGCGACCGGGTCCTACAATGAGTTGTTTTTC,0.00024,None,TRBJ2-1*01,TRBD2*01,1
CATSRDSTEHQPQHF,TGTGCCACCAGCAGAGATTCGACAGAGCATCAGCCCCAGCATTTT,9.0e-5,None,TRBJ1-5*01,TRBD2*02,1
CAVGPNAGGTSYGKLTF,TGTGCTGTGGGGCCTAATGCTGGTGGTACTAGCTATGGAAAGCTGACATTT,0.0,TRBV14*02,None,TRBD2*01,1
CASSLRGVGELFF,TGTGCCAGCAGCCTCAGGGGGGTCGGGGAGCTGTTTTTT,0.01707,None,TRBJ2-2*01,TRBD2*01,1
CSAIPAGGADTQYF,TGCAGTGCTATCCCTGCGGGGGGGGCCGATACGCAGTATTTT,0.0,None,TRBJ2-3*01,TRBD2*01,1
CAFSSSLFF,TGTGCATTTTCTTCTTCACTCTTCTTC,0.0,TRBV6-9*01,None,None,1
CSSDVFLTF,TGCAGCAGCGACGTCTTCCTCACGTTC,0.0,TRBV29/OR9-2*01,None,None,1
CATSDSMYNEQFF,TGTGCCACCAGTGATAGTATGTACAATGAGCAGTTCTTC,0.00085,TRBV24-1*02,None,None,1
CASSAGGGDPYNEQFF,TGTGCCAGCAGCGCAGGCGGGGGGGACCCCTACAATGAGCAGTTCTTC,0.05309,TRBV9*01,None,TRBD2*01,1
CASSLKTMGEAFF,TGTGCCAGCAGCTTAAAAACTATGGGAGAAGCTTTCTTT,0.01464,TRBV7-3*01,None,None,1
CASRQGRVWQPQHF,TGTGCCAGCAGGCAAGGAAGGGTCTGGCAGCCCCAGCATTTT,0.00106,TRBV6-6*04,None,TRBD2*01,1
CSVGAGYNEQFF,TGCAGTGTGGGAGCGGGGTACAATGAGCAGTTCTTC,0.0,None,TRBJ2-1*01,TRBD2*01,1
CGIGGDIPFIIFYCIYLILLTF,TGTGGGATTGGTGGTGATATCCCCTTTATCATTTTTTATTGCATCTATTTGATTCTTCTCACTTTT,0.0,TRBV9*02,None,None,1
CASRFRQGTYEQYF,TGCGCCAGCAGGTTTCGACAGGGGACCTACGAGCAGTACTTC,0.00839,None,TRBJ2-7*01,TRBD1*01,1
CALPHQANFCFFFF,TGTGCACTACCACACCAGGCCAATTTTTGTTTTTTTTTTTTT,0.0,None,TRBJ2-2*01,None,1
CASSPMGGWAAGAFF,TGTGCCAGCAGCCCCATGGGCGGGTGGGCAGCCGGAGCTTTCTTT,0.00377,TRBV7-8*03,None,TRBD2*01,1
CAVQGVTGGGNKLTF,TGTGCTGTGCAGGGGGTCACGGGAGGAGGAAACAAACTCACCTTT,0.0,TRBV7-9*01,None,TRBD2*02,1
CGVSGNGHFVISGCVFSYILFF,TGTGGGGTCAGTGGTAATGGCCACTTTGTCATTTCTGGTTGTGTTTTTTCATATATTCTCTTTTTT,0.0,TRBV9*02,None,TRBD2*01,1
CPSFVNSQFF,TGCCCAAGCTTTGTGAACAGCCAGTTTTTC,0.0,TRBV29/OR9-2*01,None,None,1
CVHFFFFFFCFFFFFF,TGTGTTCATTTTTTTTTTTTTTTTTTTTGTTTTTTTTTTTTTTTTTTT,0.0,None,TRBJ2-2*01,None,1
CSALLHLQLFIFLFFFFFF,TGCTCAGCCCTCCTGCATTTGCAGCTTTTTATCTTCCTTTTTTTTTTTTTTTTTTTT,0.0,None,TRBJ1-6*02,None,1
CTSHLIGWTAFLSNMLFF,TGCACCAGCCACCTCATTGGATGGACGGCCTTCCTGTCCAACATGCTGTTCTTC,0.0,TRBVC*01,None,TRBD2*01,1
CAFPTLASYTNAGKSTF,TGTGCTTTCCCCACACTAGCCTCTTACACCAATGCAGGCAAATCAACCTTT,0.0,None,TRBJ1-6*01,TRBD2*02,1
CGIGCNVIFVISDCTYFDLLFF,TGTGGTATTGGTTGTAACGTCATCTTTGTCATTTCTGATTGCACTTATTTTGATCTTCTCTTTTTT,0.0,TRBV9*01,None,None,1
CASSYRPAGVAKNIQYF,TGTGCCAGCAGCTACAGGCCTGCCGGGGTAGCCAAAAACATTCAGTACTTC,0.00106,None,TRBJ2-4*01,TRBD2*01,1
CASKDATGSYNELFF,TGTGCCAGCAAGGACGCGACCGGGTCCTACAATGAGTTGTTTTTC,0.00024,TRBV7-9*06,None,TRBD2*01,1
CASSVGGSNQPQHF,TGTGCCAGCAGCGTAGGAGGGAGCAATCAGCCCCAGCATTTT,0.0057,TRBV9*01,None,TRBD2*02,1
CASSLVGRGLYEQYF,TGTGCCAGCAGCTTAGTTGGCAGGGGGCTCTACGAGCAGTACTTC,0.04517,TRBV7-9*03,None,TRBD2*01,1
CPPHLAFFFFFFFFFF,TGCCCACCACACCTGGCTTTTTTTTTTTTTTTTTTTTTTTTTTTTTTT,0.0,None,TRBJ2-2*01,None,1
CAILVLNFHVVTSVNLFF,TGTGCCATACTGGTTTTAAACTTTCATGTTGTCACATCTGTTAATCTTTTCTTT,0.0,TRBV16*01,None,None,1
CVPHTFSYSAFF,TGTGTCCCTCACACCTTTTCCTATTCTGCTTTTTTT,0.0,TRBV7-5*02,None,None,1
CASNHRGLGETQYF,TGTGCCAGCAACCACAGGGGGCTCGGTGAGACCCAGTACTTC,0.0002,TRBV3-2*02,None,TRBD2*01,1
CAWIGTSGEQFF,TGTGCCTGGATTGGGACCTCCGGTGAGCAGTTCTTC,1.0e-5,TRBV30*02,None,TRBD2*02,1
CSSFVVFLFCFVLFF,TGTTCCAGTTTTGTGGTGTTTTTATTTTGTTTTGTTTTGTTTTTC,0.0,TRBV18*01,None,None,1
CVGEGKLWLTF,TGTGTGGGGGAGGGAAAGCTATGGCTAACCTTT,0.0,TRBV6-7*01,None,TRBD1*01,1
CASSQARFGTENTEAFF,TGCGCCAGCAGCCAAGCTCGTTTTGGGACAGAGAACACTGAAGCTTTCTTT,0.01464,None,TRBJ1-1*01,TRBD1*01,1
CASSVGTGGTSGEKQFF,TGTGCCAGCAGCGTAGGTACGGGGGGCACTAGCGGGGAAAAGCAGTTCTTC,0.00585,TRBV9*01,None,TRBD2*01,1
CGISYNVSFFISNFVYLVPLSLFF,TGTGGTATCAGCTATAATGTCTCCTTTTTTATTTCTAATTTTGTTTATTTGGTTCCTCTCTCTCTTTTTTTT,0.0,TRBV9*03,None,None,1
CASSPRGGGAFSYGGYTF,TGTGCCAGCAGCCCGAGGGGAGGGGGCGCTTTCTCGTACGGGGGCTACACCTTC,0.00098,TRBV5-4*02,None,TRBD2*02,1
CASSLGQAANYGYTF,TGCGCCAGCAGCCTGGGACAGGCCGCTAACTATGGCTACACCTTC,0.00098,None,TRBJ1-2*01,TRBD1*01,1
CASSQDLASGGKLNEQFF,TGTGCCAGCAGCCAAGATTTGGCTAGCGGGGGCAAACTCAATGAGCAGTTCTTC,0.05309,None,TRBJ2-1*01,TRBD2*01,1
CSVGAGYNEQFF,TGCAGTGTGGGAGCGGGGTACAATGAGCAGTTCTTC,0.0,TRBV20-1*02,None,TRBD2*01,1
CAPDSKHTFLAAPAQLLLEKFLQHHSHLFF,TGTGCCCCGGACAGCAAGCACACGTTCCTCGCAGCGCCCGCCCAGCTCCTGCTGGAGAAGTTCCTGCAGCACCACAGCCACCTCTTCTTC,0.0,TRBV25/OR9-2*01,None,TRBD2*02,1
CTTSEFYTF,TGCACTACCAGTGAGTTTTACACTTTT,0.0,TRBV10-2*01,None,None,1
CVHFFFFFFF,TGTGTTCATTTTTTTTTTTTTTTTTTTTTT,0.0,TRBV13*02,None,None,1
CSAPPQGNNEQFF,TGCAGTGCCCCACCCCAGGGGAACAATGAGCAGTTCTTC,1.0e-5,None,TRBJ2-1*01,TRBD1*01,1
CASSPTGSTEAFF,TGTGCCAGCAGCCCAACAGGGTCCACTGAAGCTTTCTTT,0.01464,TRBV7-8*03,None,TRBD1*01,1
CATSDLGTDTQYF,TGTGCCACCAGTGATTTGGGCACAGATACGCAGTATTTT,0.00034,TRBV24/OR9-2*01,None,None,1
CASLQSNADSFFF,TGTGCGTCCCTTCAGAGTAATGCTGACAGTTTTTTTTTT,0.0,None,TRBJ2-2*01,None,1
CASSYSGVSNQPQHF,TGTGCCAGCAGTTACAGCGGGGTTAGCAATCAGCCCCAGCATTTT,0.0057,TRBV6-7*01,None,TRBD2*01,1
CTHLQGLVLLCPHTLQEPCPRLAPLAFF,TGCACCCACCTTCAGGGTCTTGTCCTTCTCTGCCCCCACACTCTGCAGGAGCCCTGTCCGCGCCTTGCTCCACTGGCATTTTTC,0.0,TRBV1*01,None,TRBD2*02,1
CASSIIDYGYTF,TGTGCCAGTAGTATAATCGACTATGGCTACACCTTC,0.00098,TRBV19*02,None,None,1
CASSLERKTSLHF,TGTGCCAGCAGTTTGGAACGGAAGACGTCCCTCCACTTT,1.0e-5,None,TRBJ1-6*02,None,1
CAISEPLLEPHEQYF,TGTGCCATCAGTGAGCCCCTCTTAGAGCCCCACGAGCAGTACTTC,0.00034,TRBV10-3*02,None,None,1
CAVQGVTGGGNKLTF,TGTGCTGTGCAGGGGGTCACGGGAGGAGGAAACAAACTCACCTTT,0.0,TRBV7-9*05,None,TRBD2*02,1
CTNTSLLGGNVGTEGQYF,TGTACCAACACTTCTCTGCTAGGAGGCAATGTTGGTACAGAAGGACAGTATTTC,0.0,TRBV24-1*02,None,TRBD2*02,1
CASSLGGSVSNTEAFF,TGCGCCAGCAGCTTGGGGGGAAGTGTGAGTAACACTGAAGCTTTCTTT,0.01464,TRBV5-1*01,None,TRBD2*01,1
CGISYNVSFFISNFVYLVPLSLFF,TGTGGTATCAGCTATAATGTCTCCTTTTTTATTTCTAATTTTGTTTATTTGGTTCCTCTCTCTCTTTTTTTT,0.0,TRBV9*01,None,None,1
CTSRRRHTRSGRVTGVQTCALPISPFSATLAVFFF,TGTACAAGCAGAAGACGGCATACGAGGTCGGGGCGGGTGACTGGAGTTCAGACGTGTGCTCTTCCGATCTCTCCCTTCTCGGCCACCTTGGCAGTCTTCTTCTTC,0.0,TRBV16*03,None,TRBD2*01,1
CSAAVNHMENLLQPKESSKNSLHRWIQHF,TGCAGTGCTGCAGTGAACCATATGGAGAATTTACTGCAGCCAAAGGAGTCAAGTAAAAACTCTCTCCACAGATGGATTCAGCACTTC,0.0,TRBV20-1*02,None,TRBD2*02,1
CATSDLGTDTQYF,TGTGCCACCAGTGATTTGGGCACAGATACGCAGTATTTT,0.00034,None,TRBJ2-3*01,None,1
CASSFRGDRNEQFF,TGTGCCAGCTCTTTCCGAGGTGACCGAAATGAGCAGTTCTTC,0.05309,TRBV12-4*02,None,None,1
CASSLTGTNSEAFF,TGTGCCAGCAGCTTAACAGGGACGAATTCTGAAGCTTTCTTT,0.01464,TRBV7-9*01,None,TRBD1*01,1
CAVVNAGGTSYGKLTF,TGTGCTGTAGTCAATGCTGGTGGTACTAGCTATGGAAAGCTGACATTT,0.0,None,TRBJ1-1*01,TRBD2*02,1
CALAYTGRRALTF,TGTGCTCTGGCCTACACGGGCAGGAGAGCACTTACTTTT,0.0,None,TRBJ1-4*01,TRBD2*02,1
CDSPLISMGKYEKKLFF,TGTGATTCTCCATTAATATCAATGGGTAAATATGAAAAGAAACTGTTTTTT,0.0,TRBV16*03,None,None,1
CASSPYRGQGKNEQYF,TGTGCCAGCTCACCGTATAGGGGACAGGGGAAAAACGAGCAGTACTTC,0.04517,TRBV18*01,None,TRBD1*01,1
CDCISTLAFF,TGTGATTGCATTTCAACACTGGCATTCTTC,0.0,TRBV3-2*03,None,None,1
CPQRSMVEPFFLFF,TGTCCCCAGCGCTCCATGGTGGAACCCTTCTTCCTCTTCTTC,0.0,TRBV22-1*01,None,None,1
CASSSLRAGGFMNTEAFF,TGTGCCAGCAGTTCTTTGAGGGCCGGGGGATTCATGAACACTGAAGCTTTCTTT,0.01464,TRBV12-4*02,None,TRBD2*01,1
CGNGGDIPFIIFYRVYLIFSLFF,TGTGGGAATGGTGGTGATATCCCCTTTATCATTTTTTATCGTGTCTATTTGATTTTCTCTCTTTTCTTC,0.0,TRBV9*01,None,TRBD2*02,1
CASSFRGDRNEQFF,TGTGCCAGCTCTTTCCGAGGTGACCGAAATGAGCAGTTCTTC,0.05309,TRBV2*02,None,None,1
CAVNADTGRRALTF,TGCGCTGTGAATGCTGACACGGGCAGGAGAGCACTTACTTTT,0.0,None,TRBJ1-4*01,TRBD2*02,1
CAVRFHSTGANNLFF,TGTGCTGTGAGATTCCACTCAACTGGGGCAAACAACCTCTTCTTT,0.0,TRBV22-1*01,None,None,1
CSARWEPCLGSRFF,TGTTCTGCACGATGGGAACCATGTCTGGGCTCTCGTTTCTTT,0.0,None,TRBJ1-1*01,TRBD2*02,1
CVSVWDDMFF,TGTGTGTCTGTCTGGGATGATATGTTTTTT,0.0,None,TRBJ1-4*01,None,1
CASSLVGGGANSPLHF,TGTGCCAGCAGCTTAGTGGGGGGAGGGGCCAATTCACCCCTCCACTTT,0.00183,TRBV7-6*01,None,TRBD2*02,1
CASSLGLQGVNTEAFF,TGTGCCAGCAGCTTGGGTTTACAGGGGGTGAACACTGAAGCTTTCTTT,0.01464,None,TRBJ1-1*01,TRBD1*01,1
CPQRSMGHAFF,TGTCCCCAGCGCTCCATGGGGCATGCGTTCTTC,0.0,TRBV2*02,None,None,1
CALRKGAGNMLTF,TGTGCTCTGAGGAAGGGTGCAGGCAACATGCTCACCTTT,0.0,TRBV12-4*02,None,TRBD1*01,1
CASSVGTVPLHF,TGTGCCAGCAGCGTCGGGACAGTACCCCTCCACTTT,0.00183,TRBV9*02,None,None,1
CASNPGGAGHSYNEQFF,TGTGCCAGCAACCCCGGGGGAGCCGGGCACTCCTACAATGAGCAGTTCTTC,0.00051,TRBV7-9*04,None,TRBD2*01,1
CASSLERKTSLHF,TGTGCCAGCAGTTTGGAACGGAAGACGTCCCTCCACTTT,1.0e-5,TRBV12-4*02,None,None,1
CGIGGDILFF,TGTGGGATTGGTGGTGATATCCTCTTTTTC,0.0,TRBV9*02,None,None,1
CASSLQGETYEQYF,TGTGCCAGCAGTTTACAGGGCGAAACCTACGAGCAGTACTTC,0.04517,TRBV12-4*02,None,TRBD1*01,1
CASSWGGGYEDTQYF,TGTGCCAGCAGTTGGGGCGGGGGGTACGAAGATACGCAGTATTTT,0.02133,None,TRBJ2-3*01,TRBD2*01,1
CAQIKLLQLHF,TGTGCCCAAATAAAGCTCCTCCAGCTCCATTTT,0.0,TRBV7-3*04,None,None,1
CASSFLGQDTEAFF,TGTGCCAGCAGTTTTCTCGGACAGGACACTGAAGCTTTCTTT,0.01464,TRBV28*01,None,TRBD1*01,1
CVPHTFPILLFF,TGTGTCCCTCACACCTTTCCCATTCTACTTTTTTTT,0.0,TRBV7-5*02,None,None,1
CAGLKRSSQSFLWIKKIHDFFFFFF,TGCGCAGGATTGAAGCGGTCTAGCCAAAGCTTTCTGTGGATTAAAAAAATACACGATTTTTTTTTTTTTTTTTTT,0.0,None,TRBJ2-2*01,TRBD2*02,1
CATKHLPVWFPLHF,TGTGCTACCAAACATTTGCCAGTCTGGTTCCCTCTGCATTTC,0.0,TRBV24-1*01,None,None,1
CASSPTGSTEAFF,TGTGCCAGCAGCCCAACAGGGTCCACTGAAGCTTTCTTT,0.01464,TRBV5-4*02,None,TRBD1*01,1
CASSLSGAPENEQFF,TGTGCCAGCAGTTTGAGCGGGGCCCCCGAGAATGAGCAGTTCTTC,0.05309,TRBV27*01,None,TRBD2*01,1
CASSYSGQGNSPLHF,TGTGCCAGCAGTTACAGCGGACAGGGGAATTCACCCCTCCACTTT,0.00183,TRBV6-2*01,None,TRBD2*01,1
CAVQGVTGGGNKLTF,TGTGCTGTGCAGGGGGTCACGGGAGGAGGAAACAAACTCACCTTT,0.0,TRBV4-1*02,None,TRBD2*02,1
CAARGAGGTSYGKLTF,TGTGCAGCAAGGGGGGCTGGTGGTACTAGCTATGGAAAGCTGACATTT,1.0e-5,TRBV2*02,None,TRBD2*02,1
CASSYLNTEAFF,TGTGCCAGCAGCTACTTGAACACTGAAGCTTTCTTT,0.01464,TRBV11-3*04,None,None,1
CASSWGGGYEDTQYF,TGTGCCAGCAGTTGGGGCGGGGGGTACGAAGATACGCAGTATTTT,0.02133,TRBV27*01,None,TRBD2*01,1
CVYVFAFF,TGTGTATATGTTTTTGCTTTTTTT,0.0,TRBV7-5*02,None,None,1
CTQIKLLQLHF,TGTACACAAATAAAGCTCCTCCAGCTCCATTTT,0.0,TRBV7-2*03,None,None,1
CARLIFLYFFFFFFFFF,TGTGCCCGGCTAATTTTTTTGTATTTCTTTTTTTTTTTTTTTTTTTTTTTT,0.0,None,TRBJ1-6*02,None,1
CASSFYGTDFYSNQPQHF,TGTGCCAGTAGCTTCTACGGGACAGATTTCTATAGCAATCAGCCCCAGCATTTT,0.0057,None,TRBJ1-5*01,TRBD2*02,1
CATTPTQLIFVFFFFF,TGTGCCACCACGCCCACCCAGCTAATTTTTGTATTTTTTTTTTTTTTT,0.0,None,TRBJ2-2*01,None,1
CASSPLRGGAADTQYF,TGTGCCAGCAGCCCCCTTAGGGGGGGGGCCGCAGATACGCAGTATTTT,0.02133,TRBV7-2*04,None,TRBD2*01,1
CASSYLNTEAFF,TGTGCCAGCAGCTACTTGAACACTGAAGCTTTCTTT,0.01464,None,TRBJ1-1*01,None,1
CASSVGTVPLHF,TGTGCCAGCAGCGTCGGGACAGTACCCCTCCACTTT,0.00183,None,TRBJ1-6*02,None,1
CAKGKGLQFF,TGTGCCAAGGGGAAAGGCCTCCAATTTTTT,0.0,TRBV25-1*01,None,None,1
CAGLVQKLFF,TGTGCGGGACTGGTGCAGAAACTTTTTTTT,0.0,None,TRBJ2-2*01,None,1
CASSRTYEQYF,TGTGCCAGCAGCAGAACTTACGAGCAGTACTTC,0.04517,TRBV2*03,None,None,1
CASSLGSSSYEQYF,TGTGCCAGCAGCTTAGGTAGCAGCTCCTACGAGCAGTACTTC,0.04517,TRBV7-8*01,None,None,1
CASRNRIGGESTDTQYF,TGTGCCAGTAGGAACCGGATCGGGGGTGAGAGCACAGATACGCAGTATTTT,0.00396,None,TRBJ2-3*01,TRBD2*01,1
CASSPTGSTEAFF,TGTGCCAGCAGCCCAACAGGGTCCACTGAAGCTTTCTTT,0.01464,TRBV4-2*01,None,TRBD1*01,1
CASSREDRFLHF,TGTGCCAGCAGCAGGGAGGACAGGTTCCTCCACTTT,0.0,TRBV7-2*01,None,TRBD2*02,1
CAISARAGESEHYGYTF,TGTGCCATCAGTGCCCGGGCAGGGGAGTCCGAGCACTATGGCTACACCTTC,1.0e-5,TRBV10-3*01,None,TRBD2*01,1
CASSLNQGNSPLHF,TGTGCCAGCAGCTTAAACCAGGGGAATTCACCCCTCCACTTT,0.00183,TRBV7-3*01,None,None,1
CPDMFFFLNNFKMKYTF,TGTCCAGATATGTTTTTCTTTTTAAATAACTTTAAAATGAAATATACATTT,0.0,TRBV16*03,None,None,1
CASSYSGQGNSPLHF,TGTGCCAGCAGTTACAGCGGACAGGGGAATTCACCCCTCCACTTT,0.00183,TRBV28*01,None,TRBD2*01,1
CASSLGSSSYEQYF,TGTGCCAGCAGCTTAGGTAGCAGCTCCTACGAGCAGTACTTC,0.04517,TRBV7-2*02,None,None,1
CSARDMGGPTYEQYF,TGCAGTGCTAGAGATATGGGGGGGCCGACCTACGAGCAGTACTTC,0.00014,TRBV20-1*01,None,TRBD2*01,1
CATSDSGVDGYTF,TGTGCCACCAGTGATTCAGGGGTCGATGGCTACACCTTC,2.0e-5,TRBV24/OR9-2*01,None,TRBD2*01,1
CASSYSGQGNSPLHF,TGTGCCAGCAGTTACAGCGGACAGGGGAATTCACCCCTCCACTTT,0.00183,None,TRBJ1-6*02,TRBD2*01,1
CASSQTGGAYYGYTF,TGCGCCAGCAGCCAAACAGGGGGCGCTTATTATGGCTACACCTTC,0.00098,TRBV4-1*01,None,TRBD2*01,1
CASSQARFGTENTEAFF,TGCGCCAGCAGCCAAGCTCGTTTTGGGACAGAGAACACTGAAGCTTTCTTT,0.01464,TRBV4-1*01,None,TRBD1*01,1
CAMRETGANNLFF,TGTGCAATGAGAGAAACTGGGGCAAACAACCTCTTCTTT,0.0,TRBV13*01,None,TRBD1*01,1
CSAPSQGAYNEQFF,TGCAGTGCGCCGAGCCAGGGGGCTTACAATGAGCAGTTCTTC,1.0e-5,None,TRBJ2-1*01,TRBD1*01,1
CASSQTGGAYYGYTF,TGCGCCAGCAGCCAAACAGGGGGCGCTTATTATGGCTACACCTTC,0.00098,None,TRBJ1-2*01,TRBD2*01,1
CASSFTVDQPQHF,TGTGCCAGCAGTTTTACAGTCGATCAGCCCCAGCATTTT,0.0057,TRBV12-4*01,None,None,1
CASSFRGDRNEQFF,TGTGCCAGCTCTTTCCGAGGTGACCGAAATGAGCAGTTCTTC,0.05309,TRBV6-6*02,None,None,1
CASSQGGGTDTQYF,TGTGCCAGCAGCCAGGGCGGGGGCACAGATACGCAGTATTTT,0.02133,None,TRBJ2-3*01,TRBD2*01,1
CASSTASASGRLCSSIPATWAALCAHF,TGCGCGAGTTCCACGGCGAGCGCCTCGGGCCGGCTCTGCAGCTCCATCCCGGCAACTTGGGCAGCACTTTGCGCTCACTTT,0.0,None,TRBJ2-3*01,TRBD2*01,1
CASSFRGDRNEQFF,TGTGCCAGCTCTTTCCGAGGGGACCGAAATGAGCAGTTCTTC,0.05309,None,TRBJ2-1*01,TRBD1*01,1
CSNSSNFLSCWKRLKVRSHNTCLFF,TGTTCCAATTCCTCCAACTTTTTAAGCTGCTGGAAAAGACTGAAGGTGCGGTCCCATAACACTTGTTTGTTTTTT,0.0,TRBV3-2*01,None,TRBD2*01,1
CASSQGQFTQETQYF,TGCGCCAGCAGCCAGGGACAGTTTACCCAAGAGACCCAGTACTTC,0.02133,TRBV5-1*01,None,TRBD1*01,1
CASRNRIGGESTDTQYF,TGTGCCAGTAGGAACCGGATCGGGGGTGAGAGCACAGATACGCAGTATTTT,0.00396,TRBV19*02,None,TRBD2*01,1
CARLLFF,TGTGCCCGCCTGCTTTTTTTT,0.0,TRBV16*01,None,None,1
CSKGNFFFFFFF,TGCAGCAAAGGTAATTTTTTTTTTTTTTTTTTTTTT,0.0,TRBV29-1*02,None,None,1
CASSPGGGADTQYF,TGTGCCAGCTCACCAGGTGGGGGTGCAGATACGCAGTATTTT,0.02133,TRBV18*01,None,TRBD2*01,1
CALNSDNFGNEKLTF,TGTGCTCTGAATTCAGATAACTTTGGAAATGAGAAATTAACCTTT,0.0,TRBV6-4*02,None,None,1
CASSLALSQNQPQHF,TGTGCCAGCAGTTTAGCGCTCTCCCAAAATCAGCCCCAGCATTTT,0.0057,TRBV12-4*01,None,None,1
CVQGFLMGIYF,TGTGTACAAGGTTTTTTAATGGGTATATATTTT,0.0,TRBV16*01,None,None,1
CASSFRGDRNEQFF,TGTGCCAGCTCTTTCCGAGGGGACCGAAATGAGCAGTTCTTC,0.05309,TRBV6-1*01,None,TRBD1*01,1
CASSTRDRAFGELFF,TGTGCCAGCAGCACCCGGGACAGGGCATTCGGGGAGCTGTTTTTT,0.01707,None,TRBJ2-2*01,TRBD2*01,1
CSSRRRHTRSGRVTGVQTCALPISPFSATLAVFFF,TGTTCAAGCAGAAGACGGCATACGAGATCGGGACGGGTGACTGGAGTTCAGACGTGTGCTCTTCCGATCTCTCCCTTCTCGGCCACCTTGGCAGTCTTCTTCTTC,0.0,TRBV16*02,None,TRBD2*02,1
CAVQGVTGGGNKLTF,TGTGCTGTGCAGGGGGTCACGGGAGGAGGAAACAAACTCACCTTT,0.0,TRBV7-9*02,None,TRBD2*02,1
CAVQGVTGGGNKLTF,TGTGCTGTGCAGGGGGTCACGGGAGGAGGAAACAAACTCACCTTT,0.0,TRBV11-1*01,None,TRBD2*02,1
CVYCYCFF,TGCGTTTACTGCTATTGCTTTTTT,0.0,None,TRBJ1-4*01,None,1
CSGNESESSHF,TGCTCAGGCAACGAATCCGAGTCCAGCCACTTC,0.0,None,TRBJ2-1*01,None,1
CSARERGLDTQYF,TGCAGTGCTAGAGAGAGAGGGCTGGATACGCAGTATTTT,6.0e-5,TRBV20/OR9-2*01,None,TRBD2*02,1
CASSASYEQFF,TGCGCCAGCAGCGCTAGTTACGAGCAGTTCTTC,0.05309,TRBV5-1*01,None,None,1
CSARDLGLAGSTDTQYF,TGCAGTGCTAGAGATCTGGGACTAGCGGGGAGCACAGATACGCAGTATTTT,6.0e-5,TRBV20-1*01,None,TRBD2*01,1
CASSFYGTDFYSNQPQHF,TGTGCCAGTAGCTTCTACGGGACAGATTTCTATAGCAATCAGCCCCAGCATTTT,0.0057,TRBV19*01,None,TRBD2*02,1
CAVQGVTGGGNKLTF,TGTGCTGTGCAGGGGGTCACGGGAGGAGGAAACAAACTCACCTTT,0.0,TRBV7-9*04,None,TRBD2*02,1
CASRPGGSGGYNEQFF,TGTGCCAGCAGGCCGGGGGGTAGCGGGGGTTACAATGAGCAGTTCTTC,0.00986,TRBV12-3*01,None,TRBD2*01,1
CRTSLRLGECAFF,TGCCGGACCAGTTTGCGGTTAGGAGAATGTGCCTTTTTT,0.0,TRBV5-1*02,None,TRBD2*02,1
CADTKLFIWAFF,TGTGCCGATACAAAATTATTTATTTGGGCTTTTTTT,0.0,TRBV16*03,None,None,1
CVLSCAASSQAPSPCGLFF,TGTGTCCTATCTTGCGCTGCCTCCTCTCAGGCCCCATCCCCATGTGGCCTCTTCTTT,0.0,TRBV7-5*02,None,TRBD2*01,1
CASSLGSSSYEQYF,TGTGCCAGCAGCTTAGGTAGCAGCTCCTACGAGCAGTACTTC,0.04517,TRBV11-3*04,None,None,1
CASRRGHTEAFF,TGTGCCAGCAGAAGGGGGCACACTGAAGCTTTCTTT,0.00272,None,TRBJ1-1*01,TRBD2*01,1
CAVHRTGGGNKLTF,TGTGCTGTGCACCGCACGGGAGGAGGAAACAAACTCACCTTT,0.0,TRBV7-9*04,None,TRBD2*02,1
CASSPGFNRANQPQHF,TGTGCCAGCAGCCCCGGATTTAACAGGGCCAATCAGCCCCAGCATTTT,0.0057,None,TRBJ1-5*01,TRBD2*02,1
CASSPNRGRGENTEAFF,TGTGCCAGCAGTCCAAACAGGGGGCGCGGTGAGAACACTGAAGCTTTCTTT,0.01464,TRBV12-4*01,None,TRBD2*01,1
CAVQGVTGGGNKLTF,TGTGCTGTGCAGGGGGTCACGGGAGGAGGAAACAAACTCACCTTT,0.0,TRBV4-1*01,None,TRBD2*02,1
CAVEQGLTGGGNKLTF,TGTGCTGTGGAGCAGGGACTCACGGGAGGAGGAAACAAACTCACCTTT,0.0,TRBV14*02,None,TRBD2*02,1
CVRAILHF,TGTGTCAGGGCAATCTTGCATTTT,0.0,TRBV10-3*03,None,None,1
CGILNVYTF,TGTGGAATACTCAATGTGTACACCTTT,0.0,TRBV7-3*01,None,None,1
CASSPPGNTEAFF,TGTGCCAGCAGCCCCCCAGGGAACACTGAAGCTTTCTTT,0.01464,TRBV4-2*01,None,None,1
CASSVGGSNQPQHF,TGTGCCAGCAGCGTAGGAGGGAGCAATCAGCCCCAGCATTTT,0.0057,None,TRBJ1-5*01,TRBD2*02,1
CAWIGTSGEQFF,TGTGCCTGGATTGGGACCTCCGGTGAGCAGTTCTTC,1.0e-5,TRBV30*03,None,TRBD2*02,1
CASSFRGDRNEQFF,TGTGCCAGCTCTTTCCGAGGTGACCGAAATGAGCAGTTCTTC,0.05309,TRBV6-6*05,None,None,1
CASSPMGGWAAGAFF,TGTGCCAGCAGCCCCATGGGCGGGTGGGCAGCCGGAGCTTTCTTT,0.00377,TRBV4-2*01,None,TRBD2*01,1
CSARITGERLYNEQFF,TGCAGTGCTAGAATCACGGGGGAACGGTTATACAATGAGCAGTTCTTC,0.00016,None,TRBJ2-1*01,TRBD2*01,1
CSVLFFF,TGCTCAGTTTTGTTTTTTTTT,0.0,None,TRBJ1-4*01,None,1
CATSRDSTEHQPQHF,TGTGCCACCAGCAGAGATTCGACAGAGCATCAGCCCCAGCATTTT,9.0e-5,TRBV15*02,None,TRBD2*02,1
CASYATDGSYEQYF,TGTGCCAGCTACGCGACAGATGGGTCCTACGAGCAGTACTTC,6.0e-5,TRBV7-9*06,None,TRBD2*01,1
CPPHLAFFFFFFFFF,TGCCCACCACACCTGGCTTTTTTTTTTTTTTTTTTTTTTTTTTTT,0.0,None,TRBJ2-2*01,None,1
CASKGLGEETQYF,TGCGCCAGCAAAGGACTAGGGGAAGAGACCCAGTACTTC,0.0003,TRBV5-1*01,None,TRBD2*02,1
CSSGLMAKTRNFVLCLAERALAFF,TGCAGCTCTGGGTTAATGGCAAAGACCCGCAACTTTGTCCTTTGCCTGGCAGAGAGGGCTTTGGCTTTCTTC,0.0,TRBV29-1*01,None,TRBD2*02,1
CSVGFVFLFCFFFFFSFLFF,TGCTCTGTTGGTTTTGTTTTTTTGTTTTGCTTTTTTTTTTTTTTTTCTTTTTTGTTTTTT,0.0,None,TRBJ1-5*01,None,1
CATSAGRGSGANVLTF,TGTGCCACCAGTGCCGGCAGTGGCTCTGGGGCCAACGTCCTGACTTTC,0.0,TRBV24/OR9-2*01,None,TRBD2*01,1
CASRFRQGTYEQYF,TGCGCCAGCAGGTTTCGACAGGGGACCTACGAGCAGTACTTC,0.00839,TRBV5-1*01,None,TRBD1*01,1
CASSRTYEQYF,TGTGCCAGCAGCAGAACTTACGAGCAGTACTTC,0.04517,TRBV2*02,None,None,1
CASSPQIGAGSHNEQFF,TGTGCCAGCAGCCCCCAAATCGGTGCAGGGTCCCACAATGAGCAGTTCTTC,0.05309,None,TRBJ2-1*01,TRBD2*02,1
CASSYRLGSPFSYEQYF,TGTGCCAGCAGTTACCGCCTAGGAAGCCCTTTCTCCTACGAGCAGTACTTC,0.04517,TRBV6-3*01,None,None,1
CTRCESGIQLHPLCMSYYSVFLYFFLFF,TGTACACGATGTGAATCAGGAATCCAATTACATCCTTTGTGCATGTCATACTACAGTGTTTTCCTTTACTTTTTTTTGTTTTTT,0.0,TRBV14*01,None,None,1
CASRQGRVWQPQHF,TGTGCCAGCAGGCAAGGAAGGGTCTGGCAGCCCCAGCATTTT,0.00106,TRBV2*03,None,TRBD2*01,1
CGICLFF,TGTGGCATTTGTTTGTTCTTT,0.0,TRBV10-3*01,None,None,1
CASRQGRVWQPQHF,TGTGCCAGCAGGCAAGGAAGGGTCTGGCAGCCCCAGCATTTT,0.00106,TRBV6-6*03,None,TRBD2*01,1
CASSAIRELYDGYTF,TGTGCCAGCAGCGCCATTAGAGAACTGTACGATGGCTACACCTTC,0.00098,TRBV9*02,None,None,1
CASSSDRENEQFF,TGTGCCAGCAGTTCAGACAGGGAGAATGAGCAGTTCTTC,0.05309,TRBV7-9*03,None,TRBD2*02,1
CASSPKGRANTEAFF,TGTGCCAGCAGTCCGAAGGGTAGAGCGAACACTGAAGCTTTCTTT,0.01464,None,TRBJ1-1*01,None,1
CASSLAVGNWNTEAFF,TGCGCCAGCAGCTTGGCCGTCGGCAATTGGAACACTGAAGCTTTCTTT,0.01464,TRBV5-1*01,None,None,1
CASSLGGAQGQPQHF,TGTGCCAGCAGTTTAGGAGGGGCACAAGGACAGCCCCAGCATTTT,0.0057,TRBV12-4*01,None,TRBD2*02,1
CASSLGGVGDTQYF,TGTGCCAGCAGCTTAGGAGGGGTCGGAGATACGCAGTATTTT,0.02133,None,TRBJ2-3*01,TRBD2*02,1
CASSPGFNRANQPQHF,TGTGCCAGCAGCCCCGGATTTAACAGGGCCAATCAGCCCCAGCATTTT,0.0057,TRBV7-8*03,None,TRBD2*02,1
CPSFVNSQFF,TGCCCAAGCTTTGTGAACAGCCAGTTTTTC,0.0,TRBV29/OR9-2*02,None,None,1
CASSYRPAGVAKNIQYF,TGTGCCAGCAGCTACAGGCCTGCCGGGGTAGCCAAAAACATTCAGTACTTC,0.00106,TRBV5-8*01,None,TRBD2*01,1
CASSQSPTGGASNEQFF,TGTGCCAGCAGTCAATCCCCTACGGGGGGGGCTTCAAATGAGCAGTTCTTC,0.05309,TRBV12-4*02,None,TRBD2*01,1
CATSSGGVLGNQPQHF,TGTGCCACCAGCAGTGGTGGCGTCCTCGGCAATCAGCCCCAGCATTTT,9.0e-5,None,TRBJ1-5*01,TRBD2*01,1
CVLFFFYQEAPPPQFLFF,TGTGTTCTTTTTTTTTTTTACCAGGAGGCGCCCCCCCCACAATTTCTCTTTTTC,0.0,TRBV14*02,None,None,1
CASSHSETNTGELFF,TGTGCCAGCAGCCACTCAGAAACGAACACCGGGGAGCTGTTTTTT,0.01707,None,TRBJ2-2*01,TRBD2*01,1
CASSESSGRGNTQYF,TGTGCCAGCAGTGAATCAAGCGGGCGAGGTAATACGCAGTATTTT,0.02133,None,TRBJ2-3*01,TRBD2*02,1
CVHFFFFFFCFFF,TGTGTTCATTTTTTTTTTTTTTTTTTTTGTTTTTTTTTT,0.0,None,TRBJ1-4*01,None,1
CGVRGEIPLFTFFFFFLFF,TGTGGGGTCAGAGGTGAAATTCCCCTTTTTACTTTTTTTTTTTTTTTTTTATTTTTT,0.0,TRBV9*03,None,None,1
CAAPRLANFFFFFFFFFFF,TGTGCAGCACCACGCCTGGCTAATTTTTTTTTTTTTTTTTTTTTTTTTTTTTTTTTT,0.0,None,TRBJ2-2*01,None,1
CASSLGLSGTTDTQYF,TGCGCCAGCAGCTTGGGTCTTAGCGGGACCACAGATACGCAGTATTTT,0.02133,TRBV5-1*01,None,TRBD2*02,1
CASSVGTGGGYTF,TGTGCCAGCAGTGTGGGGACAGGGGGCGGCTACACCTTC,0.00098,TRBV2*01,None,TRBD1*01,1
CSARDRDGYNSPLHF,TGCAGTGCTAGAGATCGGGACGGCTATAATTCACCCCTCCACTTT,1.0e-5,TRBV20/OR9-2*01,None,TRBD2*02,1
CPPLPCRISRYHFRMGGDTGYQYF,TGTCCTCCACTGCCATGTAGAATTTCAAGGTATCACTTCAGGATGGGAGGTGATACAGGTTATCAGTATTTC,0.0,TRBV22/OR9-2*01,None,TRBD2*02,1
CANHHNVPFSFLILFIWVLSLFF,TGTGCTAACCATCATAATGTTCCTTTCTCATTTCTGATTTTATTTATTTGGGTCTTATCTCTTTTTTTC,0.0,TRBV9*01,None,None,1
CASSLGRYEQYF,TGTGCCAGCAGCTTAGGCCGCTACGAGCAGTACTTC,0.04517,None,TRBJ2-7*01,None,1
CAAINTGTASKLTF,TGTGCAGCAATTAATACCGGCACTGCCAGTAAACTCACCTTT,0.0,TRBV3-2*03,None,None,1
CASSPGGGADTQYF,TGTGCCAGCTCACCAGGTGGGGGTGCAGATACGCAGTATTTT,0.02133,None,TRBJ2-3*01,TRBD2*01,1
CSATRTAYNSPLHF,TGCAGTGCTACTAGGACGGCTTATAATTCACCCCTCCACTTT,0.0,TRBV20/OR9-2*03,None,None,1
CASSLGDRGPNQPQHF,TGCGCCAGCAGCTTGGGGGACAGGGGGCCTAATCAGCCCCAGCATTTT,0.0057,None,TRBJ1-5*01,TRBD1*01,1
CSSSAKWSGWTTVASRKHGARTSALHF,TGCTCCAGCAGTGCCAAGTGGTCAGGCTGGACGACTGTGGCCTCACGGAAGCACGGTGCAAGGACATCAGCTCTGCACTTC,0.0,TRBV25/OR9-2*01,None,TRBD2*02,1
CASSLNQGNSPLHF,TGTGCCAGCAGCTTAAACCAGGGGAATTCACCCCTCCACTTT,0.00183,None,TRBJ1-6*02,None,1
CASKTSGGGLDEQFF,TGTGCCAGCAAAACTAGCGGGGGGGGCCTCGATGAGCAGTTCTTC,0.00074,TRBV12-3*01,None,TRBD2*01,1
CSARARGVHNTGELFF,TGCAGTGCTAGAGCCCGAGGGGTCCACAACACCGGGGAGCTGTTTTTT,5.0e-5,TRBV20/OR9-2*01,None,TRBD2*01,1
CSARDLGLAGSTDTQYF,TGCAGTGCTAGAGATCTGGGACTAGCGGGGAGCACAGATACGCAGTATTTT,6.0e-5,None,TRBJ2-3*01,TRBD2*01,1
CASSASYEQFF,TGCGCCAGCAGCGCTAGTTACGAGCAGTTCTTC,0.05309,None,TRBJ2-1*01,None,1
CASSPRGYNEPFF,TGTGCCAGCAGCCCCCGGGGGTACAATGAGCCGTTCTTC,0.0,None,TRBJ2-1*01,TRBD2*01,1
CSATLVVFFF,TGCTCGGCCACCTTGGTAGTCTTCTTCTTC,0.0,None,TRBJ2-1*01,None,1
CASSLSGGGRNEQFF,TGTGCCAGCAGCTTGTCGGGCGGGGGAAGGAATGAGCAGTTCTTC,0.05309,None,TRBJ2-1*01,TRBD2*01,1
