#count	frequency	CDR3nt	CDR3aa	V	D	J	C
13	2.549020e-01	TGTGCCAGCAGTGAAGGCCCGGGGGGAAGCTCCTACAATGAGCAGTTCTTC	CASSEGPGGSSYNEQFF	TRBV2*01	TRBD2*01	TRBJ2-1*01	TRBC
12	7.540259e-02	TGTCAACAGGGTTACAGTACCCCGTACACTTTT	CQQGYSTPYTF	IGKV1-39*01	*	IGKJ2*01	IGKC
10	5.813615e-02	TCTATGAGAGACACAGTGTGGAAACCCACATCCCGAGGGAGTCAGAAACCCCGAGGGAGGAGGCAGCTGTGCTGAGCTGAGGCAGTGGTGCAGCAGTTTCTTTAACTTCCATATGATCTCATTTTGCATCATCTTCTACTTTTATATTAGCTAAGAACTTGG	partial	IGHV7-40*03	*	*	*
7	4.069531e-02	TGTGTTCAGGGGGGGAGATGGCTGCACTCGCGGTGCTTCCAACACTGG	CVQGGRWLHSRCFQHW	IGHV3-43D*03	IGHD5-24*01	IGHJ1*01	IGHG1
7	4.069531e-02	TGTCAACAGAGTTACGTTACCCCATACACTTTT	CQQSYVTPYTF	IGKV1D-16*01	*	IGKJ2*01	IGKC
5	2.906808e-02	TGCTGCTCATATACAGTGAACTTTGTGGTCTTC	partial	IGLV2-8*01	*	*	IGLC
5	2.906808e-02	TGTACCACACTGAAACGCACAGTTGGCTACAATTTTGACTCCTGG	CTTLKRTVGYNFDSW	IGHV3-15*01	IGHD5-24*01	IGHJ4*02	*
5	2.906808e-02	TGTGCAAGACACGCAGTGTGAAAACCCACATCCTGAGAGTGTCAGAAACCTTGAGGAAGGAGGCAGCTGTGCTGG	partial	IGHV1-24*01	*	*	*
4	2.325446e-02	TGTGCGACTTATGATAGCCTCGTGGGCTTTGACTACTGG	CATYDSLVGFDYW	IGHV3-48*03	IGHD3-22*01	IGHJ4*02	*
4	2.325446e-02	TGTCAACAGAGTTACATTATCCCTCCGACTTTT	CQQSYIIPPTF	IGKV1-39*01	*	IGKJ2*01	IGKC
4	2.325446e-02	TGTGCGAGAGATAATCCA	partial	IGHV1-69*01	*	*	*
3	1.965002e-02	TGTCAACAGAGTTACGTTACCCCATACACTTTT	CQQSYVTPYTF	IGKV1-39*01	*	IGKJ2*01	IGKC
3	1.744085e-02	TGTGCGAGAAATCCCCTGCCTTATTTTGGTTCGGGGAGTTAT	partial	IGHV3-21*01	*	*	IGHG1
3	5.882353e-02	TGTGCTCTGAGGGGCTCAGGATACAGCACCCTCACCTTT	CALRGSGYSTLTF	TRAV19*01	*	TRAJ11*01	TRAC
3	1.744085e-02	TGTCTACAAGATTACACTTACCCGTACACCTTT	CLQDYTYPYTF	IGKV1-6*01	*	IGKJ2*01	IGKC
3	5.882353e-02	TAACACAGTGTGATTTATAACCAGGGAGGAAAGCTTATCTTC	partial	*	*	TRAJ23*01	TRAC
3	5.882353e-02	TGTGCCACCTGGGACAGGCACAGTGATTCAGACCTGTCCTACACCACACTGAAAATCTGCCTTGTGGCTGCCTCTGGTACACAAGATAGAGCCGCCCCCTCTCATTTC	partial	TRGV5P*01	*	*	TRGC
3	1.744085e-02	TGTCAGGCGTGGGACGGGAACACTGTGATTTTC	partial	IGLV3-1*01	*	*	IGLC
3	1.744085e-02	TGTACCACGAGTGTCCATTCCTATGATAGTAGTGGTCCTCCCCTCAACTTTATGCTTAAGTATGCTTTTGATACCTGG	CTTSVHSYDSSGPPLNFMLKYAFDTW	IGHV3-15*01	IGHD3-22*01	IGHJ3*02	IGHG1
2	1.552235e-02	TGCTGCTCATATGCAGGTAGTAGCTCTTGGGTGTTC	CCSYAGSSSWVF	IGLV2-23*01	*	IGLJ3*02	IGLC
2	1.546422e-02	TGTCAACAGGGTTACATTATTCCTCGGACTTTT	CQQGYIIPRTF	IGKV1-39*01	*	IGKJ2*01	IGKC
2	1.162723e-02	TGTGGCAGTCTCTCCTATCTTTCGGGCAGCGACTGG	partial	IGHV4-30-2*04	*	*	*
2	1.162723e-02	TGCCAGTCCTATGACAGCGGTTTGAGAGGAGTGTTC	CQSYDSGLRGVF	IGLV1-40*01	*	IGLJ3*02	IGLC
2	1.162723e-02	TGCAGCTCATATACAACCAGTAGCACCCTTTGGGTGTTC	CSSYTTSSTLWVF	IGLV2-14*01	*	IGLJ3*02	IGLC
2	1.162723e-02	TGGGACACCTATGTGATGTTC	partial	*	*	IGLJ3*02	IGLC
2	3.921569e-02	TGTGCCGTGAATACCCCCACAGGCTTTCAGAAACTTGTATTT	CAVNTPTGFQKLVF	TRAV8-1*01	*	TRAJ8*01	TRAC
2	1.162723e-02	TGTGCGAGACACACAGTGAGGGGAGGTGAGTGTGAGCCCAGACAAAAA	partial	IGHV4-39*01	*	*	*
2	3.921569e-02	TGTGCCAGCAGTTCGTGGCGGGGGCGGGGAAGCACAGATACGCAGTATTTT	CASSSWRGRGSTDTQYF	TRBV7-9*01	TRBD2*01	TRBJ2-3*01	TRBC
2	3.921569e-02	TGTGCCCTCGAACAATGGGATGGAGGAAGCCAAGGAAATCTCATCTTT	CALEQWDGGSQGNLIF	TRAV12-1*01	*	TRAJ42*01	TRAC
2	1.162723e-02	TGTGCAAGAGATCAGGTGGGCTTCGATCTCTGG	CARDQVGFDLW	IGHV3-13*01	IGHD5-12*01	IGHJ2*01	*
2	1.162723e-02	TGTGCGCGAGCGGGGGATTATTTTGATAGTAGTGGTTTTGGGTACCACTACTACGGTATGGACGTCTGG	CARAGDYFDSSGFGYHYYGMDVW	IGHV4-31*01	IGHD3-22*01	IGHJ6*01	*
2	3.921569e-02	TGTGCATCAGGAGGAAGCTACATACCTACATTT	partial	TRAV1-1*01	*	TRAJ6*01	TRAC
2	3.921569e-02	TGTGCCAGCAGTTTAGTTGTTAGCGGGAGGGCCGAGCAGTACTTC	CASSLVVSGRAEQYF	TRBV28*01	TRBD2*02	TRBJ2-7*01	TRBC
2	3.921569e-02	TGTGCAATGAGAGAGGGCGGAGAAATAACAATGCCAGACTCATGTTT	partial	*	*	TRAJ31*01	TRAC
2	1.162723e-02	TGTCAGGTGTGGGATGATGTTACTGGCTTTGTCTTT	CQVWDDVTGFVF	IGLV3-21*02	*	IGLJ1*01	IGLC
2	1.162723e-02	TGTCAGGTGTGGGACAGTAGTAGTGATTATGTGGTTTTC	CQVWDSSSDYVVF	IGLV3-12*01	*	IGLJ2*01	IGLC
2	1.162723e-02	TGTGCGAGAGGCACAGTGAGGGGAGGGGTCCTGTCCCAG	partial	IGHV4-34*01	*	*	*
2	1.162723e-02	TGTGCGAGAGACCCCCGGCGGGGTCACGATCTTCTCTACGGTGTGGACGTCTGG	CARDPRRGHDLLYGVDVW	IGHV4-4*08	IGHD4-17*01	IGHJ6*01	*
2	1.162723e-02	TGTGCGAAAGAGCTGACTGACTACCCT	partial	IGHV3-30*18	*	*	*
2	1.162723e-02	TGTCTACAACATTACGATTACCCATTCACTTTC	CLQHYDYPFTF	IGKV1-6*01	*	IGKJ3*01	IGKC
2	1.162723e-02	TGCGCGAGAGATCTCCGTGAATATTATGGTTCGGGGAGTTATTATATTCCTTCCTACTGG	CARDLREYYGSGSYYIPSYW	IGHV7-4-1*02	IGHD3-10*01	IGHJ4*02	*
2	1.162723e-02	TGCATGCAAAGTATACAACTTCTTCCAACTTTC	CMQSIQLLPTF	IGKV2D-29*01	*	IGKJ4*01	IGKC
2	1.162723e-02	TGTCAACAGAGTGACAGTACCCCTCCCACAGCGTTACAAGTCATAACATAATCCCCAAGGAAGCAGATGTGTGAGGCTGGGCTGCCCCAATGCTCCTTC	partial	IGKV1-39*01	*	*	IGKC
2	1.162723e-02	TCTTTTGATTCTCTGACCCCTCCTGCTGCTTTTGATATCTGG	partial	*	*	IGHJ3*02	IGHG2
2	3.921569e-02	TGTGCCAGCAGTGAATTTGAGGACAATCAGCCCCAGCATTTT	CASSEFEDNQPQHF	TRBV25-1*01	TRBD1*01	TRBJ1-5*01	TRBC
2	1.162723e-02	AGGACCTTTGACAACTGG	partial	*	*	IGHJ4*02	IGHG2
2	1.162723e-02	TGCCTGCTCTACTATGGTGGTGCTTATGTCTTC	CLLYYGGAYVF	IGLV7-43*01	*	IGLJ1*01	IGLC
2	1.162723e-02	TGCAGTTCATATACAAGCAGTGCCCCTTTCGAGGGGGTCTTC	CSSYTSSAPFEGVF	IGLV2-5*02	*	IGLJ1*01	IGLC
2	1.162723e-02	TGTCAACAGGGTTACCTTATCCCTCGGACGTTC	CQQGYLIPRTF	IGKV1-39*01	*	IGKJ1*01	IGKC
2	1.162723e-02	TGTCAACAGAATTACATTACCCCTCCGTGGACGTTC	CQQNYITPPWTF	IGKV1-39*01	*	IGKJ1*01	IGKC
2	1.162723e-02	TGTCAACAGAGTCACAGTATCCCTCGAACTTTC	CQQSHSIPRTF	IGKV1-39*01	*	IGKJ3*01	IGKC
2	1.162723e-02	TGTGCGACAATCTCTCGGCAGCTGCCCACACCTAATTACTGG	CATISRQLPTPNYW	IGHV1-2*02	IGHD2-2*01	IGHJ4*02	IGHG1
2	3.921569e-02	TGTAACACCAATGCAGGCAAATCAACCTTT	partial	TRAV16*01	*	TRAJ27*01	TRAC
2	3.921569e-02	TGCAGTGCTAGAGAAACAGCGCCAGGAGGGGATCAGACACCGCGGCAAGAACCC	partial	TRBV20-1*01	*	*	TRBC
2	3.921569e-02	TGTGCCACCTGGGACAGGCACAGTGATTCACACCTGCCCTAC	partial	TRGV5*01	*	*	TRGC
1	7.732109e-03	TGCTGCTCATATGCAGGTAGTAATACTTGGGTGTTC	CCSYAGSNTWVF	IGLV2-23*01	*	IGLJ3*02	IGLC
1	5.813615e-03	TGTACCAGATCCGCCCTTGACTAC	partial	IGHV3-15*07	*	*	*
1	1.960784e-02	CAGGGTGTGGACACGGGCAGGAGAGCACTTACTTTT	partial	*	*	TRAJ5*01	TRAC
1	5.813615e-03	TGCGGCTCATATTCAGGCAGCAACAATCTTTGGGTGATT	CGSYSGSNNLWVI	IGLV2-8*01	*	IGLJ3*02	IGLC
1	5.813615e-03	TGTGTGCTGTATTTGGGTAGTGGCATTTCGGTGTTC	CVLYLGSGISVF	IGLV8-61*01	*	IGLJ3*02	IGLC
1	1.960784e-02	TGTGCCACCTGGGACAGGCACAGTGATTCAGACCTGTCCTACACCACA	partial	TRGV5P*01	*	*	TRGC
1	5.813615e-03	TGTGCGAAGTCCTCAAGTGGCTACGATTGG	partial	IGHV3-23*01	*	*	IGHG1
1	5.813615e-03	TGTCAGCAATATTTTATTCCTCGTCAGGTCAGTTTC	partial	IGKV4-1*01	*	*	IGKC
1	5.813615e-03	TGTGCGAAGGNNNNNNNCGAAGGCCGCACAGCCTCTCCGCTACGATAGTGCTGGTTATTATTCGAATCGACGCGGATACTTTGACTCCTGG	partial	IGHV3-23*01	*	IGHJ4*02	*
1	5.813615e-03	TGTCAGCAGAGTCACAGTACCCCTTACACTTTT	CQQSHSTPYTF	IGKV1-39*01	*	IGKJ2*01	IGKC
1	5.813615e-03	TGTCACCAATATTATAGTATTCCCCGATCCTTC	CHQYYSIPRSF	IGKV4-1*01	*	IGKJ5*01	IGKC
1	5.813615e-03	TGTGCGAGAGCGGAGTGG	partial	IGHV4-30-2*01	*	*	*
1	5.813615e-03	TGTAGTTCCCGGGACAGCGATGGTGACCCTCATGTGCTATTC	CSSRDSDGDPHVLF	IGLV3-19*01	*	IGLJ2*01	IGLC
1	5.813615e-03	TGTCAGCACTATGGTACCTCGCCTCCTGTCACC	partial	IGKV3-20*01	*	*	IGKC
1	1.960784e-02	CGTGCCAGCAGCTCAGAGAGG	partial	TRBV7-6*01	*	*	TRBC
1	5.813615e-03	TGTCAACAGACTGACAGTCTCCCGCTC	partial	IGKV1-12*01	*	*	IGKC
1	1.960784e-02	CCAGGGGGATACAATGAGCAGTTCTTC	partial	*	*	TRBJ2-1*01	TRBC
1	5.813615e-03	TGTATGATATCTTTGAGCAGTGGCGTCTGG	partial	IGLV8-61*01	*	*	IGLC
1	5.813615e-03	TGTCAACAACGTAGCAACTGGCCCCTCACTTTC	CQQRSNWPLTF	IGKV3-11*01	*	IGKJ3*01	IGKC
1	5.813615e-03	TGTNNNNNNNTACTGTCAACAGGGTTACATTATTCCTCGGACTTTT	partial	IGKV1-39*01	*	IGKJ2*01	IGKC
1	5.813615e-03	TGCATGCAAGGTACACACTGGCCTCCGAACACTTTT	CMQGTHWPPNTF	IGKV2-30*01	*	IGKJ2*01	IGKC
1	5.813615e-03	TGCGGCTCATATTCAGGCAGCAACAATCTTTGGGTGTTC	CGSYSGSNNLWVF	IGLV2-8*01	*	IGLJ3*02	IGLC
1	5.813615e-03	TGTCACAAACACATTAGCGGG	partial	IGHV1-46*01	*	*	*
1	5.813615e-03	TGTACCACAGAGATCCGTTATCCAAAATATGCTTTTGAGATCTGG	CTTEIRYPKYAFEIW	IGHV3-15*01	IGHD3-16*01	IGHJ3*02	*
1	5.813615e-03	TGTGCGAGCCCGCGCCCCGGGGGTATGGACTCGGGGCTCTTG	partial	IGHV3-66*01	*	*	IGHG1
1	5.813615e-03	TGTACCAGATCCGCCCTTGACTACGNNNNNNNCTATGTGGGGAGTGATGATGCCTTTGATGTCTGG	partial	IGHV3-15*01	*	IGHJ3*01	IGHG1
1	5.813615e-03	TGTGTGCTGAATCTGGGTAGTGGCATTTCGGTATTC	CVLNLGSGISVF	IGLV8-61*01	*	IGLJ3*02	IGLC
1	5.813615e-03	TGTGCGAGAGGCACAGTGAGGGGAGTATGTCACAGAAAACCACACCAACATCAC	partial	IGHV4-34*01	*	*	*
1	5.813615e-03	TGTGCGAGGGGGCTGAAACCCACTGCCAGCCCACTTGTGTTC	partial	IGHV3-66*01	*	*	*
1	1.960784e-02	TGCATCGTCAGAGTCGCTAGTAGAGATGACAAGATCATCTTT	CIVRVASRDDKIIF	TRAV26-1*01	*	TRAJ30*01	TRAC
1	5.813615e-03	TGTAAACAGGGTTACATTATTCCTCGGACTTTT	CKQGYIIPRTF	IGKV1-17*01	*	IGKJ2*01	IGKC
1	1.960784e-02	TGTGCAGGGCAGGGAGGTAGCAACTATAAACTGACATTT	CAGQGGSNYKLTF	TRAV25*01	*	TRAJ53*01	TRAC
1	5.813615e-03	TGTACCACGAGTGTCCATTCCTATGATAGTAGTGGTCCTCCCCTCAACTTTATGCTTAAGTATGCTTTTGATACCTGC	CTTSVHSYDSSGPPLNFMLKYAFDTC	IGHV3-15*01	IGHD3-22*01	IGHJ3*02	IGHG1
1	5.813615e-03	TGTCTTCTGCATCTGCGG	partial	IGLV8-61*01	*	*	IGLC
1	5.813615e-03	TGTGCAAAAGATACACAGTGAGGAGAAGTCAGT	partial	IGHV3-43D*03	*	*	*
1	5.813615e-03	TGTGCGCTCCTCACTAGGCAACTGAGACCCAACTGGTTCGACCCCTGG	CALLTRQLRPNWFDPW	IGHV1-2*02	IGHD1-1*01	IGHJ5*02	IGHG1
1	1.960784e-02	TGCCTCGTGGGTGACACACAGTGAGACAGATGGGCCTGCACCTGTGCCGTTTTC	partial	TRAV4*01	*	*	TRAC
1	5.813615e-03	TGTCAACAGAGTGACAGTACCCCTCCCACAGCGTTACAAGTCATAACA	partial	IGKV1-NL1*01	*	*	IGKC
1	5.813615e-03	TGTCAACAGTATGACACTCTCCCTCGCACTTTC	CQQYDTLPRTF	IGKV1-33*01	*	IGKJ4*01	IGKC
1	5.813615e-03	TGCCAACAGTATAATACTTATCCGTACACTTTT	CQQYNTYPYTF	IGKV1-5*03	*	IGKJ2*01	IGKC
1	5.813615e-03	TGCGGAACATGGGATAGCAGCCTGAGTGCTGTGGTCTTC	partial	IGLV1-51*01	*	*	IGLC
1	5.813615e-03	TGTGCGAGAGTCCCAATTAGTATGATTCGGGGAGTTATACCCTGGTTCGACCCCTGG	CARVPISMIRGVIPWFDPW	IGHV1-46*01	IGHD3-10*02	IGHJ5*02	IGHG1
1	5.813615e-03	GACACTCCGAGTGGCCCTACATGGGTGTTC	partial	*	*	IGLJ3*02	IGLC
1	5.813615e-03	AGTAAAATGGTGACGACGGTCTGG	partial	*	*	IGHJ4*02	IGHG1
1	1.960784e-02	AGTTCCCGCCCCGGACAAATCCCGCTAAATAAACTGTTTTTT	partial	*	*	TRBJ1-4*01	TRBC
1	5.813615e-03	TGCTGCCCATATCCAGGCCCCTACATTTTGTTATTC	CCPYPGPYILLF	IGLV2-11*01	*	IGLJ2*01	IGLC
1	1.960784e-02	TGTGCCAGCAGCTGGGTCGGCCAGGGAAAATACGAGCAGTACTTC	CASSWVGQGKYEQYF	TRBV7-9*01	TRBD1*01	TRBJ2-7*01	TRBC
1	5.813615e-03	TGTGCGAAAAAGTCCCTTGGGGATGGTTATTACCCCTTTGACTACTGG	CAKKSLGDGYYPFDYW	IGHV3-23*01	IGHD2-21*01	IGHJ4*02	*
